"page","line","snippet"
"dashboard","625","state.settings.layoutLocked = !state.settings.layoutLocked; save(); render(""dashboard""); toast(state.settings.layoutLocked ? ""대시보드 배치를 저장하고 잠갔습니다."" : ""위젯을 끌어서 순서를 바꾸고 크기를 조절하세요.""); }"
"dashboard","641","await save(); openWidgetManager(); if (state.activePage === ""dashboard"") render(""dashboard""); }); $(""#drawerBody"").querySelectorAll(""[data-widget-settings]"").forEach((button) => button.onclick = () => openWidgetSettings(button.dataset.widgetSettings));"
"dashboard","665","state.settings.widgetSettings[key] = { ...state.settings.widgetSettings[key], width: next }; await save(); render(""dashboard""); }; strip.querySelector(""[data-widget-hide]"").onclick = async (event) => {"
"dashboard","672","state.settings.widgetSettings[key] = { ...state.settings.widgetSettings[key], visible: false }; await save(); render(""dashboard""); }; }"
"dashboard","695","state.settings.dashboardOrder = order; await save(); render(""dashboard""); toast(""위젯 순서를 저장했습니다.""); };"
"settings","859","lockSensitiveSession(); toast('민감정보 열람 비밀번호를 저장했습니다.'); if(state.activePage==='settings')render('settings'); } async function unlockSensitiveInfo(){"
"students","969","$$('[data-page]').forEach(x=>x.classList.toggle('active',x.dataset.page==='students')); $('#pageKicker').textContent='학생 기본정보 기준 원장'; $('#pageTitle').textContent='학생정보'; render('students'); requestAnimationFrame(()=>window.scrollTo(0,originScroll)); studentFocusContext=null; return; } const index=(readonlyCache?.students||[]).findIndex(item=>String(item.id)===String(student.id));"
"students","974","studentDashboardIndex=index>=0?index:0; studentPageMode=""dashboard""; state.activePage=""students""; save(); $$('[data-page]').forEach(x=>x.classList.toggle('active',x.dataset.page==='students')); $('#pageKicker').textContent='학생 기본정보 기준 원장'; $('#pageTitle').textContent='학생정보'; render('students'); window.scrollTo(0,originScroll); studentFocusContext=null; }"
"records","1013","recordQueryMode='student'; if(student){recordStudentId=student.id;recordClassNo=recordStudentClass(student)||recordClassNo;} render('records'); } if(page==='attendance'){"
"attendance","1018","attendanceMode=['official','late','night'].includes(target)?target:'statistics'; if(student)attendanceStatStudentFilter=attendanceStudentKey(student); render('attendance'); window.scrollTo(0,0); }"
"dorm","1538","function refreshDormRulesFromReadonly({rerender=true,silent=true}={}){ const rules=Array.isArray(readonlyCache?.dormRules)?readonlyCache.dormRules:[]; if(rerender&&dormMode==='outing')render('dorm'); if(!silent)toast(rules.length?`학사운영규칙 ${rules.length}건이 연결되어 있습니다.`:'학사운영규칙을 찾지 못했습니다.'); return rules.length>0;"
"dorm","1677","const saved=result.record||{...out,id:result.id||out.id}; const next=(Array.isArray(readonlyCache?.dormRules)?readonlyCache.dormRules:rules).filter(x=>String(x.id)!==String(saved.id)); next.push(saved);setDormRuleCache(next);closeDrawer();render('dorm');toast(copyMode?'규칙 복사본을 시트에 저장했습니다.':existing?'학사외출 규칙을 시트에 수정 저장했습니다.':'학사외출 규칙을 시트에 추가했습니다.'); }catch(error){if(button){button.disabled=false;button.textContent=copyMode?'복사본 저장':existing?'수정 저장':'규칙 추가';}toast(error?.message||'학사외출 규칙 저장에 실패했습니다.');} };"
"dorm","1687","const result=await window.schoolBoard?.saveDormRule?.({...rule,active:true,writer:currentLoginTeacherName()||'UEP',source:'UEP 규칙센터 활성화'}); if(!result?.ok)throw new Error(result?.reason||'활성화 실패'); const saved=result.record||{...rule,active:true};const next=(readonlyCache?.dormRules||rules).filter(x=>String(x.id)!==String(ruleId));next.push(saved);setDormRuleCache(next);render('dorm');toast('학사외출 규칙을 활성화했습니다.'); }catch(error){toast(error?.message||'학사외출 규칙 활성화에 실패했습니다.');} }"
"dorm","1696","const result=await window.schoolBoard?.deleteDormRule?.(ruleId); if(!result?.ok)throw new Error(result?.reason||'삭제 실패'); setDormRuleCache((readonlyCache?.dormRules||rules).filter(x=>String(x.id)!==String(ruleId)));render('dorm');toast('학사외출 규칙을 시트에서 삭제했습니다.'); }catch(error){toast(error?.message||'학사외출 규칙 삭제에 실패했습니다.');} }"
"attendance","2327","try{ const result=await window.schoolBoard.saveOfficialAttendance(payload); readonlyCache=result?.data||readonlyCache; attendanceViewDate=payload.date; officialClassFilter=""all""; officialStudentFilter=""all""; closeDrawer(); render(""attendance""); toast(row?""공결 기록을 수정했습니다."":""공결 기록을 등록했습니다.""); }catch(error){toast(error?.message||""공결 저장에 실패했습니다."");} };"
"attendance","2334","if(!row?.id)return; if(!confirm(`${row.date} ${row.studentNo} ${row.name} 공결 기록을 삭제할까요?`))return; try{const result=await window.schoolBoard.deleteOfficialAttendance(row.id);readonlyCache=result?.data||readonlyCache;render(""attendance"");toast(""공결 기록을 삭제했습니다."");}catch(error){toast(error?.message||""공결 삭제에 실패했습니다."");} }"
"attendance","2354","const minutes=Number($(""#lateMinutes"").value||0), cumulativeCount=previous.length+1, cumulativeMinutes=previous.reduce((sum,x)=>sum+Number(x.minutes||0),0)+minutes; const payload={id:row?.id||"""",studentId:student.id,studentNo:student.studentNo,name:student.name,grade:String(student.studentNo||"""").slice(0,1),className:classNumberOf(student),date:$(""#lateDate"").value,time:$(""#lateTime"").value,reason:$(""#lateReason"").value.trim(),minutes,cumulativeCount,cumulativeMinutes,guidance:$(""#lateGuidance"").value,note:$(""#lateNote"").value.trim(),editor:currentLoginTeacherName()}; try{const result=await window.schoolBoard.saveLateAttendance(payload);readonlyCache=result?.data||readonlyCache;attendanceViewDate=payload.date;closeDrawer();render(""attendance"");toast(row?""지각 기록을 수정했습니다."":""지각 기록을 등록했습니다."");}catch(error){toast(error?.message||""지각 저장에 실패했습니다."");} }; }"
"attendance","2360","if(currentRoleId()!==""admin""||!row?.id)return; if(!confirm(`${row.date} ${row.studentNo} ${row.name} 지각 기록을 삭제할까요?`))return; try{const result=await window.schoolBoard.deleteLateAttendance(row.id);readonlyCache=result?.data||readonlyCache;render(""attendance"");toast(""지각 기록을 삭제했습니다."");}catch(error){toast(error?.message||""지각 삭제에 실패했습니다."");} }"
"inputs","2882","async function inputCenterRunAutoOCR(drafts){ const targets=[];for(const d of drafts){d.ocrStatus='OCR처리중';d.ocrError='';const pages=Array.isArray(d.pages)&&d.pages.length?d.pages:[{filePath:d.filePath}];pages.forEach((p,i)=>{if(p.filePath)targets.push({key:`${d.draftId}::${i}`,path:p.filePath});});} render('inputs');if(!targets.length)return; const result=await window.schoolBoard?.runInputOCR?.({files:targets});if(!result?.ok){drafts.forEach(d=>{d.ocrStatus='OCR오류';d.ocrError=result?.reason||'로컬 OCR 호출 실패';});render('inputs');return;} const byKey=new Map((result.results||[]).map(x=>[x.key,x]));"
"inputs","2883","const targets=[];for(const d of drafts){d.ocrStatus='OCR처리중';d.ocrError='';const pages=Array.isArray(d.pages)&&d.pages.length?d.pages:[{filePath:d.filePath}];pages.forEach((p,i)=>{if(p.filePath)targets.push({key:`${d.draftId}::${i}`,path:p.filePath});});} render('inputs');if(!targets.length)return; const result=await window.schoolBoard?.runInputOCR?.({files:targets});if(!result?.ok){drafts.forEach(d=>{d.ocrStatus='OCR오류';d.ocrError=result?.reason||'로컬 OCR 호출 실패';});render('inputs');return;} const byKey=new Map((result.results||[]).map(x=>[x.key,x])); for(const d of drafts){const pages=Array.isArray(d.pages)&&d.pages.length?d.pages:[{filePath:d.filePath}];const texts=[],engines=new Set(),errors=[];pages.forEach((p,i)=>{const r=byKey.get(`${d.draftId}::${i}`);if(!r)return;if(r.ok&&r.text)texts.push(`[${i+1}페이지]\n${r.text}`);if(r.engine)engines.add(r.engine);if(!r.ok)errors.push(`${i+1}p ${r.reason||r.status||'OCR 실패'}`);});d.text=texts.join('\n\n').trim();d.rawText=d.text;d.ocrEngine=[...engines].join(' + ');d.ocrError=errors.join(' / ');d.ocrStatus=errors.length?(d.text?'OCR확인필요':'OCR오류'):(d.text?'OCR완료':'OCR확인필요');inputCenterApplyOcrMatch(d);}"
"inputs","2886","const byKey=new Map((result.results||[]).map(x=>[x.key,x])); for(const d of drafts){const pages=Array.isArray(d.pages)&&d.pages.length?d.pages:[{filePath:d.filePath}];const texts=[],engines=new Set(),errors=[];pages.forEach((p,i)=>{const r=byKey.get(`${d.draftId}::${i}`);if(!r)return;if(r.ok&&r.text)texts.push(`[${i+1}페이지]\n${r.text}`);if(r.engine)engines.add(r.engine);if(!r.ok)errors.push(`${i+1}p ${r.reason||r.status||'OCR 실패'}`);});d.text=texts.join('\n\n').trim();d.rawText=d.text;d.ocrEngine=[...engines].join(' + ');d.ocrError=errors.join(' / ');d.ocrStatus=errors.length?(d.text?'OCR확인필요':'OCR오류'):(d.text?'OCR완료':'OCR확인필요');inputCenterApplyOcrMatch(d);} render('inputs');toast(`로컬 OCR 완료 · 자동매칭 ${drafts.filter(x=>x.studentNo).length}건 · 확인필요 ${drafts.filter(x=>!x.studentNo||/오류|확인필요/.test(String(x.ocrStatus||''))).length}건`); } async function inputCenterSelectFiles(){"
"inputs","2895","const target=inputCenterBatchExpectedCount(), per=Math.max(1,Number(inputCenterConfig.pagesPerStudent||1)); const expected=({'Excel·CSV':'교사 파일','문서 파일':'교사 파일'}[inputCenterConfig.source]||inputCenterConfig.source)==='수기 스캔'&&target?target*per:0; render('inputs'); if(expected&&incoming.length!==expected) toast(`배치 예상 ${expected}파일과 실제 ${incoming.length}파일이 다릅니다. 자료는 가져왔으며 확인 필요 항목에서 검수할 수 있습니다.`); else toast(({'Excel·CSV':'교사 파일','문서 파일':'교사 파일'}[inputCenterConfig.source]||inputCenterConfig.source)==='수기 스캔'?`${incoming.length}장 → ${Math.ceil(incoming.length/per)}개 학생 보고서 묶음으로 가져왔습니다.`:`${incoming.length}개 파일을 배치로 가져왔습니다.`);"
"inputs","2920","} if(inputCenterConfig.storageMode==='local') inputCenterLocalHistory.unshift(...rows.map(r=>({...r,source:payload.source,type:payload.type,subtype:payload.subtype,title:payload.title||r.fileName,storageMode:'local',savedAt:new Date().toISOString(),createdAt:new Date().toISOString()}))); inputCenterDrafts=[]; await refreshReadonlyCacheSilently({force:true,rerender:false}); if(inputCenterConfig.storageMode==='uep'){inputCenterConfig.tab='library';inputCenterConfig.batchFilter=batchId;inputCenterConfig.historyMode='active';} render('inputs'); if(inputCenterConfig.storageMode==='uep') toast(`입력센터 원본 저장 완료 · 신규 ${result.newCount||0} · 갱신 ${result.updateCount||0} · 중복 제외 ${result.duplicateCount||0} · 02 검수·분류로 이동했습니다.`); else toast(`${result.count||rows.length}건을 내 PC 로컬에 저장했습니다.`);"
"inputs","2955","$$('[data-input-rotate]').forEach(b=>b.onclick=()=>{const i=Number(b.dataset.inputRotate),img=$(`[data-input-page-img=""${i}""]`);if(!img)return;assets[i].rotation=(assets[i].rotation+90)%360;img.style.transform=`rotate(${assets[i].rotation}deg)`;}); $$('[data-input-open-asset]').forEach(b=>b.onclick=()=>window.schoolBoard?.openInputAsset?.(assets[Number(b.dataset.inputOpenAsset)]?.path||'')); $('[data-input-detail-save]')?.addEventListener('click',()=>{row.reviewText=$('[data-input-review-text]')?.value||'';row.status=row.reviewText?'텍스트검수완료':row.status;toast('확인한 내용을 저장했습니다.');closeDrawer();render('inputs');}); }"
"inputs","2975","let result=await window.schoolBoard?.normalizeInputBatch?.(payload);if(!result?.ok)return toast(result?.reason||'UEP 정규화 사전검사에 실패했습니다.'); if(result.requiresConfirmation){const summary=`정규화 대상: ${result.targetSheet||''}\n${result.programName||payload.programName||''}\n\n신규 ${result.newCount||0}건 · 중복 ${result.duplicateCount||0}건 · 갱신 ${result.updateCount||0}건\n\n계속 UEP에 적용할까요?`;if(!confirm(summary))return toast('UEP 적용을 취소했습니다.');result=await window.schoolBoard?.normalizeInputBatch?.({...payload,confirmed:true});if(!result?.ok)return toast(result?.reason||'UEP 정규화 적용에 실패했습니다.');} await refreshReadonlyCacheSilently({force:true,rerender:false});inputCenterConfig.historyMode='active';inputCenterConfig.batchFilter='latest';toast(`${result.targetSheet||'UEP'} 적용 완료 · 신규 ${result.newCount||0} · 갱신 ${result.updateCount||0} · 중복 ${result.duplicateCount||0} · 작업목록에서 완료 배치를 내렸습니다.`);render('inputs'); }"
"inputs","2985","} function bindInputCenter(){ $$('[data-input-tab]').forEach(b=>b.onclick=()=>{inputCenterConfig.tab=b.dataset.inputTab;render('inputs');}); $$('[data-input-history-mode]').forEach(b=>b.onclick=()=>{inputCenterConfig.historyMode=b.dataset.inputHistoryMode||'active';inputCenterConfig.batchFilter='latest';render('inputs');}); $('[data-input-batch-filter]')?.addEventListener('change',e=>{inputCenterConfig.batchFilter=e.target.value;render('inputs');});"
"inputs","2986","function bindInputCenter(){ $$('[data-input-tab]').forEach(b=>b.onclick=()=>{inputCenterConfig.tab=b.dataset.inputTab;render('inputs');}); $$('[data-input-history-mode]').forEach(b=>b.onclick=()=>{inputCenterConfig.historyMode=b.dataset.inputHistoryMode||'active';inputCenterConfig.batchFilter='latest';render('inputs');}); $('[data-input-batch-filter]')?.addEventListener('change',e=>{inputCenterConfig.batchFilter=e.target.value;render('inputs');}); $$('[data-input-scope]').forEach(b=>b.onclick=()=>{inputCenterConfig.libraryScope=b.dataset.inputScope;render('inputs');});"
"inputs","2987","$$('[data-input-tab]').forEach(b=>b.onclick=()=>{inputCenterConfig.tab=b.dataset.inputTab;render('inputs');}); $$('[data-input-history-mode]').forEach(b=>b.onclick=()=>{inputCenterConfig.historyMode=b.dataset.inputHistoryMode||'active';inputCenterConfig.batchFilter='latest';render('inputs');}); $('[data-input-batch-filter]')?.addEventListener('change',e=>{inputCenterConfig.batchFilter=e.target.value;render('inputs');}); $$('[data-input-scope]').forEach(b=>b.onclick=()=>{inputCenterConfig.libraryScope=b.dataset.inputScope;render('inputs');}); $$('[data-input-grade-filter]').forEach(b=>b.onclick=()=>{inputCenterConfig.gradeFilter=b.dataset.inputGradeFilter;inputCenterConfig.classFilter='all';render('inputs');});"
"inputs","2988","$$('[data-input-history-mode]').forEach(b=>b.onclick=()=>{inputCenterConfig.historyMode=b.dataset.inputHistoryMode||'active';inputCenterConfig.batchFilter='latest';render('inputs');}); $('[data-input-batch-filter]')?.addEventListener('change',e=>{inputCenterConfig.batchFilter=e.target.value;render('inputs');}); $$('[data-input-scope]').forEach(b=>b.onclick=()=>{inputCenterConfig.libraryScope=b.dataset.inputScope;render('inputs');}); $$('[data-input-grade-filter]').forEach(b=>b.onclick=()=>{inputCenterConfig.gradeFilter=b.dataset.inputGradeFilter;inputCenterConfig.classFilter='all';render('inputs');}); $$('[data-input-class-filter]').forEach(b=>b.onclick=()=>{inputCenterConfig.classFilter=b.dataset.inputClassFilter;render('inputs');});"
"inputs","2989","$('[data-input-batch-filter]')?.addEventListener('change',e=>{inputCenterConfig.batchFilter=e.target.value;render('inputs');}); $$('[data-input-scope]').forEach(b=>b.onclick=()=>{inputCenterConfig.libraryScope=b.dataset.inputScope;render('inputs');}); $$('[data-input-grade-filter]').forEach(b=>b.onclick=()=>{inputCenterConfig.gradeFilter=b.dataset.inputGradeFilter;inputCenterConfig.classFilter='all';render('inputs');}); $$('[data-input-class-filter]').forEach(b=>b.onclick=()=>{inputCenterConfig.classFilter=b.dataset.inputClassFilter;render('inputs');}); $$('[data-input-match-filter]').forEach(b=>b.onclick=()=>{inputCenterConfig.matchFilter=b.dataset.inputMatchFilter;render('inputs');});"
"inputs","2990","$$('[data-input-scope]').forEach(b=>b.onclick=()=>{inputCenterConfig.libraryScope=b.dataset.inputScope;render('inputs');}); $$('[data-input-grade-filter]').forEach(b=>b.onclick=()=>{inputCenterConfig.gradeFilter=b.dataset.inputGradeFilter;inputCenterConfig.classFilter='all';render('inputs');}); $$('[data-input-class-filter]').forEach(b=>b.onclick=()=>{inputCenterConfig.classFilter=b.dataset.inputClassFilter;render('inputs');}); $$('[data-input-match-filter]').forEach(b=>b.onclick=()=>{inputCenterConfig.matchFilter=b.dataset.inputMatchFilter;render('inputs');}); $$('[data-input-source-filter]').forEach(b=>b.onclick=()=>{inputCenterConfig.sourceFilter=b.dataset.inputSourceFilter;render('inputs');});"
"inputs","2991","$$('[data-input-grade-filter]').forEach(b=>b.onclick=()=>{inputCenterConfig.gradeFilter=b.dataset.inputGradeFilter;inputCenterConfig.classFilter='all';render('inputs');}); $$('[data-input-class-filter]').forEach(b=>b.onclick=()=>{inputCenterConfig.classFilter=b.dataset.inputClassFilter;render('inputs');}); $$('[data-input-match-filter]').forEach(b=>b.onclick=()=>{inputCenterConfig.matchFilter=b.dataset.inputMatchFilter;render('inputs');}); $$('[data-input-source-filter]').forEach(b=>b.onclick=()=>{inputCenterConfig.sourceFilter=b.dataset.inputSourceFilter;render('inputs');}); $$('[data-input-view]').forEach(b=>b.onclick=()=>{const rows=inputCenterLibraryRows().filter(x=>inputCenterConfig.libraryScope==='local'?x.storageMode==='local':inputCenterConfig.libraryScope==='uep'?x.storageMode!=='local':true);const row=rows[Number(b.dataset.inputView)];if(row)inputCenterOpenDetail(row);});"
"inputs","2992","$$('[data-input-class-filter]').forEach(b=>b.onclick=()=>{inputCenterConfig.classFilter=b.dataset.inputClassFilter;render('inputs');}); $$('[data-input-match-filter]').forEach(b=>b.onclick=()=>{inputCenterConfig.matchFilter=b.dataset.inputMatchFilter;render('inputs');}); $$('[data-input-source-filter]').forEach(b=>b.onclick=()=>{inputCenterConfig.sourceFilter=b.dataset.inputSourceFilter;render('inputs');}); $$('[data-input-view]').forEach(b=>b.onclick=()=>{const rows=inputCenterLibraryRows().filter(x=>inputCenterConfig.libraryScope==='local'?x.storageMode==='local':inputCenterConfig.libraryScope==='uep'?x.storageMode!=='local':true);const row=rows[Number(b.dataset.inputView)];if(row)inputCenterOpenDetail(row);});"
"inputs","2995","$$('[data-input-view]').forEach(b=>b.onclick=()=>{const rows=inputCenterLibraryRows().filter(x=>inputCenterConfig.libraryScope==='local'?x.storageMode==='local':inputCenterConfig.libraryScope==='uep'?x.storageMode!=='local':true);const row=rows[Number(b.dataset.inputView)];if(row)inputCenterOpenDetail(row);}); $('[data-input-confirm-classification]')?.addEventListener('click',async()=>{const rows=filtered;if(!rows.length)return toast('확정할 배치가 없습니다.');const nature=$('[data-input-review-nature]')?.value||'기타';const programId=$('[data-input-review-program]')?.value||'';const program=(readonlyCache?.programs||[]).find(v=>String(v.id||v.programId||'')===String(programId))||{};const result=await window.schoolBoard?.classifyInputBatch?.({batchId:activeBatchId,nature,programId,programKind:program.kind||'',programName:program.actualTitle||program.title||'',programSemester:program.semester||program.term||''});if(!result?.ok)return toast(result?.reason||'검수·분류 저장에 실패했습니다.');await refreshReadonlyCacheSilently({force:true,rerender:false});inputCenterConfig.tab='review';toast(`${result.count||rows.length}건 검수·분류 확정 · 03 UEP 적용으로 이동합니다.`);render('inputs');}); $('[data-input-export-csv]')?.addEventListener('click',inputCenterExportCsv); $('[data-input-apply-local]')?.addEventListener('click',()=>inputCenterApply('local'));"
"inputs","3000","$('[data-input-apply-uep]')?.addEventListener('click',()=>inputCenterApply('uep')); $$('[data-input-review-view]').forEach(b=>b.onclick=()=>{const row=inputCenterReviewRowsCache[Number(b.dataset.inputReviewView)];if(row)inputCenterOpenDetail(row);}); $$('[data-input-purpose]').forEach(b=>b.onclick=()=>{inputCenterConfig.purpose=b.dataset.inputPurpose;const map={'보고서 연결':'보고서·탐구보고서','프로그램 참가신청':'프로그램 신청서','만족도조사':'만족도·설문조사','텍스트 추출·기타':'기타'};inputCenterConfig.type=map[inputCenterConfig.purpose]||'기타';inputCenterConfig.programId='';render('inputs');}); $$('[data-input-source]').forEach(b=>b.onclick=()=>{inputCenterConfig.source=b.dataset.inputSource;const actual={'Excel·CSV':'교사 파일','문서 파일':'교사 파일'}[inputCenterConfig.source]||inputCenterConfig.source;if(actual==='리로스쿨'&&inputCenterConfig.purpose==='보고서 연결')inputCenterConfig.subtype='보고서 제출';else if(actual==='리로스쿨'&&inputCenterConfig.purpose==='프로그램 참가신청')inputCenterConfig.subtype='참가신청 명단';render('inputs');}); $('[data-input-subtype]')?.addEventListener('change',e=>inputCenterConfig.subtype=e.target.value);"
"inputs","3001","$$('[data-input-review-view]').forEach(b=>b.onclick=()=>{const row=inputCenterReviewRowsCache[Number(b.dataset.inputReviewView)];if(row)inputCenterOpenDetail(row);}); $$('[data-input-purpose]').forEach(b=>b.onclick=()=>{inputCenterConfig.purpose=b.dataset.inputPurpose;const map={'보고서 연결':'보고서·탐구보고서','프로그램 참가신청':'프로그램 신청서','만족도조사':'만족도·설문조사','텍스트 추출·기타':'기타'};inputCenterConfig.type=map[inputCenterConfig.purpose]||'기타';inputCenterConfig.programId='';render('inputs');}); $$('[data-input-source]').forEach(b=>b.onclick=()=>{inputCenterConfig.source=b.dataset.inputSource;const actual={'Excel·CSV':'교사 파일','문서 파일':'교사 파일'}[inputCenterConfig.source]||inputCenterConfig.source;if(actual==='리로스쿨'&&inputCenterConfig.purpose==='보고서 연결')inputCenterConfig.subtype='보고서 제출';else if(actual==='리로스쿨'&&inputCenterConfig.purpose==='프로그램 참가신청')inputCenterConfig.subtype='참가신청 명단';render('inputs');}); $('[data-input-subtype]')?.addEventListener('change',e=>inputCenterConfig.subtype=e.target.value); $$('input[name=""input-storage""]').forEach(r=>r.addEventListener('change',e=>inputCenterConfig.storageMode=e.target.value));"
"inputs","3004","$('[data-input-subtype]')?.addEventListener('change',e=>inputCenterConfig.subtype=e.target.value); $$('input[name=""input-storage""]').forEach(r=>r.addEventListener('change',e=>inputCenterConfig.storageMode=e.target.value)); $('[data-input-semester]')?.addEventListener('change',e=>{inputCenterConfig.semester=e.target.value;inputCenterConfig.programId='';render('inputs');}); const titleInput=$('[data-input-title]'); if(titleInput){titleInput.readOnly=false;titleInput.disabled=false;titleInput.addEventListener('input',e=>{inputCenterConfig.title=e.target.value;});titleInput.addEventListener('change',e=>{inputCenterConfig.title=e.target.value;});titleInput.addEventListener('keydown',e=>{e.stopPropagation();});} $('[data-input-batch-scope]')?.addEventListener('change',e=>{inputCenterConfig.batchScope=e.target.value;render('inputs');});"
"inputs","3006","$('[data-input-semester]')?.addEventListener('change',e=>{inputCenterConfig.semester=e.target.value;inputCenterConfig.programId='';render('inputs');}); const titleInput=$('[data-input-title]'); if(titleInput){titleInput.readOnly=false;titleInput.disabled=false;titleInput.addEventListener('input',e=>{inputCenterConfig.title=e.target.value;});titleInput.addEventListener('change',e=>{inputCenterConfig.title=e.target.value;});titleInput.addEventListener('keydown',e=>{e.stopPropagation();});} $('[data-input-batch-scope]')?.addEventListener('change',e=>{inputCenterConfig.batchScope=e.target.value;render('inputs');}); $('[data-input-batch-grade]')?.addEventListener('change',e=>{inputCenterConfig.batchGrade=e.target.value;render('inputs');}); $('[data-input-batch-class]')?.addEventListener('change',e=>{inputCenterConfig.batchClass=e.target.value;render('inputs');});"
"inputs","3007","const titleInput=$('[data-input-title]'); if(titleInput){titleInput.readOnly=false;titleInput.disabled=false;titleInput.addEventListener('input',e=>{inputCenterConfig.title=e.target.value;});titleInput.addEventListener('change',e=>{inputCenterConfig.title=e.target.value;});titleInput.addEventListener('keydown',e=>{e.stopPropagation();});} $('[data-input-batch-scope]')?.addEventListener('change',e=>{inputCenterConfig.batchScope=e.target.value;render('inputs');}); $('[data-input-batch-grade]')?.addEventListener('change',e=>{inputCenterConfig.batchGrade=e.target.value;render('inputs');}); $('[data-input-batch-class]')?.addEventListener('change',e=>{inputCenterConfig.batchClass=e.target.value;render('inputs');}); $('[data-input-batch-student]')?.addEventListener('input',e=>{inputCenterConfig.batchStudentNo=e.target.value;});"
"inputs","3008","$('[data-input-batch-scope]')?.addEventListener('change',e=>{inputCenterConfig.batchScope=e.target.value;render('inputs');}); $('[data-input-batch-grade]')?.addEventListener('change',e=>{inputCenterConfig.batchGrade=e.target.value;render('inputs');}); $('[data-input-batch-class]')?.addEventListener('change',e=>{inputCenterConfig.batchClass=e.target.value;render('inputs');}); $('[data-input-batch-student]')?.addEventListener('input',e=>{inputCenterConfig.batchStudentNo=e.target.value;}); $('[data-input-expected-count]')?.addEventListener('input',e=>{inputCenterConfig.expectedCount=e.target.value;render('inputs');});"
"inputs","3010","$('[data-input-batch-class]')?.addEventListener('change',e=>{inputCenterConfig.batchClass=e.target.value;render('inputs');}); $('[data-input-batch-student]')?.addEventListener('input',e=>{inputCenterConfig.batchStudentNo=e.target.value;}); $('[data-input-expected-count]')?.addEventListener('input',e=>{inputCenterConfig.expectedCount=e.target.value;render('inputs');}); $('[data-input-pages-per-student]')?.addEventListener('change',e=>{inputCenterConfig.pagesPerStudent=e.target.value;render('inputs');}); $('[data-input-paste]')?.addEventListener('input',e=>inputCenterConfig.manualText=e.target.value);"
"inputs","3011","$('[data-input-batch-student]')?.addEventListener('input',e=>{inputCenterConfig.batchStudentNo=e.target.value;}); $('[data-input-expected-count]')?.addEventListener('input',e=>{inputCenterConfig.expectedCount=e.target.value;render('inputs');}); $('[data-input-pages-per-student]')?.addEventListener('change',e=>{inputCenterConfig.pagesPerStudent=e.target.value;render('inputs');}); $('[data-input-paste]')?.addEventListener('input',e=>inputCenterConfig.manualText=e.target.value); $('[data-input-program]')?.addEventListener('change',e=>{inputCenterConfig.programId=e.target.value;const p=(readonlyCache?.programs||[]).find(v=>String(v.id||v.programId||'')===String(e.target.value))||{};const sem=String(p.semester||p.term||'');if(/1/.test(sem))inputCenterConfig.semester='1';else if(/2/.test(sem))inputCenterConfig.semester='2';});"
"inputs","3016","$('[data-input-files]')?.addEventListener('click',inputCenterSelectFiles); $('[data-input-open-folder]')?.addEventListener('click',()=>window.schoolBoard?.openInputFolder?.()); $('[data-input-add-text]')?.addEventListener('click',()=>{const raw=$('[data-input-paste]')?.value||'';if(!raw.trim())return toast('붙여넣을 내용을 입력해 주세요.');const fake={name:'직접입력.txt',extension:'txt',size:new Blob([raw]).size,text:raw,path:''};inputCenterDrafts.push(...inputCenterExpandTextFile(fake));inputCenterConfig.manualText='';render('inputs');}); $('[data-input-clear]')?.addEventListener('click',()=>{if(inputCenterDrafts.length&&confirm('현재 대기목록을 비울까요?')){inputCenterDrafts=[];render('inputs');}}); $('[data-input-save]')?.addEventListener('click',inputCenterSave);"
"inputs","3017","$('[data-input-open-folder]')?.addEventListener('click',()=>window.schoolBoard?.openInputFolder?.()); $('[data-input-add-text]')?.addEventListener('click',()=>{const raw=$('[data-input-paste]')?.value||'';if(!raw.trim())return toast('붙여넣을 내용을 입력해 주세요.');const fake={name:'직접입력.txt',extension:'txt',size:new Blob([raw]).size,text:raw,path:''};inputCenterDrafts.push(...inputCenterExpandTextFile(fake));inputCenterConfig.manualText='';render('inputs');}); $('[data-input-clear]')?.addEventListener('click',()=>{if(inputCenterDrafts.length&&confirm('현재 대기목록을 비울까요?')){inputCenterDrafts=[];render('inputs');}}); $('[data-input-save]')?.addEventListener('click',inputCenterSave); $$('[data-input-draft]').forEach(row=>{const draft=inputCenterDrafts.find(d=>d.draftId===row.dataset.inputDraft);if(!draft)return;row.querySelector('[data-input-select]')?.addEventListener('change',e=>draft.selected=e.target.checked);});"
"settings","3927","layer.querySelectorAll('[data-issue-close]').forEach(b=>b.onclick=()=>layer.remove()); layer.onclick=e=>{if(e.target===layer)layer.remove();}; layer.querySelector('#issueReportForm').onsubmit=async e=>{e.preventDefault();state.issueReports.unshift({id:`ISS-${Date.now()}`,createdAt:new Date().toISOString(),reporter:roleName(currentRoleId()),page:layer.querySelector('#issuePage').value.trim(),type:layer.querySelector('#issueType').value,description:layer.querySelector('#issueDescription').value.trim(),steps:layer.querySelector('#issueSteps').value.trim(),version:APP_VERSION,status:'new',adminNote:'',updatedAt:''});await save();layer.remove();toast('오류 신고를 이 PC에 저장했습니다. 관리자 화면에서 확인할 수 있습니다.');if(state.activePage==='settings')render('settings');}; setTimeout(()=>layer.querySelector('#issueDescription')?.focus(),30); }"
"scores","4442","scoreMode=""combined""; scorePeriod=""all""; render(""scores""); setTimeout(()=>{ const scope=$(""#scoreScope""),classSelect=$(""#scoreClass""),studentSelect=$(""#scoreStudent"");"
"records","5251","const weekKey=`${classNo}:${dates[0]}`; const busyKey=`${activityId}:${classNo}`; if(!options.silent){recordCareerDateBusy=busyKey;render(""records"");} try{ let result=recordCareerWeekCache.get(weekKey);"
"records","5289","return value; }finally{ if(!options.silent){recordCareerDateBusy="""";render(""records"");} } }"
"records","5306","}finally{ recordCareerAutoRunning=false; render(""records""); toast(`${recordStudentClass(student)}반 진로활동 주간 조회를 완료했습니다. 노란색 날짜를 담임이 확인해 주세요.`); }"
"work","6742","else if(type===""deadline""){target.department=group||""담당부서"";target.due=date;target.dueTime=$(""#workDueTime"")?.value||""17:00"";if(!isEdit)state.schoolDeadlines.push(target);} else {target.department=group||""담당부서"";target.date=date;if(!isEdit)state.workNotices.push(target);} await save();closeDrawer();render(""work"");toast(isEdit?""수정했습니다."":""대상별 배포 설정으로 등록했습니다.""); }); $(""[data-work-editor-delete]"")?.addEventListener(""click"",async()=>{if(!confirm(""이 항목을 삭제할까요?""))return;await deleteWorkBoardItem(type,id);closeDrawer();});"
"work","6750","else if(type===""deadline"")state.schoolDeadlines=workBoardData(type).filter(x=>String(x.id)!==String(id)); else state.tasks=(state.tasks||[]).filter(x=>String(x.id)!==String(id)); await save();render(""work"");toast(""삭제했습니다.""); }"
"timetable","7081","state.settings.schoolHours=state.settings.schoolHours.map((row,i)=>[row[0],$(`[data-inline-hour-start=""${i}""]`)?.value||row[1],$(`[data-inline-hour-end=""${i}""]`)?.value||row[2]]); await save();toast(""일과운영시간을 저장했습니다.""); if(popup)openSchoolHoursPopup();else render(""timetable""); }; const reset=$(""#inlineResetSchoolHours"");"
"timetable","7087","state.settings.schoolHours=structuredClone(baseState.settings.schoolHours); await save();toast(""기본 일과운영시간으로 되돌렸습니다.""); if(popup)openSchoolHoursPopup();else render(""timetable""); }; }"
"dashboard","7419","if(!result?.ok)throw new Error(result?.reason||'저장하지 못했습니다.'); readonlyCache=result.data||readonlyCache; renderDutyCalendarDrawer('lunch'); render('dashboard'); toast('급식지도 담당을 변경했습니다.'); }catch(error){toast(error?.message||'급식지도 변경 실패'); if(submit){submit.disabled=false;submit.textContent='시트에 저장';}} };"
"dashboard","7448","if(!result?.ok)throw new Error(result?.reason||'저장하지 못했습니다.'); readonlyCache=result.data||readonlyCache; renderDutyCalendarDrawer('night'); render('dashboard'); toast('야자감독 교사를 변경했습니다.'); }catch(error){toast(error?.message||'야자감독 변경 실패'); if(submit){submit.disabled=false;submit.textContent='시트에 저장';}} };"
"dashboard","7479","$(""#drawer"").classList.remove(""hidden"");$(""#drawerBackdrop"").classList.remove(""hidden""); $(""[data-close-drawer]"")?.addEventListener(""click"",closeDrawer); $(""#lunchDutyForm"").onsubmit=async event=>{event.preventDefault();const date=$(""#lunchDutyDate"").value||key;state.settings.lunchDutyOverrides=state.settings.lunchDutyOverrides||{};state.settings.lunchDutyOverrides[date]={enabled:$(""#lunchDutyEnabled"").value===""1"",time:$(""#lunchDutyTime"").value.trim(),place:$(""#lunchDutyPlace"").value.trim(),partners:$(""#lunchDutyPartners"").value.trim()};await save();closeDrawer();render(""dashboard"");toast(""급식지도 일정을 저장했습니다."");}; } function openTodayNightSupervisorDrawer(){"
"attendance","7611","$(""#drawerBody"").innerHTML=`<div class=""history-summary positive""><span><small>기준일</small><b>${escapeHtml(day)}</b></span><span><small>시간대</small><b>${escapeHtml(slot)}</b></span><span><small>학생 수</small><b>${total}명</b></span></div><p class=""dashboard-night-guide"">반별 자습 인원을 한 화면에서 확인합니다.</p><div class=""dashboard-night-class-grid"">${classes.map(cls=>{const members=[...(groups.get(cls)?.values()||[])].sort((a,b)=>String(a.studentNo||'').localeCompare(String(b.studentNo||''),'ko'));return `<section><header><b>${cls}반</b><span>${members.length}명</span></header><div>${members.length?members.map(m=>`<button data-dashboard-night-student=""${escapeHtml(attendanceStudentKey(m))}"" data-dashboard-night-student-day=""${escapeHtml(day)}"" data-dashboard-night-student-slot=""${escapeHtml(slot)}""><b>${escapeHtml(m.studentNo||"""")} ${escapeHtml(m.name||"""")}</b></button>`).join(""""):'<small>참여 없음</small>'}</div></section>`;}).join("""")}</div><div class=""drawer-actions""><button class=""btn primary"" data-night-attendance-date=""${escapeHtml(day)}"">상세보기</button></div>`; $(""#drawer"").classList.remove(""hidden"");$(""#drawerBackdrop"").classList.remove(""hidden""); $(""#drawerBody [data-night-attendance-date]"")?.addEventListener(""click"",()=>{attendanceViewDate=day;nightViewMonth=day.slice(0,7);window.__uepNightRequestedSlot=slot;closeDrawer();navigate(""attendance"");attendanceMode=""night"";render(""attendance"");window.scrollTo(0,0);requestAnimationFrame(()=>toast(`${day} ${slot} 야자출결로 이동했습니다.`));}); $(""#drawerBody"").querySelectorAll('[data-dashboard-night-student]').forEach(btn=>btn.onclick=()=>openNightAttendanceDetail(btn.dataset.dashboardNightStudent,btn.dataset.dashboardNightStudentDay,btn.dataset.dashboardNightStudentSlot)); }"
"students","8204","state.activePage='students'; save(); render('students'); requestAnimationFrame(()=>{ document.querySelector('.student-counsel-center')?.scrollIntoView({block:'start'});"
"students","8224","if(studentPageMode==='counsel' && (state.activePage==='students' || document.querySelector('.student-counsel-center'))){ studentCounselSelectedStudentId=button.dataset.counselStudent||''; render('students'); requestAnimationFrame(()=>document.querySelector('.counsel-right-column')?.scrollIntoView({block:'nearest'})); return;"
"dashboard","8923","toast(`${imported.length}건의 일정을 저장했습니다.`); closeDrawer(); render(""dashboard""); }; }"
"settings","9071","startReadonlyAutoRefresh(); toast(`${result.account || ""Google 서비스 계정""}으로 UEP 구글시트에 연결했습니다.`); render(""settings""); }"
"dashboard","9107","} closeDrawer(); render(""dashboard""); }"
"dashboard","9118","updateTopSyncStatus(); toast(googleConnectionError); render(""dashboard""); return; }"
"dashboard","9131","} updateTopSyncStatus(); render(""dashboard""); }"
"students","9287","readonlyCache=result.data||readonlyCache; toast(`${label}를 UEP 기본정보 연결시트에 저장했습니다.`); if(embedded&&state.activePage==='students'){render('students');window.scrollTo(0,0);}else openStudentDrawer(index); }catch(error){toast(error?.message||`${label} 수정에 실패했습니다.`);if(embedded&&state.activePage==='students')render('students');else openStudentDrawer(index);} }"
"students","9288","toast(`${label}를 UEP 기본정보 연결시트에 저장했습니다.`); if(embedded&&state.activePage==='students'){render('students');window.scrollTo(0,0);}else openStudentDrawer(index); }catch(error){toast(error?.message||`${label} 수정에 실패했습니다.`);if(embedded&&state.activePage==='students')render('students');else openStudentDrawer(index);} } function editStudentContact(student,field,label,index,button){"
"students","9300","line.innerHTML=`<input class=""contact-inline-input"" type=""${type}"" value=""${escapeHtml(current==='-'?'':current)}"" aria-label=""${escapeHtml(label)}""><em class=""storage-badge sheet"">시트 저장</em><button type=""button"" class=""contact-inline-save"">저장</button><button type=""button"" class=""contact-inline-cancel"">취소</button>`; const input=line.querySelector('input'); input?.focus(); input?.select(); line.querySelector('.contact-inline-cancel').onclick=()=>{if(embedded&&state.activePage==='students')render('students');else openStudentDrawer(index);}; line.querySelector('.contact-inline-save').onclick=()=>saveStudentContactToSheet(student,field,String(input?.value||'').trim(),index,label,embedded); }"
"admissions","9672","$('#drawerBody').innerHTML=`<div class=""data-card badge-evidence-card""><div class=""card-head""><div><strong>${label}</strong></div><small>성적 기반 관리단계</small></div><div class=""badge-evidence-list""><span><b>내신</b><em>${row.base.actual9==null?'-':row.base.actual9.toFixed(2)} · ${row.internalOk?'기준 충족':'기준 미충족'}</em></span><span><b>최근 모의고사</b><em>${escapeHtml(row.mock.detail||'자료 없음')}</em></span></div><p><b>선정 근거</b> · ${row.reasons.map(escapeHtml).join(' · ')}</p>${stage!=='core'?`<div class=""badge-next-step""><b>핵심관리까지 부족한 부분</b>${gaps.map(x=>`<span>${escapeHtml(x)}</span>`).join('')}</div>`:''}<button type=""button"" class=""btn primary"" data-badge-route=""admissions"">해당 페이지로 이동</button></div>`; $('#drawer')?.classList.remove('hidden');$('#drawerBackdrop')?.classList.remove('hidden'); $('#drawerBody [data-badge-route]')?.addEventListener('click',()=>{selectedStudentId=student.id||student.studentNo||'';render('admissions');$('#drawer')?.classList.add('hidden');$('#drawerBackdrop')?.classList.add('hidden');window.scrollTo(0,0);}); } function routeStudentStatDetail(student,metric){"
"attendance","9684","nightClassFilter=String(classNumberOf(student)||'1'); state.activePage='attendance'; render('attendance'); }else if(metric==='after'){ startStudentFocus(student,{originScroll:window.scrollY,originPage:'student-stats'});"
"programs","9690","if(typeof programViewMode!==""undefined"")programViewMode='list'; state.activePage='programs'; render('programs'); }else if(metric==='program'||metric==='report'){ startStudentFocus(student,{originScroll:window.scrollY,originPage:'student-stats'});"
"students","9697","studentPageMode='dashboard'; state.activePage='students'; render('students'); }else if(metric==='university'){ startStudentFocus(student,{originScroll:window.scrollY,originPage:'student-stats'});"
"admissions","9702","admissionMode='combined'; state.activePage='admissions'; render('admissions'); requestAnimationFrame(()=>applyStudentFocusToPage('admissions')); }else{"
"students","9710","studentPageMode='dashboard'; state.activePage='students'; render('students'); } $('#drawer')?.classList.add('hidden');$('#drawerBackdrop')?.classList.add('hidden');"
"students","9879","if(!window.__uepCounselV07717Bound){ window.__uepCounselV07717Bound=true; document.addEventListener('change',e=>{const sel=e.target.closest('[data-counsel-class-select]');if(!sel)return;studentCounselClassFilter=sel.value;studentCounselSelectedStudentId='';studentPageMode='counsel';render('students');}); document.addEventListener('click',e=>{const b=e.target.closest('[data-counsel-group]');if(!b)return;window.__uepCounselGroupFilter=b.dataset.counselGroup;studentCounselSelectedStudentId='';studentPageMode='counsel';render('students');}); document.addEventListener('click',e=>{const b=e.target.closest('[data-counsel-student-clear]');if(!b)return;studentCounselSelectedStudentId='';studentPageMode='counsel';render('students');});"
"students","9880","window.__uepCounselV07717Bound=true; document.addEventListener('change',e=>{const sel=e.target.closest('[data-counsel-class-select]');if(!sel)return;studentCounselClassFilter=sel.value;studentCounselSelectedStudentId='';studentPageMode='counsel';render('students');}); document.addEventListener('click',e=>{const b=e.target.closest('[data-counsel-group]');if(!b)return;window.__uepCounselGroupFilter=b.dataset.counselGroup;studentCounselSelectedStudentId='';studentPageMode='counsel';render('students');}); document.addEventListener('click',e=>{const b=e.target.closest('[data-counsel-student-clear]');if(!b)return;studentCounselSelectedStudentId='';studentPageMode='counsel';render('students');}); document.addEventListener('click',e=>{const b=e.target.closest('[data-counsel-write]');if(!b)return;openCounselSidePanel(b.dataset.counselWrite);});"
"students","9881","document.addEventListener('change',e=>{const sel=e.target.closest('[data-counsel-class-select]');if(!sel)return;studentCounselClassFilter=sel.value;studentCounselSelectedStudentId='';studentPageMode='counsel';render('students');}); document.addEventListener('click',e=>{const b=e.target.closest('[data-counsel-group]');if(!b)return;window.__uepCounselGroupFilter=b.dataset.counselGroup;studentCounselSelectedStudentId='';studentPageMode='counsel';render('students');}); document.addEventListener('click',e=>{const b=e.target.closest('[data-counsel-student-clear]');if(!b)return;studentCounselSelectedStudentId='';studentPageMode='counsel';render('students');}); document.addEventListener('click',e=>{const b=e.target.closest('[data-counsel-write]');if(!b)return;openCounselSidePanel(b.dataset.counselWrite);}); document.addEventListener('click',e=>{const b=e.target.closest('[data-counsel-open-dashboard]');if(!b)return;selectedStudentId=b.dataset.counselOpenDashboard||'';const idx=(readonlyCache?.students||[]).findIndex(x=>String(x.id)===String(selectedStudentId));if(idx>=0)studentDashboardIndex=idx;studentPageMode='dashboard';render('students');});"
"students","9883","document.addEventListener('click',e=>{const b=e.target.closest('[data-counsel-student-clear]');if(!b)return;studentCounselSelectedStudentId='';studentPageMode='counsel';render('students');}); document.addEventListener('click',e=>{const b=e.target.closest('[data-counsel-write]');if(!b)return;openCounselSidePanel(b.dataset.counselWrite);}); document.addEventListener('click',e=>{const b=e.target.closest('[data-counsel-open-dashboard]');if(!b)return;selectedStudentId=b.dataset.counselOpenDashboard||'';const idx=(readonlyCache?.students||[]).findIndex(x=>String(x.id)===String(selectedStudentId));if(idx>=0)studentDashboardIndex=idx;studentPageMode='dashboard';render('students');}); let dragged=null; document.addEventListener('dragstart',e=>{const c=e.target.closest('.uep-quick-card-v0755');if(!c)return;dragged=c;e.dataTransfer.effectAllowed='move';});"
"students","9914","const current=(readonlyCache?.students||[])[studentDashboardIndex]; if(current&&String(current.id||current.studentNo||'')!==previous)touchStudentCardHeat(current); render('students'); window.scrollTo(0,0); return true;"
"records","9922","if(page===""inputs"")bindInputCenter(); if(page===""records""&&(recordMode===""curriculum""||recordMode===""sdgs""))requestAnimationFrame(()=>{ $$('[data-curriculum-workspace]').forEach(b=>b.onclick=()=>{curriculumWorkspaceMode=b.dataset.curriculumWorkspace;render('records');}); $$('[data-record-class]').forEach(b=>b.onclick=()=>{recordClassNo=b.dataset.recordClass;recordStudentId='';render('records');}); $$('[data-record-query]').forEach(b=>b.onclick=()=>{recordQueryMode=b.dataset.recordQuery||'class';render('records');});"
"records","9923","if(page===""records""&&(recordMode===""curriculum""||recordMode===""sdgs""))requestAnimationFrame(()=>{ $$('[data-curriculum-workspace]').forEach(b=>b.onclick=()=>{curriculumWorkspaceMode=b.dataset.curriculumWorkspace;render('records');}); $$('[data-record-class]').forEach(b=>b.onclick=()=>{recordClassNo=b.dataset.recordClass;recordStudentId='';render('records');}); $$('[data-record-query]').forEach(b=>b.onclick=()=>{recordQueryMode=b.dataset.recordQuery||'class';render('records');}); $$('[data-record-student]').forEach(b=>b.onclick=()=>{recordStudentId=b.dataset.recordStudent;recordQueryMode='student';render('records');});"
"records","9924","$$('[data-curriculum-workspace]').forEach(b=>b.onclick=()=>{curriculumWorkspaceMode=b.dataset.curriculumWorkspace;render('records');}); $$('[data-record-class]').forEach(b=>b.onclick=()=>{recordClassNo=b.dataset.recordClass;recordStudentId='';render('records');}); $$('[data-record-query]').forEach(b=>b.onclick=()=>{recordQueryMode=b.dataset.recordQuery||'class';render('records');}); $$('[data-record-student]').forEach(b=>b.onclick=()=>{recordStudentId=b.dataset.recordStudent;recordQueryMode='student';render('records');}); $('[data-curriculum-error-only]')?.addEventListener('click',()=>{curriculumErrorOnly=!curriculumErrorOnly;render('records');});"
"records","9925","$$('[data-record-class]').forEach(b=>b.onclick=()=>{recordClassNo=b.dataset.recordClass;recordStudentId='';render('records');}); $$('[data-record-query]').forEach(b=>b.onclick=()=>{recordQueryMode=b.dataset.recordQuery||'class';render('records');}); $$('[data-record-student]').forEach(b=>b.onclick=()=>{recordStudentId=b.dataset.recordStudent;recordQueryMode='student';render('records');}); $('[data-curriculum-error-only]')?.addEventListener('click',()=>{curriculumErrorOnly=!curriculumErrorOnly;render('records');}); $('[data-curriculum-error-type]')?.addEventListener('change',e=>{curriculumErrorType=e.target.value;render('records');});"
"records","9926","$$('[data-record-query]').forEach(b=>b.onclick=()=>{recordQueryMode=b.dataset.recordQuery||'class';render('records');}); $$('[data-record-student]').forEach(b=>b.onclick=()=>{recordStudentId=b.dataset.recordStudent;recordQueryMode='student';render('records');}); $('[data-curriculum-error-only]')?.addEventListener('click',()=>{curriculumErrorOnly=!curriculumErrorOnly;render('records');}); $('[data-curriculum-error-type]')?.addEventListener('change',e=>{curriculumErrorType=e.target.value;render('records');}); $$('[data-curriculum-term]').forEach(b=>b.onclick=()=>{curriculumTermFilter=b.dataset.curriculumTerm;curriculumSubjectKey='';render('records');});"
"records","9927","$$('[data-record-student]').forEach(b=>b.onclick=()=>{recordStudentId=b.dataset.recordStudent;recordQueryMode='student';render('records');}); $('[data-curriculum-error-only]')?.addEventListener('click',()=>{curriculumErrorOnly=!curriculumErrorOnly;render('records');}); $('[data-curriculum-error-type]')?.addEventListener('change',e=>{curriculumErrorType=e.target.value;render('records');}); $$('[data-curriculum-term]').forEach(b=>b.onclick=()=>{curriculumTermFilter=b.dataset.curriculumTerm;curriculumSubjectKey='';render('records');}); $$('[data-curriculum-subject]').forEach(b=>b.onclick=()=>{curriculumSubjectKey=b.dataset.curriculumSubject;render('records');});"
"records","9928","$('[data-curriculum-error-only]')?.addEventListener('click',()=>{curriculumErrorOnly=!curriculumErrorOnly;render('records');}); $('[data-curriculum-error-type]')?.addEventListener('change',e=>{curriculumErrorType=e.target.value;render('records');}); $$('[data-curriculum-term]').forEach(b=>b.onclick=()=>{curriculumTermFilter=b.dataset.curriculumTerm;curriculumSubjectKey='';render('records');}); $$('[data-curriculum-subject]').forEach(b=>b.onclick=()=>{curriculumSubjectKey=b.dataset.curriculumSubject;render('records');}); $$('[data-roster-sort]').forEach(b=>b.onclick=()=>{curriculumRosterSort=b.dataset.rosterSort;render('records');});"
"records","9929","$('[data-curriculum-error-type]')?.addEventListener('change',e=>{curriculumErrorType=e.target.value;render('records');}); $$('[data-curriculum-term]').forEach(b=>b.onclick=()=>{curriculumTermFilter=b.dataset.curriculumTerm;curriculumSubjectKey='';render('records');}); $$('[data-curriculum-subject]').forEach(b=>b.onclick=()=>{curriculumSubjectKey=b.dataset.curriculumSubject;render('records');}); $$('[data-roster-sort]').forEach(b=>b.onclick=()=>{curriculumRosterSort=b.dataset.rosterSort;render('records');}); $('[data-copy-current-selection-sms]')?.addEventListener('click',async()=>{try{await navigator.clipboard.writeText($('#currentSelectionSms')?.value||'');toast('보완 문자메시지를 복사했습니다.');}catch{toast('문자 복사에 실패했습니다.');}});"
"records","9930","$$('[data-curriculum-term]').forEach(b=>b.onclick=()=>{curriculumTermFilter=b.dataset.curriculumTerm;curriculumSubjectKey='';render('records');}); $$('[data-curriculum-subject]').forEach(b=>b.onclick=()=>{curriculumSubjectKey=b.dataset.curriculumSubject;render('records');}); $$('[data-roster-sort]').forEach(b=>b.onclick=()=>{curriculumRosterSort=b.dataset.rosterSort;render('records');}); $('[data-copy-current-selection-sms]')?.addEventListener('click',async()=>{try{await navigator.clipboard.writeText($('#currentSelectionSms')?.value||'');toast('보완 문자메시지를 복사했습니다.');}catch{toast('문자 복사에 실패했습니다.');}}); $('[data-copy-sdgs-supplement]')?.addEventListener('click',async()=>{try{await navigator.clipboard.writeText($('#sdgsSupplementText')?.value||'');toast('SDGs 근거 보완 질문을 복사했습니다.');}catch{toast('복사에 실패했습니다.');}});"
"students","9935","}); if(page===""recordcheck"")requestAnimationFrame(()=>{const mount=document.getElementById(""standaloneRecordcheckMount"");if(mount&&window.uepMountRecordbookValidator)window.uepMountRecordbookValidator(mount);}); $$('[data-student-page-mode]').forEach(button=>button.onclick=()=>{studentPageMode=button.dataset.studentPageMode||""list"";render(""students"");window.scrollTo(0,0);}); $$('[data-student-counsel-history]').forEach(button=>button.onclick=()=>{const id=button.dataset.studentCounselHistory;selectedStudentId=id;const idx=(readonlyCache?.students||[]).findIndex(s=>String(s.id)===String(id));if(idx>=0)studentDashboardIndex=idx;studentPageMode='dashboard';render('students');requestAnimationFrame(()=>setTimeout(()=>openCounselSidePanel(id),80));}); $$('[data-student-counsel-class]').forEach(button=>button.onclick=()=>{const next=String(button.dataset.studentCounselClass||'');studentCounselClassFilter=String(studentCounselClassFilter)===next?'':next;studentPageMode='counsel';render('students');window.scrollTo(0,0);});"
"students","9936","if(page===""recordcheck"")requestAnimationFrame(()=>{const mount=document.getElementById(""standaloneRecordcheckMount"");if(mount&&window.uepMountRecordbookValidator)window.uepMountRecordbookValidator(mount);}); $$('[data-student-page-mode]').forEach(button=>button.onclick=()=>{studentPageMode=button.dataset.studentPageMode||""list"";render(""students"");window.scrollTo(0,0);}); $$('[data-student-counsel-history]').forEach(button=>button.onclick=()=>{const id=button.dataset.studentCounselHistory;selectedStudentId=id;const idx=(readonlyCache?.students||[]).findIndex(s=>String(s.id)===String(id));if(idx>=0)studentDashboardIndex=idx;studentPageMode='dashboard';render('students');requestAnimationFrame(()=>setTimeout(()=>openCounselSidePanel(id),80));}); $$('[data-student-counsel-class]').forEach(button=>button.onclick=()=>{const next=String(button.dataset.studentCounselClass||'');studentCounselClassFilter=String(studentCounselClassFilter)===next?'':next;studentPageMode='counsel';render('students');window.scrollTo(0,0);}); $$('[data-student-stats-class]').forEach(button=>button.onclick=()=>{studentStatsClassFilter=button.dataset.studentStatsClass||'all';render('students');window.scrollTo(0,0);});"
"students","9937","$$('[data-student-page-mode]').forEach(button=>button.onclick=()=>{studentPageMode=button.dataset.studentPageMode||""list"";render(""students"");window.scrollTo(0,0);}); $$('[data-student-counsel-history]').forEach(button=>button.onclick=()=>{const id=button.dataset.studentCounselHistory;selectedStudentId=id;const idx=(readonlyCache?.students||[]).findIndex(s=>String(s.id)===String(id));if(idx>=0)studentDashboardIndex=idx;studentPageMode='dashboard';render('students');requestAnimationFrame(()=>setTimeout(()=>openCounselSidePanel(id),80));}); $$('[data-student-counsel-class]').forEach(button=>button.onclick=()=>{const next=String(button.dataset.studentCounselClass||'');studentCounselClassFilter=String(studentCounselClassFilter)===next?'':next;studentPageMode='counsel';render('students');window.scrollTo(0,0);}); $$('[data-student-stats-class]').forEach(button=>button.onclick=()=>{studentStatsClassFilter=button.dataset.studentStatsClass||'all';render('students');window.scrollTo(0,0);}); $$('[data-stat-student]').forEach(button=>button.onclick=()=>openStudentStatDetail(button.dataset.statStudent,button.dataset.statMetric));"
"students","9938","$$('[data-student-counsel-history]').forEach(button=>button.onclick=()=>{const id=button.dataset.studentCounselHistory;selectedStudentId=id;const idx=(readonlyCache?.students||[]).findIndex(s=>String(s.id)===String(id));if(idx>=0)studentDashboardIndex=idx;studentPageMode='dashboard';render('students');requestAnimationFrame(()=>setTimeout(()=>openCounselSidePanel(id),80));}); $$('[data-student-counsel-class]').forEach(button=>button.onclick=()=>{const next=String(button.dataset.studentCounselClass||'');studentCounselClassFilter=String(studentCounselClassFilter)===next?'':next;studentPageMode='counsel';render('students');window.scrollTo(0,0);}); $$('[data-student-stats-class]').forEach(button=>button.onclick=()=>{studentStatsClassFilter=button.dataset.studentStatsClass||'all';render('students');window.scrollTo(0,0);}); $$('[data-stat-student]').forEach(button=>button.onclick=()=>openStudentStatDetail(button.dataset.statStudent,button.dataset.statMetric)); $$('[data-university-badge-list]').forEach(button=>button.onclick=()=>openUniversityBadgeList(button.dataset.universityBadgeList));"
"work","10008","} $$('[data-student-admission-badge]').forEach(button=>button.onclick=()=>{admissionMode=button.dataset.studentAdmissionBadge==='inseoul'?'inseoul':'regional';admissionManagementFilter=button.dataset.admissionStage||'core';window.__focusGrowthStudentId=button.dataset.admissionStudentId||'';navigate('admissions');}); $$('[data-work-board]').forEach(button=>button.onclick=()=>{workBoardMode=button.dataset.workBoard||""home"";render(""work"");window.scrollTo(0,0);}); $$('[data-work-add]').forEach(button=>button.onclick=()=>openWorkBoardEditor(button.dataset.workAdd)); $$('[data-work-notice-detail]').forEach(button=>button.onclick=(event)=>{event.preventDefault();event.stopPropagation();openWorkNoticeDetail(button.dataset.workNoticeDetail,button.dataset.workNoticeSource||'local');});"
"work","10014","$$('[data-work-delete]').forEach(button=>button.onclick=async(event)=>{event.stopPropagation();if(confirm(""이 항목을 삭제할까요?""))await deleteWorkBoardItem(button.dataset.workDelete,button.dataset.workId);}); $$('[data-notice-edit]').forEach(button=>button.onclick=(event)=>{event.preventDefault();event.stopPropagation();openNoticeEditor(button.dataset.noticeEdit);}); $$('[data-notice-delete]').forEach(button=>button.onclick=async(event)=>{event.preventDefault();event.stopPropagation();if(!confirm(""이 공지를 삭제할까요?""))return;const result=await window.schoolBoard?.deleteNotice?.(button.dataset.noticeDelete);if(!result?.ok)return toast(result?.reason||""공지 삭제 실패"");await refreshReadonlyAfterNotice();render(""work"");toast(""공지를 삭제했습니다."");}); $$('[data-auto-deadline-id]').forEach(button=>button.onclick=(event)=>{event.preventDefault();event.stopPropagation();const source=button.dataset.autoDeadlineSource,id=button.dataset.autoDeadlineId;if(source===""notice"")return openWorkNoticeDetail(id,""connected"");return openAutoDeadlineBasicDialog(source,id);}); $$('[data-auto-bulk-governance]').forEach(button=>button.onclick=async(event)=>{event.preventDefault();event.stopPropagation();await bulkAutoNoticeGovernance(button.dataset.autoBulkGovernance);});"
"outputs","10022","$$('[data-auto-alert-open]').forEach(button=>button.onclick=(event)=>{event.preventDefault();event.stopPropagation();openAutoWorkAlertDetail(button.dataset.autoAlertOpen);}); $$(`[data-open-student-alerts]`).forEach(button=>button.onclick=()=>{studentAlertMode=button.dataset.openStudentAlerts||""all"";studentAlertClass=""all"";navigate(""alerts"");}); $$(""[data-output-home-card]"").forEach(button=>button.onclick=()=>{outputCenterState.home=false;outputCenterState.tab=button.dataset.outputHomeCard;outputCenterState.selected.clear();render(""outputs"");}); $$(""#pageContent [data-page]"").forEach(button=>button.onclick=()=>navigate(button.dataset.page)); $(""#settingsDiagnosticsButton"")?.addEventListener(""click"",()=>openDrawer(""diagnostics""));"
"outputs","10026","$(""#settingsDiagnosticsButton"")?.addEventListener(""click"",()=>openDrawer(""diagnostics"")); $(""#settingsInfoButton"")?.addEventListener(""click"",()=>openDrawer(""info"")); $(""[data-output-home-back]"")?.addEventListener(""click"",()=>{outputCenterState.home=true;outputCenterState.program=""all"";outputCenterState.classNo=""1"";outputCenterState.session=""all"";outputCenterState.selected.clear();render(""outputs"");}); $$(""[data-output-tab]"").forEach(b=>b.onclick=()=>{outputCenterState.tab=b.dataset.outputTab;outputCenterState.selected.clear();render(""outputs"");}); $$(""[data-output-filter]"").forEach(el=>el.onchange=()=>{outputCenterState[el.dataset.outputFilter]=el.value;outputCenterState.selected.clear();render(""outputs"");});"
"outputs","10027","$(""#settingsInfoButton"")?.addEventListener(""click"",()=>openDrawer(""info"")); $(""[data-output-home-back]"")?.addEventListener(""click"",()=>{outputCenterState.home=true;outputCenterState.program=""all"";outputCenterState.classNo=""1"";outputCenterState.session=""all"";outputCenterState.selected.clear();render(""outputs"");}); $$(""[data-output-tab]"").forEach(b=>b.onclick=()=>{outputCenterState.tab=b.dataset.outputTab;outputCenterState.selected.clear();render(""outputs"");}); $$(""[data-output-filter]"").forEach(el=>el.onchange=()=>{outputCenterState[el.dataset.outputFilter]=el.value;outputCenterState.selected.clear();render(""outputs"");}); $$(""[data-output-class-card]"").forEach(b=>b.onclick=()=>{outputCenterState.classNo=b.dataset.outputClassCard;outputCenterState.studentId="""";outputCenterState.selected.clear();render(""outputs"");});"
"outputs","10028","$(""[data-output-home-back]"")?.addEventListener(""click"",()=>{outputCenterState.home=true;outputCenterState.program=""all"";outputCenterState.classNo=""1"";outputCenterState.session=""all"";outputCenterState.selected.clear();render(""outputs"");}); $$(""[data-output-tab]"").forEach(b=>b.onclick=()=>{outputCenterState.tab=b.dataset.outputTab;outputCenterState.selected.clear();render(""outputs"");}); $$(""[data-output-filter]"").forEach(el=>el.onchange=()=>{outputCenterState[el.dataset.outputFilter]=el.value;outputCenterState.selected.clear();render(""outputs"");}); $$(""[data-output-class-card]"").forEach(b=>b.onclick=()=>{outputCenterState.classNo=b.dataset.outputClassCard;outputCenterState.studentId="""";outputCenterState.selected.clear();render(""outputs"");}); $$(""[data-output-student-card]"").forEach(b=>b.onclick=()=>{outputCenterState.studentId=b.dataset.outputStudentCard;render(""outputs"");});"
"outputs","10029","$$(""[data-output-tab]"").forEach(b=>b.onclick=()=>{outputCenterState.tab=b.dataset.outputTab;outputCenterState.selected.clear();render(""outputs"");}); $$(""[data-output-filter]"").forEach(el=>el.onchange=()=>{outputCenterState[el.dataset.outputFilter]=el.value;outputCenterState.selected.clear();render(""outputs"");}); $$(""[data-output-class-card]"").forEach(b=>b.onclick=()=>{outputCenterState.classNo=b.dataset.outputClassCard;outputCenterState.studentId="""";outputCenterState.selected.clear();render(""outputs"");}); $$(""[data-output-student-card]"").forEach(b=>b.onclick=()=>{outputCenterState.studentId=b.dataset.outputStudentCard;render(""outputs"");}); $$(""[data-output-report-category]"").forEach(b=>b.onclick=()=>{outputCenterState.reportCategory=b.dataset.outputReportCategory;outputCenterState.program=""all"";outputCenterState.selected.clear();render(""outputs"");});"
"outputs","10030","$$(""[data-output-filter]"").forEach(el=>el.onchange=()=>{outputCenterState[el.dataset.outputFilter]=el.value;outputCenterState.selected.clear();render(""outputs"");}); $$(""[data-output-class-card]"").forEach(b=>b.onclick=()=>{outputCenterState.classNo=b.dataset.outputClassCard;outputCenterState.studentId="""";outputCenterState.selected.clear();render(""outputs"");}); $$(""[data-output-student-card]"").forEach(b=>b.onclick=()=>{outputCenterState.studentId=b.dataset.outputStudentCard;render(""outputs"");}); $$(""[data-output-report-category]"").forEach(b=>b.onclick=()=>{outputCenterState.reportCategory=b.dataset.outputReportCategory;outputCenterState.program=""all"";outputCenterState.selected.clear();render(""outputs"");}); $$(""[data-output-program-card]"").forEach(b=>b.onclick=()=>{outputCenterState.program=b.dataset.outputProgramCard;outputCenterState.selected.clear();render(""outputs"");});"
"outputs","10031","$$(""[data-output-class-card]"").forEach(b=>b.onclick=()=>{outputCenterState.classNo=b.dataset.outputClassCard;outputCenterState.studentId="""";outputCenterState.selected.clear();render(""outputs"");}); $$(""[data-output-student-card]"").forEach(b=>b.onclick=()=>{outputCenterState.studentId=b.dataset.outputStudentCard;render(""outputs"");}); $$(""[data-output-report-category]"").forEach(b=>b.onclick=()=>{outputCenterState.reportCategory=b.dataset.outputReportCategory;outputCenterState.program=""all"";outputCenterState.selected.clear();render(""outputs"");}); $$(""[data-output-program-card]"").forEach(b=>b.onclick=()=>{outputCenterState.program=b.dataset.outputProgramCard;outputCenterState.selected.clear();render(""outputs"");}); $$(""[data-output-attendance-category]"").forEach(b=>b.onclick=()=>{outputCenterState.attendanceCategory=b.dataset.outputAttendanceCategory;outputCenterState.session=""all"";render(""outputs"");});"
"outputs","10032","$$(""[data-output-student-card]"").forEach(b=>b.onclick=()=>{outputCenterState.studentId=b.dataset.outputStudentCard;render(""outputs"");}); $$(""[data-output-report-category]"").forEach(b=>b.onclick=()=>{outputCenterState.reportCategory=b.dataset.outputReportCategory;outputCenterState.program=""all"";outputCenterState.selected.clear();render(""outputs"");}); $$(""[data-output-program-card]"").forEach(b=>b.onclick=()=>{outputCenterState.program=b.dataset.outputProgramCard;outputCenterState.selected.clear();render(""outputs"");}); $$(""[data-output-attendance-category]"").forEach(b=>b.onclick=()=>{outputCenterState.attendanceCategory=b.dataset.outputAttendanceCategory;outputCenterState.session=""all"";render(""outputs"");}); $$(""[data-output-session-card]"").forEach(b=>b.onclick=()=>{outputCenterState.session=b.dataset.outputSessionCard;render(""outputs"");});"
"outputs","10033","$$(""[data-output-report-category]"").forEach(b=>b.onclick=()=>{outputCenterState.reportCategory=b.dataset.outputReportCategory;outputCenterState.program=""all"";outputCenterState.selected.clear();render(""outputs"");}); $$(""[data-output-program-card]"").forEach(b=>b.onclick=()=>{outputCenterState.program=b.dataset.outputProgramCard;outputCenterState.selected.clear();render(""outputs"");}); $$(""[data-output-attendance-category]"").forEach(b=>b.onclick=()=>{outputCenterState.attendanceCategory=b.dataset.outputAttendanceCategory;outputCenterState.session=""all"";render(""outputs"");}); $$(""[data-output-session-card]"").forEach(b=>b.onclick=()=>{outputCenterState.session=b.dataset.outputSessionCard;render(""outputs"");}); $$(""[data-output-report-scope]"").forEach(b=>b.onclick=()=>{outputCenterState.reportScope=b.dataset.outputReportScope||""program"";outputCenterState.selected.clear();render(""outputs"");});"
"outputs","10034","$$(""[data-output-program-card]"").forEach(b=>b.onclick=()=>{outputCenterState.program=b.dataset.outputProgramCard;outputCenterState.selected.clear();render(""outputs"");}); $$(""[data-output-attendance-category]"").forEach(b=>b.onclick=()=>{outputCenterState.attendanceCategory=b.dataset.outputAttendanceCategory;outputCenterState.session=""all"";render(""outputs"");}); $$(""[data-output-session-card]"").forEach(b=>b.onclick=()=>{outputCenterState.session=b.dataset.outputSessionCard;render(""outputs"");}); $$(""[data-output-report-scope]"").forEach(b=>b.onclick=()=>{outputCenterState.reportScope=b.dataset.outputReportScope||""program"";outputCenterState.selected.clear();render(""outputs"");}); $(""[data-output-student-reports-all]"")?.addEventListener(""click"",()=>{const s=outputSelectedStudent();if(s)printStudentReportPackage(s,studentAllReports(s));});"
"outputs","10035","$$(""[data-output-attendance-category]"").forEach(b=>b.onclick=()=>{outputCenterState.attendanceCategory=b.dataset.outputAttendanceCategory;outputCenterState.session=""all"";render(""outputs"");}); $$(""[data-output-session-card]"").forEach(b=>b.onclick=()=>{outputCenterState.session=b.dataset.outputSessionCard;render(""outputs"");}); $$(""[data-output-report-scope]"").forEach(b=>b.onclick=()=>{outputCenterState.reportScope=b.dataset.outputReportScope||""program"";outputCenterState.selected.clear();render(""outputs"");}); $(""[data-output-student-reports-all]"")?.addEventListener(""click"",()=>{const s=outputSelectedStudent();if(s)printStudentReportPackage(s,studentAllReports(s));}); $$(""[data-output-single-report]"").forEach(b=>b.onclick=()=>{const s=outputSelectedStudent(),r=s?studentCanonicalReports(s).find(x=>String(x.id)===String(b.dataset.outputSingleReport)):null;if(s&&r)printStudentReportPackage(s,[r]);});"
"outputs","10039","$$(""[data-output-single-report]"").forEach(b=>b.onclick=()=>{const s=outputSelectedStudent(),r=s?studentCanonicalReports(s).find(x=>String(x.id)===String(b.dataset.outputSingleReport)):null;if(s&&r)printStudentReportPackage(s,[r]);}); $(""[data-output-subject-personal]"")?.addEventListener(""click"",()=>printSubjectPersonal(outputSelectedStudent())); $$(""[data-output-record-package]"").forEach(b=>b.onclick=()=>{outputCenterState.recordPackage=b.dataset.outputRecordPackage;render(""outputs"");}); $(""[data-output-record-print]"")?.addEventListener(""click"",()=>printRecordPackage(outputSelectedStudent(),outputCenterState.recordPackage)); $$(""[data-output-score-mode]"").forEach(b=>b.onclick=()=>{outputCenterState.scoreMode=b.dataset.outputScoreMode;render(""outputs"");});"
"outputs","10041","$$(""[data-output-record-package]"").forEach(b=>b.onclick=()=>{outputCenterState.recordPackage=b.dataset.outputRecordPackage;render(""outputs"");}); $(""[data-output-record-print]"")?.addEventListener(""click"",()=>printRecordPackage(outputSelectedStudent(),outputCenterState.recordPackage)); $$(""[data-output-score-mode]"").forEach(b=>b.onclick=()=>{outputCenterState.scoreMode=b.dataset.outputScoreMode;render(""outputs"");}); $(""[data-output-score-print]"")?.addEventListener(""click"",()=>{const student=outputSelectedStudent();if(outputCenterState.scoreMode===""admission-summary"")printAdmissionSummaryPackage(student);else printScorePackage(student,""combined"");}); $$(""[data-output-select]"").forEach(el=>el.onchange=()=>{el.checked?outputCenterState.selected.add(String(el.dataset.outputSelect)):outputCenterState.selected.delete(String(el.dataset.outputSelect));});"
"outputs","10044","$(""[data-output-score-print]"")?.addEventListener(""click"",()=>{const student=outputSelectedStudent();if(outputCenterState.scoreMode===""admission-summary"")printAdmissionSummaryPackage(student);else printScorePackage(student,""combined"");}); $$(""[data-output-select]"").forEach(el=>el.onchange=()=>{el.checked?outputCenterState.selected.add(String(el.dataset.outputSelect)):outputCenterState.selected.delete(String(el.dataset.outputSelect));}); $(""[data-output-select-visible]"")?.addEventListener(""click"",()=>{document.querySelectorAll(""[data-output-select]"").forEach(el=>{el.checked=true;outputCenterState.selected.add(String(el.dataset.outputSelect));});render(""outputs"");}); $(""[data-output-clear-selected]"")?.addEventListener(""click"",()=>{outputCenterState.selected.clear();render(""outputs"");}); $(""[data-output-bulk-report-print]"")?.addEventListener(""click"",()=>printMultipleReports(selectedOutputReports()));"
"outputs","10045","$$(""[data-output-select]"").forEach(el=>el.onchange=()=>{el.checked?outputCenterState.selected.add(String(el.dataset.outputSelect)):outputCenterState.selected.delete(String(el.dataset.outputSelect));}); $(""[data-output-select-visible]"")?.addEventListener(""click"",()=>{document.querySelectorAll(""[data-output-select]"").forEach(el=>{el.checked=true;outputCenterState.selected.add(String(el.dataset.outputSelect));});render(""outputs"");}); $(""[data-output-clear-selected]"")?.addEventListener(""click"",()=>{outputCenterState.selected.clear();render(""outputs"");}); $(""[data-output-bulk-report-print]"")?.addEventListener(""click"",()=>printMultipleReports(selectedOutputReports())); $(""[data-output-bulk-report-excel]"")?.addEventListener(""click"",()=>exportReportStatusExcel(outputReportRows().filter(r=>outputCenterState.program===""all""||(r.reportGroup||r.programName)===outputCenterState.program)));"
"attendance","10054","button.onclick = () => { attendanceMode = button.dataset.attendanceMode || ""late""; render(""attendance""); window.scrollTo(0,0); };"
"programs","10058","}; }); $$(""[data-common-program-area]"").forEach(button=>button.onclick=()=>{commonProgramArea=button.dataset.commonProgramArea||""autonomy"";render(""programs"");}); $$(""[data-common-program-class]"").forEach(button=>button.onclick=()=>{commonProgramClassNo=button.dataset.commonProgramClass||""1"";render(""programs"");}); $$(""[data-common-career-term]"").forEach(button=>button.onclick=()=>{commonCareerTerm=button.dataset.commonCareerTerm||""1학기"";render(""programs"");});"
"programs","10059","}); $$(""[data-common-program-area]"").forEach(button=>button.onclick=()=>{commonProgramArea=button.dataset.commonProgramArea||""autonomy"";render(""programs"");}); $$(""[data-common-program-class]"").forEach(button=>button.onclick=()=>{commonProgramClassNo=button.dataset.commonProgramClass||""1"";render(""programs"");}); $$(""[data-common-career-term]"").forEach(button=>button.onclick=()=>{commonCareerTerm=button.dataset.commonCareerTerm||""1학기"";render(""programs"");}); $(""[data-common-career-scan]"")?.addEventListener(""click"",async()=>{"
"programs","10060","$$(""[data-common-program-area]"").forEach(button=>button.onclick=()=>{commonProgramArea=button.dataset.commonProgramArea||""autonomy"";render(""programs"");}); $$(""[data-common-program-class]"").forEach(button=>button.onclick=()=>{commonProgramClassNo=button.dataset.commonProgramClass||""1"";render(""programs"");}); $$(""[data-common-career-term]"").forEach(button=>button.onclick=()=>{commonCareerTerm=button.dataset.commonCareerTerm||""1학기"";render(""programs"");}); $(""[data-common-career-scan]"")?.addEventListener(""click"",async()=>{ const student=commonProgramClassStudent();"
"programs","10069","if(!student)return toast(""선택 반의 학생정보를 찾지 못했습니다.""); if(!programs.length)return toast(`${commonCareerTerm} 공통 진로활동이 없습니다.`); await scanSemesterCareerSlots(student,programs,range);render(""programs""); }); $$(""[data-career-date-infer]"").forEach(button=>button.onclick=async()=>{"
"programs","10073","$$(""[data-career-date-infer]"").forEach(button=>button.onclick=async()=>{ const student=commonProgramClassStudent(),program=(readonlyCache?.programs||[]).find(p=>String(p.id)===String(button.dataset.careerDateInfer)); if(program&&student)await inferCareerDateFromNeis(program,student);render(""programs""); }); $$(""[data-career-date-confirm]"").forEach(button=>button.onclick=()=>{"
"programs","10078","const student=commonProgramClassStudent(),program=(readonlyCache?.programs||[]).find(p=>String(p.id)===String(button.dataset.careerDateConfirm)); if(!program||!student)return;const value=recordDateStatus(program,student);if(!value.date)return toast(""확인할 날짜가 없습니다.""); saveCareerDate(program,student,value.date,careerMatchedHours(value),""confirmed"");render(""programs"");toast(""담임 확인 날짜와 이수시간으로 저장했습니다.""); }); $$(""[data-career-date-save]"").forEach(button=>button.onclick=()=>{"
"programs","10084","if(!program||!student)return;const activityId=String(program.programId||program.id||"""").replace(/^common-/,""""),key=`${activityId}:${recordStudentClass(student)}`; const date=document.querySelector(`[data-career-date-input=""${key}""]`)?.value||"""",hours=document.querySelector(`[data-career-hours-input=""${key}""]`)?.value||""""; if(!date)return toast(""실제 실시일을 입력하세요."");if(!Number(hours))return toast(""이수시간을 입력하세요."");saveCareerDate(program,student,date,hours,""edited"");render(""programs"");toast(""수정 날짜와 이수시간으로 저장했습니다.""); }); $$('[data-program-mode]').forEach((button) => {"
"programs","10087","}); $$('[data-program-mode]').forEach((button) => { button.onclick = () => { programMode = button.dataset.programMode; render(""programs""); }; }); $$('[data-program-planning-mode]').forEach((button) => {"
"programs","10090","}); $$('[data-program-planning-mode]').forEach((button) => { button.onclick = () => { programPlanningMode = button.dataset.programPlanningMode; render(""programs""); }; }); $$('[data-program-month-shift]').forEach((button)=>{button.onclick=()=>{const [y,m]=programMonth.split(""-"").map(Number);const d=new Date(y,m-1+Number(button.dataset.programMonthShift||0),1);programMonth=`${d.getFullYear()}-${String(d.getMonth()+1).padStart(2,""0"")}`;render(""programs"");};});"
"programs","10092","button.onclick = () => { programPlanningMode = button.dataset.programPlanningMode; render(""programs""); }; }); $$('[data-program-month-shift]').forEach((button)=>{button.onclick=()=>{const [y,m]=programMonth.split(""-"").map(Number);const d=new Date(y,m-1+Number(button.dataset.programMonthShift||0),1);programMonth=`${d.getFullYear()}-${String(d.getMonth()+1).padStart(2,""0"")}`;render(""programs"");};}); if($(""#programMonthInput"")) $(""#programMonthInput"").onchange=(event)=>{programMonth=event.target.value||programMonth;render(""programs"");}; $$('[data-dorm-mode]').forEach((button) => {"
"programs","10093","}); $$('[data-program-month-shift]').forEach((button)=>{button.onclick=()=>{const [y,m]=programMonth.split(""-"").map(Number);const d=new Date(y,m-1+Number(button.dataset.programMonthShift||0),1);programMonth=`${d.getFullYear()}-${String(d.getMonth()+1).padStart(2,""0"")}`;render(""programs"");};}); if($(""#programMonthInput"")) $(""#programMonthInput"").onchange=(event)=>{programMonth=event.target.value||programMonth;render(""programs"");}; $$('[data-dorm-mode]').forEach((button) => { button.onclick = async () => {"
"scores","10109","$$('[data-dorm-rule-delete]').forEach(button=>button.onclick=()=>deleteDormRule(button.dataset.dormRuleDelete)); $$('[data-score-mode]').forEach((button) => { button.onclick = () => { scoreMode = button.dataset.scoreMode; scorePeriod = ""all""; render(""scores""); }; }); $$('[data-score-period]').forEach((button) => {"
"scores","10112","}); $$('[data-score-period]').forEach((button) => { button.onclick = () => { scorePeriod = button.dataset.scorePeriod || ""all""; render(""scores""); }; }); const refreshFiveGradeBoundary = () => {"
"scores","10126","$(""#fiveGradeApply"")?.addEventListener(""click"", refreshFiveGradeBoundary); $(""#fiveGradeEnrollment"")?.addEventListener(""keydown"", event => { if (event.key === ""Enter"") { event.preventDefault(); refreshFiveGradeBoundary(); } }); $$('[data-score-stat-type]').forEach(button=>button.onclick=()=>{scoreStatisticsType=button.dataset.scoreStatType||""mock"";scoreStatisticsExam="""";render(""scores"");}); $('[data-score-stat-run]')?.addEventListener(""click"",()=>{scoreStatisticsExam=$(""#scoreStatisticsExam"")?.value||"""";scoreStatisticsClass=$(""#scoreStatisticsClass"")?.value||""all"";render(""scores"");}); $$('[data-score-stat-student]').forEach(button=>button.onclick=()=>openStudentCombinedScore(button.dataset.scoreStatStudent));"
"scores","10127","$(""#fiveGradeEnrollment"")?.addEventListener(""keydown"", event => { if (event.key === ""Enter"") { event.preventDefault(); refreshFiveGradeBoundary(); } }); $$('[data-score-stat-type]').forEach(button=>button.onclick=()=>{scoreStatisticsType=button.dataset.scoreStatType||""mock"";scoreStatisticsExam="""";render(""scores"");}); $('[data-score-stat-run]')?.addEventListener(""click"",()=>{scoreStatisticsExam=$(""#scoreStatisticsExam"")?.value||"""";scoreStatisticsClass=$(""#scoreStatisticsClass"")?.value||""all"";render(""scores"");}); $$('[data-score-stat-student]').forEach(button=>button.onclick=()=>openStudentCombinedScore(button.dataset.scoreStatStudent)); $$('[data-admission-mode]').forEach((button) => {"
"admissions","10130","$$('[data-score-stat-student]').forEach(button=>button.onclick=()=>openStudentCombinedScore(button.dataset.scoreStatStudent)); $$('[data-admission-mode]').forEach((button) => { button.onclick = () => { admissionMode = button.dataset.admissionMode; render(""admissions""); }; document.querySelectorAll(""[data-admission-manage-detail]"").forEach(detailButton=>{detailButton.onclick=()=>{const group=detailButton.dataset.admissionGroup;const index=detailButton.dataset.admissionManageDetail;document.querySelector(`#admissionManageDetail-${group}-${index}`)?.classList.toggle(""hidden"");};}); document.querySelectorAll(""[data-admission-manage-filter]"").forEach(filterButton=>{filterButton.onclick=()=>{admissionManagementFilter=filterButton.dataset.admissionManageFilter||""combined"";render(""admissions"");};});"
"admissions","10132","button.onclick = () => { admissionMode = button.dataset.admissionMode; render(""admissions""); }; document.querySelectorAll(""[data-admission-manage-detail]"").forEach(detailButton=>{detailButton.onclick=()=>{const group=detailButton.dataset.admissionGroup;const index=detailButton.dataset.admissionManageDetail;document.querySelector(`#admissionManageDetail-${group}-${index}`)?.classList.toggle(""hidden"");};}); document.querySelectorAll(""[data-admission-manage-filter]"").forEach(filterButton=>{filterButton.onclick=()=>{admissionManagementFilter=filterButton.dataset.admissionManageFilter||""combined"";render(""admissions"");};}); if(window.__focusGrowthStudentId){requestAnimationFrame(()=>{const row=document.querySelector(`[data-growth-student-id=""${CSS.escape(String(window.__focusGrowthStudentId))}""]`);if(row){row.classList.add('growth-focus-row');row.scrollIntoView({behavior:'smooth',block:'center'});const detail=row.nextElementSibling;if(detail?.classList.contains('admission-manage-detail'))detail.classList.remove('hidden');}window.__focusGrowthStudentId='';});} });"
"attendance","10157","bindLocalFilter(""#attendanceSearch"", ""#attendanceRows .attendance-row"", ""#attendanceSearchReset""); const dateInput = $(""#attendanceViewDate""); if (dateInput) dateInput.onchange = () => { attendanceViewDate = dateInput.value || dateKey(today); nightViewMonth = attendanceViewDate.slice(0,7); render(""attendance""); }; $$(`[data-attendance-date-step]`).forEach(button => { button.onclick = () => { const delta=Number(button.dataset.attendanceDateStep||0);"
"attendance","10162","attendanceViewDate=attendanceMode===""night""?shiftNightOperatingDate(attendanceViewDate,delta):shiftDateKey(attendanceViewDate,delta); nightViewMonth=attendanceViewDate.slice(0,7); render(""attendance""); }; }); $$(`[data-attendance-today]`).forEach(button => { button.onclick = () => { attendanceViewDate = dateKey(today); nightViewMonth = attendanceViewDate.slice(0,7); render(""attendance""); }; });"
"attendance","10164","render(""attendance""); }; }); $$(`[data-attendance-today]`).forEach(button => { button.onclick = () => { attendanceViewDate = dateKey(today); nightViewMonth = attendanceViewDate.slice(0,7); render(""attendance""); }; }); $$(`[data-official-class]`).forEach((button) => { button.onclick = () => { officialClassFilter = button.dataset.officialClass || ""all""; officialStudentFilter = ""all""; render(""attendance""); }; }); const officialStudentSelect=$(""#officialStudentFilter"");"
"attendance","10165","}; }); $$(`[data-attendance-today]`).forEach(button => { button.onclick = () => { attendanceViewDate = dateKey(today); nightViewMonth = attendanceViewDate.slice(0,7); render(""attendance""); }; }); $$(`[data-official-class]`).forEach((button) => { button.onclick = () => { officialClassFilter = button.dataset.officialClass || ""all""; officialStudentFilter = ""all""; render(""attendance""); }; }); const officialStudentSelect=$(""#officialStudentFilter""); if(officialStudentSelect)officialStudentSelect.onchange=()=>{officialStudentFilter=officialStudentSelect.value||""all"";render(""attendance"");};"
"attendance","10167","$$(`[data-official-class]`).forEach((button) => { button.onclick = () => { officialClassFilter = button.dataset.officialClass || ""all""; officialStudentFilter = ""all""; render(""attendance""); }; }); const officialStudentSelect=$(""#officialStudentFilter""); if(officialStudentSelect)officialStudentSelect.onchange=()=>{officialStudentFilter=officialStudentSelect.value||""all"";render(""attendance"");}; const attendanceStatClassSelect=$(""#attendanceStatClassFilter""); if(attendanceStatClassSelect)attendanceStatClassSelect.onchange=()=>{attendanceStatClassFilter=attendanceStatClassSelect.value||""all"";attendanceStatStudentFilter=""all"";render(""attendance"");};"
"attendance","10169","if(officialStudentSelect)officialStudentSelect.onchange=()=>{officialStudentFilter=officialStudentSelect.value||""all"";render(""attendance"");}; const attendanceStatClassSelect=$(""#attendanceStatClassFilter""); if(attendanceStatClassSelect)attendanceStatClassSelect.onchange=()=>{attendanceStatClassFilter=attendanceStatClassSelect.value||""all"";attendanceStatStudentFilter=""all"";render(""attendance"");}; const attendanceStatStudentSelect=$(""#attendanceStatStudentFilter""); if(attendanceStatStudentSelect)attendanceStatStudentSelect.onchange=()=>{attendanceStatStudentFilter=attendanceStatStudentSelect.value||""all"";render(""attendance"");};"
"attendance","10171","if(attendanceStatClassSelect)attendanceStatClassSelect.onchange=()=>{attendanceStatClassFilter=attendanceStatClassSelect.value||""all"";attendanceStatStudentFilter=""all"";render(""attendance"");}; const attendanceStatStudentSelect=$(""#attendanceStatStudentFilter""); if(attendanceStatStudentSelect)attendanceStatStudentSelect.onchange=()=>{attendanceStatStudentFilter=attendanceStatStudentSelect.value||""all"";render(""attendance"");}; $(""#officialAttendanceAdd"")?.addEventListener(""click"",()=>{if(currentRoleId()!==""admin"")return toast(""공결 등록·수정은 관리자만 가능합니다."");openOfficialAttendanceEditor();}); $$(`[data-official-edit]`).forEach(button=>button.onclick=()=>{if(currentRoleId()!==""admin"")return toast(""공결 수정은 관리자만 가능합니다."");const row=(readonlyCache?.officialAttendance||[]).find(item=>String(item.id)===String(button.dataset.officialEdit));if(row)openOfficialAttendanceEditor(row);});"
"attendance","10175","$$(`[data-official-edit]`).forEach(button=>button.onclick=()=>{if(currentRoleId()!==""admin"")return toast(""공결 수정은 관리자만 가능합니다."");const row=(readonlyCache?.officialAttendance||[]).find(item=>String(item.id)===String(button.dataset.officialEdit));if(row)openOfficialAttendanceEditor(row);}); $$(`[data-official-delete]`).forEach(button=>button.onclick=()=>{if(currentRoleId()!==""admin"")return toast(""공결 삭제는 관리자만 가능합니다."");const row=(readonlyCache?.officialAttendance||[]).find(item=>String(item.id)===String(button.dataset.officialDelete));if(row)deleteOfficialAttendanceRow(row);}); $$(`[data-late-class]`).forEach((button) => { button.onclick = () => { lateClassFilter = button.dataset.lateClass || ""all""; render(""attendance""); }; }); $(""#lateAttendanceAdd"")?.addEventListener(""click"",()=>openLateAttendanceEditor()); $$(`[data-night-class]`).forEach((button) => { button.onclick = () => { nightClassFilter = button.dataset.nightClass || ""1""; render(""attendance""); }; });"
"attendance","10177","$$(`[data-late-class]`).forEach((button) => { button.onclick = () => { lateClassFilter = button.dataset.lateClass || ""all""; render(""attendance""); }; }); $(""#lateAttendanceAdd"")?.addEventListener(""click"",()=>openLateAttendanceEditor()); $$(`[data-night-class]`).forEach((button) => { button.onclick = () => { nightClassFilter = button.dataset.nightClass || ""1""; render(""attendance""); }; }); const selectedNightDate = document.querySelector('.night-month-matrix th.selected-day'); if (selectedNightDate) requestAnimationFrame(() => selectedNightDate.scrollIntoView({block:'nearest', inline:'center'}));"
"records","10212","} if (page === ""records"" || page === ""sdgs"") { $$('[data-record-mode]').forEach(button=>button.onclick=()=>{recordMode=button.dataset.recordMode||'activities';render('records');}); $$('[data-record-query]').forEach(button=>button.onclick=()=>{recordQueryMode=button.dataset.recordQuery||'class';render('records');}); $$('[data-record-class]').forEach(button=>button.onclick=()=>{recordClassNo=button.dataset.recordClass||'1';const first=(readonlyCache?.students||[]).find(s=>recordStudentClass(s)===recordClassNo);if(first)recordStudentId=first.id;render('records');});"
"records","10213","if (page === ""records"" || page === ""sdgs"") { $$('[data-record-mode]').forEach(button=>button.onclick=()=>{recordMode=button.dataset.recordMode||'activities';render('records');}); $$('[data-record-query]').forEach(button=>button.onclick=()=>{recordQueryMode=button.dataset.recordQuery||'class';render('records');}); $$('[data-record-class]').forEach(button=>button.onclick=()=>{recordClassNo=button.dataset.recordClass||'1';const first=(readonlyCache?.students||[]).find(s=>recordStudentClass(s)===recordClassNo);if(first)recordStudentId=first.id;render('records');}); $('[data-curriculum-error-only]')?.addEventListener('click',()=>{recordCurriculumErrorOnly=!recordCurriculumErrorOnly;render('records');});"
"records","10214","$$('[data-record-mode]').forEach(button=>button.onclick=()=>{recordMode=button.dataset.recordMode||'activities';render('records');}); $$('[data-record-query]').forEach(button=>button.onclick=()=>{recordQueryMode=button.dataset.recordQuery||'class';render('records');}); $$('[data-record-class]').forEach(button=>button.onclick=()=>{recordClassNo=button.dataset.recordClass||'1';const first=(readonlyCache?.students||[]).find(s=>recordStudentClass(s)===recordClassNo);if(first)recordStudentId=first.id;render('records');}); $('[data-curriculum-error-only]')?.addEventListener('click',()=>{recordCurriculumErrorOnly=!recordCurriculumErrorOnly;render('records');}); $('[data-generate-bulk-curriculum-message]')?.addEventListener('click',()=>{const students=(readonlyCache?.students||[]).filter(s=>recordStudentClass(s)===String(recordClassNo)&&selectionErrorsForStudent(s).length>0).sort((a,b)=>Number(a.number||0)-Number(b.number||0));const panel=$('#curriculumBulkPanel'),box=$('#curriculumBulkMessageText');if(!students.length)return toast('현재 반에 오류학생이 없습니다.');if(box)box.value=buildBulkCurriculumMessages(students);if(panel){panel.hidden=false;panel.scrollIntoView({behavior:'smooth',block:'start'});}toast(`${students.length}명의 안내문을 생성했습니다.`);});"
"records","10215","$$('[data-record-query]').forEach(button=>button.onclick=()=>{recordQueryMode=button.dataset.recordQuery||'class';render('records');}); $$('[data-record-class]').forEach(button=>button.onclick=()=>{recordClassNo=button.dataset.recordClass||'1';const first=(readonlyCache?.students||[]).find(s=>recordStudentClass(s)===recordClassNo);if(first)recordStudentId=first.id;render('records');}); $('[data-curriculum-error-only]')?.addEventListener('click',()=>{recordCurriculumErrorOnly=!recordCurriculumErrorOnly;render('records');}); $('[data-generate-bulk-curriculum-message]')?.addEventListener('click',()=>{const students=(readonlyCache?.students||[]).filter(s=>recordStudentClass(s)===String(recordClassNo)&&selectionErrorsForStudent(s).length>0).sort((a,b)=>Number(a.number||0)-Number(b.number||0));const panel=$('#curriculumBulkPanel'),box=$('#curriculumBulkMessageText');if(!students.length)return toast('현재 반에 오류학생이 없습니다.');if(box)box.value=buildBulkCurriculumMessages(students);if(panel){panel.hidden=false;panel.scrollIntoView({behavior:'smooth',block:'start'});}toast(`${students.length}명의 안내문을 생성했습니다.`);}); $('[data-copy-bulk-curriculum-message]')?.addEventListener('click',async()=>{const text=$('#curriculumBulkMessageText')?.value||'';if(!text)return toast('먼저 일괄 문구를 생성해 주세요.');try{await navigator.clipboard.writeText(text);toast('오류학생 전체 안내문을 복사했습니다.');}catch{const box=$('#curriculumBulkMessageText');box?.select();document.execCommand('copy');toast('오류학생 전체 안내문을 복사했습니다.');}});"
"records","10218","$('[data-generate-bulk-curriculum-message]')?.addEventListener('click',()=>{const students=(readonlyCache?.students||[]).filter(s=>recordStudentClass(s)===String(recordClassNo)&&selectionErrorsForStudent(s).length>0).sort((a,b)=>Number(a.number||0)-Number(b.number||0));const panel=$('#curriculumBulkPanel'),box=$('#curriculumBulkMessageText');if(!students.length)return toast('현재 반에 오류학생이 없습니다.');if(box)box.value=buildBulkCurriculumMessages(students);if(panel){panel.hidden=false;panel.scrollIntoView({behavior:'smooth',block:'start'});}toast(`${students.length}명의 안내문을 생성했습니다.`);}); $('[data-copy-bulk-curriculum-message]')?.addEventListener('click',async()=>{const text=$('#curriculumBulkMessageText')?.value||'';if(!text)return toast('먼저 일괄 문구를 생성해 주세요.');try{await navigator.clipboard.writeText(text);toast('오류학생 전체 안내문을 복사했습니다.');}catch{const box=$('#curriculumBulkMessageText');box?.select();document.execCommand('copy');toast('오류학생 전체 안내문을 복사했습니다.');}}); $$('[data-record-student]').forEach(button=>button.onclick=()=>{recordStudentId=button.dataset.recordStudent;recordQueryMode='student';render('records');}); $$('[data-record-back-class]').forEach(button=>button.onclick=()=>{recordQueryMode='class';render('records');}); const select=$(""#recordStudentSelect""); if(select) select.onchange=()=>{recordStudentId=select.value;render('records');};"
"records","10219","$('[data-copy-bulk-curriculum-message]')?.addEventListener('click',async()=>{const text=$('#curriculumBulkMessageText')?.value||'';if(!text)return toast('먼저 일괄 문구를 생성해 주세요.');try{await navigator.clipboard.writeText(text);toast('오류학생 전체 안내문을 복사했습니다.');}catch{const box=$('#curriculumBulkMessageText');box?.select();document.execCommand('copy');toast('오류학생 전체 안내문을 복사했습니다.');}}); $$('[data-record-student]').forEach(button=>button.onclick=()=>{recordStudentId=button.dataset.recordStudent;recordQueryMode='student';render('records');}); $$('[data-record-back-class]').forEach(button=>button.onclick=()=>{recordQueryMode='class';render('records');}); const select=$(""#recordStudentSelect""); if(select) select.onchange=()=>{recordStudentId=select.value;render('records');}; $('[data-copy-curriculum-message]')?.addEventListener('click',async()=>{const text=$('#curriculumMessageText')?.value||'';if(!text)return toast('복사할 안내문이 없습니다.');try{await navigator.clipboard.writeText(text);toast('선택과목 안내문을 복사했습니다.');}catch{const box=$('#curriculumMessageText');box?.select();document.execCommand('copy');toast('선택과목 안내문을 복사했습니다.');}});"
"records","10220","$$('[data-record-student]').forEach(button=>button.onclick=()=>{recordStudentId=button.dataset.recordStudent;recordQueryMode='student';render('records');}); $$('[data-record-back-class]').forEach(button=>button.onclick=()=>{recordQueryMode='class';render('records');}); const select=$(""#recordStudentSelect""); if(select) select.onchange=()=>{recordStudentId=select.value;render('records');}; $('[data-copy-curriculum-message]')?.addEventListener('click',async()=>{const text=$('#curriculumMessageText')?.value||'';if(!text)return toast('복사할 안내문이 없습니다.');try{await navigator.clipboard.writeText(text);toast('선택과목 안내문을 복사했습니다.');}catch{const box=$('#curriculumMessageText');box?.select();document.execCommand('copy');toast('선택과목 안내문을 복사했습니다.');}}); $$('[data-open-student-dashboard]').forEach(button=>button.onclick=()=>{const index=(readonlyCache?.students||[]).findIndex(s=>s.id===button.dataset.openStudentDashboard);if(index>=0)openStudentDrawer(index);});"
"records","10223","$('[data-copy-curriculum-message]')?.addEventListener('click',async()=>{const text=$('#curriculumMessageText')?.value||'';if(!text)return toast('복사할 안내문이 없습니다.');try{await navigator.clipboard.writeText(text);toast('선택과목 안내문을 복사했습니다.');}catch{const box=$('#curriculumMessageText');box?.select();document.execCommand('copy');toast('선택과목 안내문을 복사했습니다.');}}); $$('[data-open-student-dashboard]').forEach(button=>button.onclick=()=>{const index=(readonlyCache?.students||[]).findIndex(s=>s.id===button.dataset.openStudentDashboard);if(index>=0)openStudentDrawer(index);}); $$('[data-record-writer-area]').forEach(button=>button.onclick=()=>{recordWriterArea=button.dataset.recordWriterArea||""autonomy"";recordWriterSelected.clear();render(""records"");}); $$('[data-record-evidence]').forEach(box=>box.onchange=()=>{box.checked?recordWriterSelected.add(box.dataset.recordEvidence):recordWriterSelected.delete(box.dataset.recordEvidence);const counter=document.querySelector("".record-evidence-actions span"");if(counter)counter.textContent=`${recordWriterSelected.size}건 선택`;}); $(""[data-record-evidence-all]"")?.addEventListener(""click"",()=>{document.querySelectorAll(""[data-record-evidence]"").forEach(box=>{box.checked=true;recordWriterSelected.add(box.dataset.recordEvidence);});render(""records"");});"
"records","10225","$$('[data-record-writer-area]').forEach(button=>button.onclick=()=>{recordWriterArea=button.dataset.recordWriterArea||""autonomy"";recordWriterSelected.clear();render(""records"");}); $$('[data-record-evidence]').forEach(box=>box.onchange=()=>{box.checked?recordWriterSelected.add(box.dataset.recordEvidence):recordWriterSelected.delete(box.dataset.recordEvidence);const counter=document.querySelector("".record-evidence-actions span"");if(counter)counter.textContent=`${recordWriterSelected.size}건 선택`;}); $(""[data-record-evidence-all]"")?.addEventListener(""click"",()=>{document.querySelectorAll(""[data-record-evidence]"").forEach(box=>{box.checked=true;recordWriterSelected.add(box.dataset.recordEvidence);});render(""records"");}); $(""[data-record-evidence-clear]"")?.addEventListener(""click"",()=>{recordWriterSelected.clear();render(""records"");}); const draft=$(""#recordDraftText"");if(draft)draft.oninput=()=>{const count=$(""#recordCharCount"");if(count)count.textContent=`${draft.value.length}/${recordAreaLimit(recordWriterArea)}자`;};"
"records","10226","$$('[data-record-evidence]').forEach(box=>box.onchange=()=>{box.checked?recordWriterSelected.add(box.dataset.recordEvidence):recordWriterSelected.delete(box.dataset.recordEvidence);const counter=document.querySelector("".record-evidence-actions span"");if(counter)counter.textContent=`${recordWriterSelected.size}건 선택`;}); $(""[data-record-evidence-all]"")?.addEventListener(""click"",()=>{document.querySelectorAll(""[data-record-evidence]"").forEach(box=>{box.checked=true;recordWriterSelected.add(box.dataset.recordEvidence);});render(""records"");}); $(""[data-record-evidence-clear]"")?.addEventListener(""click"",()=>{recordWriterSelected.clear();render(""records"");}); const draft=$(""#recordDraftText"");if(draft)draft.oninput=()=>{const count=$(""#recordCharCount"");if(count)count.textContent=`${draft.value.length}/${recordAreaLimit(recordWriterArea)}자`;}; $(""[data-record-generate]"")?.addEventListener(""click"",()=>{const student=(readonlyCache?.students||[]).find(s=>s.id===recordStudentId);if(!student)return;const bundle=studentRecordBundle(student);const allRows=recordEvidenceRows(student,bundle,recordWriterArea);let selected=allRows.filter(row=>recordWriterSelected.has(row.id));if(!selected.length){if(recordWriterArea===""behavior""){selected=allRows.filter(row=>row.kind===""activity""||row.report).slice(0,12);}else return toast(""초안에 사용할 프로그램이나 보고서를 선택하세요."");}const result=buildIntegratedRecordDraft(student,bundle,selected,recordWriterArea,recordAreaLimit(recordWriterArea));if(!result)return toast(""확인 가능한 근거가 부족합니다. 담임 관찰 항목을 확인하세요."");if(draft){draft.value=result;draft.dispatchEvent(new Event(""input""));}const issues=runRecordRuleCheck(result,recordWriterArea);const target=$(""#recordRuleResult"");if(target)target.innerHTML=issues.length?`<b>초안 생성 · 검토 필요 ${issues.length}건</b><span>${issues.map(escapeHtml).join("" · "")}</span>`:`<b>규칙 기반 초안 생성 완료</b><span>학교 검증 절대규칙·금지표현 및 교사 관찰형 종결을 적용했습니다.</span>`;toast(""학생 해석과 선택 근거를 결합해 규칙 기반 초안을 만들었습니다."");});"
"records","10256","const target=$(""#recordFeedbackText"");if(target)target.value=`${student.name} 학생, 제출한 보고서를 확인했습니다.\n${lines.join(""\n"")}\n보완 후 같은 구글폼으로 다시 제출해 주세요. 최신 제출본을 최종본으로 반영합니다.`; }); $$(""[data-sdgs-detail]"").forEach(button=>button.onclick=()=>{recordSdgsDetail=button.dataset.sdgsDetail||"""";render(""records"");}); $$(""[data-observation-tag]"").forEach(box=>box.onchange=()=>{ const student=currentRecordStudent();if(!student)return;"
"calendar","10375","(x) => (x.onclick = () => navigate(x.dataset.page)), ); $$('[data-calendar-hub]').forEach(button=>button.onclick=()=>{calendarHubMode=button.dataset.calendarHub||'schedule';render('calendar');}); $$('[data-work-embedded]').forEach(button=>button.onclick=()=>{workEmbeddedMode=button.dataset.workEmbedded||'home';render('work');}); $$('[data-output-hub]').forEach(button=>button.onclick=()=>{outputHubMode=button.dataset.outputHub||'alerts';outputCenterState.home=true;render('outputs');});"
"work","10376","); $$('[data-calendar-hub]').forEach(button=>button.onclick=()=>{calendarHubMode=button.dataset.calendarHub||'schedule';render('calendar');}); $$('[data-work-embedded]').forEach(button=>button.onclick=()=>{workEmbeddedMode=button.dataset.workEmbedded||'home';render('work');}); $$('[data-output-hub]').forEach(button=>button.onclick=()=>{outputHubMode=button.dataset.outputHub||'alerts';outputCenterState.home=true;render('outputs');}); $$('[data-settings-panel]').forEach(button=>button.onclick=()=>{settingsPanel=button.dataset.settingsPanel||'basic';render('settings');});"
"outputs","10377","$$('[data-calendar-hub]').forEach(button=>button.onclick=()=>{calendarHubMode=button.dataset.calendarHub||'schedule';render('calendar');}); $$('[data-work-embedded]').forEach(button=>button.onclick=()=>{workEmbeddedMode=button.dataset.workEmbedded||'home';render('work');}); $$('[data-output-hub]').forEach(button=>button.onclick=()=>{outputHubMode=button.dataset.outputHub||'alerts';outputCenterState.home=true;render('outputs');}); $$('[data-settings-panel]').forEach(button=>button.onclick=()=>{settingsPanel=button.dataset.settingsPanel||'basic';render('settings');}); $$('[data-sensitive-password-set]').forEach(button=>button.onclick=async()=>{await setSensitivePasswordFlow();});"
"settings","10378","$$('[data-work-embedded]').forEach(button=>button.onclick=()=>{workEmbeddedMode=button.dataset.workEmbedded||'home';render('work');}); $$('[data-output-hub]').forEach(button=>button.onclick=()=>{outputHubMode=button.dataset.outputHub||'alerts';outputCenterState.home=true;render('outputs');}); $$('[data-settings-panel]').forEach(button=>button.onclick=()=>{settingsPanel=button.dataset.settingsPanel||'basic';render('settings');}); $$('[data-sensitive-password-set]').forEach(button=>button.onclick=async()=>{await setSensitivePasswordFlow();}); $$('[data-sensitive-lock]').forEach(button=>button.onclick=()=>{lockSensitiveSession();toast('민감정보를 잠갔습니다.');if(state.activePage==='settings')render('settings');});"
"settings","10380","$$('[data-settings-panel]').forEach(button=>button.onclick=()=>{settingsPanel=button.dataset.settingsPanel||'basic';render('settings');}); $$('[data-sensitive-password-set]').forEach(button=>button.onclick=async()=>{await setSensitivePasswordFlow();}); $$('[data-sensitive-lock]').forEach(button=>button.onclick=()=>{lockSensitiveSession();toast('민감정보를 잠갔습니다.');if(state.activePage==='settings')render('settings');}); $$('[data-screen-setting]').forEach(button=>button.onclick=async()=>{const key=button.dataset.screenSetting;if(key==='alwaysOnTop'){state.settings.alwaysOnTop=!state.settings.alwaysOnTop;await save();await window.schoolBoard?.setAlwaysOnTop?.(state.settings.alwaysOnTop);render('settings');}else if(key==='layoutLocked'){state.settings.layoutLocked=!state.settings.layoutLocked;await save();render('settings');}}); $$(""[data-calendar-sync]"").forEach((button) => (button.onclick = async () => {"
"settings","10381","$$('[data-sensitive-password-set]').forEach(button=>button.onclick=async()=>{await setSensitivePasswordFlow();}); $$('[data-sensitive-lock]').forEach(button=>button.onclick=()=>{lockSensitiveSession();toast('민감정보를 잠갔습니다.');if(state.activePage==='settings')render('settings');}); $$('[data-screen-setting]').forEach(button=>button.onclick=async()=>{const key=button.dataset.screenSetting;if(key==='alwaysOnTop'){state.settings.alwaysOnTop=!state.settings.alwaysOnTop;await save();await window.schoolBoard?.setAlwaysOnTop?.(state.settings.alwaysOnTop);render('settings');}else if(key==='layoutLocked'){state.settings.layoutLocked=!state.settings.layoutLocked;await save();render('settings');}}); $$(""[data-calendar-sync]"").forEach((button) => (button.onclick = async () => { button.disabled = true;"
"settings","10381","$$('[data-sensitive-password-set]').forEach(button=>button.onclick=async()=>{await setSensitivePasswordFlow();}); $$('[data-sensitive-lock]').forEach(button=>button.onclick=()=>{lockSensitiveSession();toast('민감정보를 잠갔습니다.');if(state.activePage==='settings')render('settings');}); $$('[data-screen-setting]').forEach(button=>button.onclick=async()=>{const key=button.dataset.screenSetting;if(key==='alwaysOnTop'){state.settings.alwaysOnTop=!state.settings.alwaysOnTop;await save();await window.schoolBoard?.setAlwaysOnTop?.(state.settings.alwaysOnTop);render('settings');}else if(key==='layoutLocked'){state.settings.layoutLocked=!state.settings.layoutLocked;await save();render('settings');}}); $$(""[data-calendar-sync]"").forEach((button) => (button.onclick = async () => { button.disabled = true;"
"dashboard","10437","current.setMonth(current.getMonth() + Number(button.dataset.dashboardMonthShift || 0), 1); dashboardMonthDate = dateKey(current); render('dashboard'); })); $$('[data-dashboard-month-today]').forEach((button) => (button.onclick = () => { dashboardMonthDate = dateKey(today); dashboardSelectedDate=dateKey(today); render('dashboard'); }));"
"dashboard","10439","render('dashboard'); })); $$('[data-dashboard-month-today]').forEach((button) => (button.onclick = () => { dashboardMonthDate = dateKey(today); dashboardSelectedDate=dateKey(today); render('dashboard'); })); $$('[data-dashboard-week-shift]').forEach((button) => (button.onclick = () => { const current = new Date(`${dashboardWeekDate || dateKey(today)}T12:00:00`);"
"dashboard","10444","current.setDate(current.getDate() + Number(button.dataset.dashboardWeekShift || 0) * 7); dashboardWeekDate = dateKey(current); render('dashboard'); })); $$('[data-dashboard-week-today]').forEach((button) => (button.onclick = () => { dashboardWeekDate = dateKey(today); render('dashboard'); }));"
"dashboard","10446","render('dashboard'); })); $$('[data-dashboard-week-today]').forEach((button) => (button.onclick = () => { dashboardWeekDate = dateKey(today); render('dashboard'); })); $$('[data-dashboard-calendar-date]').forEach((button) => (button.onclick = (event) => { event.preventDefault();"
"students","10457","})); $$('[data-dashboard-student-status]').forEach((button) => (button.onclick = (event) => { event.preventDefault(); event.stopPropagation(); openDashboardStudentStatus(button.dataset.dashboardStudentStatus); })); $$('[data-counsel-student]').forEach((button) => (button.onclick = (event) => { event.preventDefault(); event.stopPropagation(); if(studentPageMode==='counsel'){ studentCounselSelectedStudentId=button.dataset.counselStudent||''; render('students'); requestAnimationFrame(()=>document.querySelector('.counsel-right-column')?.scrollIntoView({block:'nearest'})); } else { openDashboardCounselDialog(button.dataset.counselStudent); } })); $$('[data-dashboard-calendar-mode]').forEach((button) => (button.onclick = () => { dashboardCalendarMode=button.dataset.dashboardCalendarMode||'month'; render('dashboard'); })); $$('[data-dashboard-calendar-full]').forEach((button) => (button.onclick = (event) => {"
"dashboard","10458","$$('[data-dashboard-student-status]').forEach((button) => (button.onclick = (event) => { event.preventDefault(); event.stopPropagation(); openDashboardStudentStatus(button.dataset.dashboardStudentStatus); })); $$('[data-counsel-student]').forEach((button) => (button.onclick = (event) => { event.preventDefault(); event.stopPropagation(); if(studentPageMode==='counsel'){ studentCounselSelectedStudentId=button.dataset.counselStudent||''; render('students'); requestAnimationFrame(()=>document.querySelector('.counsel-right-column')?.scrollIntoView({block:'nearest'})); } else { openDashboardCounselDialog(button.dataset.counselStudent); } })); $$('[data-dashboard-calendar-mode]').forEach((button) => (button.onclick = () => { dashboardCalendarMode=button.dataset.dashboardCalendarMode||'month'; render('dashboard'); })); $$('[data-dashboard-calendar-full]').forEach((button) => (button.onclick = (event) => { event.preventDefault();"
"dashboard","10484","); $$(""[data-school-hours-popup]"").forEach((x)=>(x.onclick=()=>openSchoolHoursPopup())); $$('[data-dashboard-tt-week-shift]').forEach(button=>button.onclick=()=>{const current=new Date(`${dashboardWeekDate||dateKey(today)}T12:00:00`);current.setDate(current.getDate()+Number(button.dataset.dashboardTtWeekShift||0)*7);dashboardWeekDate=dateKey(current);render(""dashboard"");}); $$('[data-mail-alert]').forEach(input=>input.onchange=async()=>{state.settings.mailAlerts=state.settings.mailAlerts||{};state.settings.mailAlerts[input.dataset.mailAlert]=input.checked;await save();toast(""메일 알림 설정을 저장했습니다."");}); $$('[data-dashboard-timetable-mode]').forEach(button=>button.onclick=()=>{dashboardTimetableMode=button.dataset.dashboardTimetableMode||""day"";render(""dashboard"");});"
"dashboard","10486","$$('[data-dashboard-tt-week-shift]').forEach(button=>button.onclick=()=>{const current=new Date(`${dashboardWeekDate||dateKey(today)}T12:00:00`);current.setDate(current.getDate()+Number(button.dataset.dashboardTtWeekShift||0)*7);dashboardWeekDate=dateKey(current);render(""dashboard"");}); $$('[data-mail-alert]').forEach(input=>input.onchange=async()=>{state.settings.mailAlerts=state.settings.mailAlerts||{};state.settings.mailAlerts[input.dataset.mailAlert]=input.checked;await save();toast(""메일 알림 설정을 저장했습니다."");}); $$('[data-dashboard-timetable-mode]').forEach(button=>button.onclick=()=>{dashboardTimetableMode=button.dataset.dashboardTimetableMode||""day"";render(""dashboard"");}); $$('[data-dashboard-night-program]').forEach(button=>button.onclick=(event)=>{event.stopPropagation();openDashboardNightProgram(button.dataset.dashboardNightProgram,button.dataset.dashboardNightProgramDay);}); $$('[data-dashboard-night-day][data-dashboard-night-slot]').forEach(button=>button.onclick=()=>openDashboardNightSlot(button.dataset.dashboardNightDay,button.dataset.dashboardNightSlot));"
"students","10506","const index=Number(x.dataset.student); const heatStudent=(readonlyCache?.students||[])[index]; if(heatStudent)touchStudentCardHeat(heatStudent); if(page===""students"") { studentDashboardIndex=index; selectedStudentId=(readonlyCache?.students||[])[index]?.id||(readonlyCache?.students||[])[index]?.studentNo||""""; studentDashboardSubmode=""dashboard""; studentPageMode=""dashboard""; render(""students""); window.scrollTo(0,0); } else openStudentDrawer(index); }),"
"settings","10533","window.schoolBoard.setAlwaysOnTop(state.settings[key]); await save(); render(""settings""); }), );"
"settings","10633","$$('[data-open-issue-report]').forEach(button=>button.onclick=openIssueReportDialog); $$('[data-open-issue-manager]').forEach(button=>button.onclick=()=>{if(currentRoleId()!=='admin')return toast('관리자만 신고 관리 화면을 열 수 있습니다.');openIssueManager();}); $$('[data-run-health-check]').forEach(button=>button.onclick=async()=>{button.disabled=true;button.textContent='진단 중…';const result=await window.schoolBoard?.previewReadonlySync?.().catch(()=>null);if(result?.ok){readonlyCache=result.data;googleConnectionError='';}else if(result?.reason){googleConnectionError=result.reason;}button.disabled=false;render('settings');toast(googleConnectionError?'연결 진단에서 확인할 항목이 있습니다.':'필수 연결이 정상입니다.');}); $$('[data-access-control]').forEach(button=>button.onclick=()=>openAccessControlPanel()); $$('[data-inline-access-refresh]').forEach(button=>button.onclick=async()=>{const result=await window.schoolBoard?.readReadonlyCache?.();if(result?.ok){readonlyCache=result.data;render('settings');toast('사용자 계정표를 새로고침했습니다.');}else toast(result?.reason||'사용자 계정표를 새로고침하지 못했습니다.');});"
"settings","10635","$$('[data-run-health-check]').forEach(button=>button.onclick=async()=>{button.disabled=true;button.textContent='진단 중…';const result=await window.schoolBoard?.previewReadonlySync?.().catch(()=>null);if(result?.ok){readonlyCache=result.data;googleConnectionError='';}else if(result?.reason){googleConnectionError=result.reason;}button.disabled=false;render('settings');toast(googleConnectionError?'연결 진단에서 확인할 항목이 있습니다.':'필수 연결이 정상입니다.');}); $$('[data-access-control]').forEach(button=>button.onclick=()=>openAccessControlPanel()); $$('[data-inline-access-refresh]').forEach(button=>button.onclick=async()=>{const result=await window.schoolBoard?.readReadonlyCache?.();if(result?.ok){readonlyCache=result.data;render('settings');toast('사용자 계정표를 새로고침했습니다.');}else toast(result?.reason||'사용자 계정표를 새로고침하지 못했습니다.');}); $$('[data-inline-access-user]').forEach(row=>{const id=row.dataset.inlineAccessUser,account=(readonlyCache?.userAccounts||[]).find(a=>String(a.id)===String(id));if(!account)return;row.querySelector('[data-inline-access-toggle]')?.addEventListener('click',async()=>{const p=currentUserProfile();if(account.active!==false&&String(account.id)===String(p.id))return toast('현재 로그인한 관리자 계정은 자기 자신을 중지할 수 없습니다.');const active=account.active===false;const result=await window.schoolBoard?.updateUserAccount?.({id,active});if(!result?.ok)return toast(result?.reason||'사용자 승인 상태를 저장하지 못했습니다.');const refreshed=await window.schoolBoard?.readReadonlyCache?.();if(refreshed?.ok)readonlyCache=refreshed.data;render('settings');toast(active?'사용 승인을 완료했습니다.':'사용을 중지했습니다.');});row.querySelector('[data-inline-access-save]')?.addEventListener('click',async()=>{const role=row.querySelector('[data-inline-access-role]')?.value||'',grade=row.querySelector('[data-inline-access-grade]')?.value||'1',classNo=row.querySelector('[data-inline-access-class]')?.value||'';const admin=role==='관리자';const result=await window.schoolBoard?.updateUserAccount?.({id,role:admin?'관리자':role,admin,grade,classNo,active:account.active!==false});if(!result?.ok)return toast(result?.reason||'권한을 저장하지 못했습니다.');const refreshed=await window.schoolBoard?.readReadonlyCache?.();if(refreshed?.ok)readonlyCache=refreshed.data;render('settings');toast('사용자 권한을 저장했습니다.');});}); $$('[data-check-update]').forEach(button=>button.onclick=async()=>{const url=$(""#updateManifestUrl"")?.value.trim()||state.settings.updateManifestUrl||"""";if(!url)return toast(""업데이트 정보 JSON 주소를 먼저 입력하세요."");button.disabled=true;button.textContent=""확인 중…"";const result=await window.schoolBoard?.checkUpdate?.(url,APP_VERSION);button.disabled=false;button.textContent=""업데이트 확인"";const box=$(""#updateCheckResult"");if(!result?.ok){if(box)box.innerHTML=`<b>확인 실패</b><small>${escapeHtml(result?.reason||'업데이트 정보를 읽지 못했습니다.')}</small>`;return;}if(box)box.innerHTML=result.updateAvailable?`<b>새 버전 ${escapeHtml(result.version)} 사용 가능</b><small>${escapeHtml(result.notes||'새 버전이 있습니다.')} · 확인경로 ${escapeHtml(result.source||'자동')}</small><button class=""btn primary"" data-apply-update>업데이트 적용</button>`:`<b>최신 버전입니다</b><small>현재 ${APP_VERSION} · 확인경로 ${escapeHtml(result.source||'자동')}</small>`;const apply=$(""[data-apply-update]"");if(apply)apply.onclick=async()=>{if(!result.sha256)return toast(""업데이트 정보에 SHA-256이 없어 자동 적용할 수 없습니다."");if(!confirm(`UEP ${result.version} 업데이트를 적용할까요?\n\n현재 설정·인증·연결 정보는 그대로 유지됩니다. 적용 후 UEP가 자동으로 다시 실행됩니다.`))return;apply.disabled=true;apply.textContent=""다운로드·검증 중…"";const applied=await window.schoolBoard?.applyUpdate?.({version:result.version,downloadUrl:result.downloadUrl,sha256:result.sha256});if(!applied?.ok){apply.disabled=false;apply.textContent=""업데이트 적용"";return toast(applied?.reason||""업데이트 적용에 실패했습니다."");}toast(""업데이트 검증 완료 · UEP를 재시작하여 적용합니다."");};});"
"settings","10636","$$('[data-access-control]').forEach(button=>button.onclick=()=>openAccessControlPanel()); $$('[data-inline-access-refresh]').forEach(button=>button.onclick=async()=>{const result=await window.schoolBoard?.readReadonlyCache?.();if(result?.ok){readonlyCache=result.data;render('settings');toast('사용자 계정표를 새로고침했습니다.');}else toast(result?.reason||'사용자 계정표를 새로고침하지 못했습니다.');}); $$('[data-inline-access-user]').forEach(row=>{const id=row.dataset.inlineAccessUser,account=(readonlyCache?.userAccounts||[]).find(a=>String(a.id)===String(id));if(!account)return;row.querySelector('[data-inline-access-toggle]')?.addEventListener('click',async()=>{const p=currentUserProfile();if(account.active!==false&&String(account.id)===String(p.id))return toast('현재 로그인한 관리자 계정은 자기 자신을 중지할 수 없습니다.');const active=account.active===false;const result=await window.schoolBoard?.updateUserAccount?.({id,active});if(!result?.ok)return toast(result?.reason||'사용자 승인 상태를 저장하지 못했습니다.');const refreshed=await window.schoolBoard?.readReadonlyCache?.();if(refreshed?.ok)readonlyCache=refreshed.data;render('settings');toast(active?'사용 승인을 완료했습니다.':'사용을 중지했습니다.');});row.querySelector('[data-inline-access-save]')?.addEventListener('click',async()=>{const role=row.querySelector('[data-inline-access-role]')?.value||'',grade=row.querySelector('[data-inline-access-grade]')?.value||'1',classNo=row.querySelector('[data-inline-access-class]')?.value||'';const admin=role==='관리자';const result=await window.schoolBoard?.updateUserAccount?.({id,role:admin?'관리자':role,admin,grade,classNo,active:account.active!==false});if(!result?.ok)return toast(result?.reason||'권한을 저장하지 못했습니다.');const refreshed=await window.schoolBoard?.readReadonlyCache?.();if(refreshed?.ok)readonlyCache=refreshed.data;render('settings');toast('사용자 권한을 저장했습니다.');});}); $$('[data-check-update]').forEach(button=>button.onclick=async()=>{const url=$(""#updateManifestUrl"")?.value.trim()||state.settings.updateManifestUrl||"""";if(!url)return toast(""업데이트 정보 JSON 주소를 먼저 입력하세요."");button.disabled=true;button.textContent=""확인 중…"";const result=await window.schoolBoard?.checkUpdate?.(url,APP_VERSION);button.disabled=false;button.textContent=""업데이트 확인"";const box=$(""#updateCheckResult"");if(!result?.ok){if(box)box.innerHTML=`<b>확인 실패</b><small>${escapeHtml(result?.reason||'업데이트 정보를 읽지 못했습니다.')}</small>`;return;}if(box)box.innerHTML=result.updateAvailable?`<b>새 버전 ${escapeHtml(result.version)} 사용 가능</b><small>${escapeHtml(result.notes||'새 버전이 있습니다.')} · 확인경로 ${escapeHtml(result.source||'자동')}</small><button class=""btn primary"" data-apply-update>업데이트 적용</button>`:`<b>최신 버전입니다</b><small>현재 ${APP_VERSION} · 확인경로 ${escapeHtml(result.source||'자동')}</small>`;const apply=$(""[data-apply-update]"");if(apply)apply.onclick=async()=>{if(!result.sha256)return toast(""업데이트 정보에 SHA-256이 없어 자동 적용할 수 없습니다."");if(!confirm(`UEP ${result.version} 업데이트를 적용할까요?\n\n현재 설정·인증·연결 정보는 그대로 유지됩니다. 적용 후 UEP가 자동으로 다시 실행됩니다.`))return;apply.disabled=true;apply.textContent=""다운로드·검증 중…"";const applied=await window.schoolBoard?.applyUpdate?.({version:result.version,downloadUrl:result.downloadUrl,sha256:result.sha256});if(!applied?.ok){apply.disabled=false;apply.textContent=""업데이트 적용"";return toast(applied?.reason||""업데이트 적용에 실패했습니다."");}toast(""업데이트 검증 완료 · UEP를 재시작하여 적용합니다."");};}); const timetableForm = $(""#timetableNeisForm"");"
"settings","10636","$$('[data-access-control]').forEach(button=>button.onclick=()=>openAccessControlPanel()); $$('[data-inline-access-refresh]').forEach(button=>button.onclick=async()=>{const result=await window.schoolBoard?.readReadonlyCache?.();if(result?.ok){readonlyCache=result.data;render('settings');toast('사용자 계정표를 새로고침했습니다.');}else toast(result?.reason||'사용자 계정표를 새로고침하지 못했습니다.');}); $$('[data-inline-access-user]').forEach(row=>{const id=row.dataset.inlineAccessUser,account=(readonlyCache?.userAccounts||[]).find(a=>String(a.id)===String(id));if(!account)return;row.querySelector('[data-inline-access-toggle]')?.addEventListener('click',async()=>{const p=currentUserProfile();if(account.active!==false&&String(account.id)===String(p.id))return toast('현재 로그인한 관리자 계정은 자기 자신을 중지할 수 없습니다.');const active=account.active===false;const result=await window.schoolBoard?.updateUserAccount?.({id,active});if(!result?.ok)return toast(result?.reason||'사용자 승인 상태를 저장하지 못했습니다.');const refreshed=await window.schoolBoard?.readReadonlyCache?.();if(refreshed?.ok)readonlyCache=refreshed.data;render('settings');toast(active?'사용 승인을 완료했습니다.':'사용을 중지했습니다.');});row.querySelector('[data-inline-access-save]')?.addEventListener('click',async()=>{const role=row.querySelector('[data-inline-access-role]')?.value||'',grade=row.querySelector('[data-inline-access-grade]')?.value||'1',classNo=row.querySelector('[data-inline-access-class]')?.value||'';const admin=role==='관리자';const result=await window.schoolBoard?.updateUserAccount?.({id,role:admin?'관리자':role,admin,grade,classNo,active:account.active!==false});if(!result?.ok)return toast(result?.reason||'권한을 저장하지 못했습니다.');const refreshed=await window.schoolBoard?.readReadonlyCache?.();if(refreshed?.ok)readonlyCache=refreshed.data;render('settings');toast('사용자 권한을 저장했습니다.');});}); $$('[data-check-update]').forEach(button=>button.onclick=async()=>{const url=$(""#updateManifestUrl"")?.value.trim()||state.settings.updateManifestUrl||"""";if(!url)return toast(""업데이트 정보 JSON 주소를 먼저 입력하세요."");button.disabled=true;button.textContent=""확인 중…"";const result=await window.schoolBoard?.checkUpdate?.(url,APP_VERSION);button.disabled=false;button.textContent=""업데이트 확인"";const box=$(""#updateCheckResult"");if(!result?.ok){if(box)box.innerHTML=`<b>확인 실패</b><small>${escapeHtml(result?.reason||'업데이트 정보를 읽지 못했습니다.')}</small>`;return;}if(box)box.innerHTML=result.updateAvailable?`<b>새 버전 ${escapeHtml(result.version)} 사용 가능</b><small>${escapeHtml(result.notes||'새 버전이 있습니다.')} · 확인경로 ${escapeHtml(result.source||'자동')}</small><button class=""btn primary"" data-apply-update>업데이트 적용</button>`:`<b>최신 버전입니다</b><small>현재 ${APP_VERSION} · 확인경로 ${escapeHtml(result.source||'자동')}</small>`;const apply=$(""[data-apply-update]"");if(apply)apply.onclick=async()=>{if(!result.sha256)return toast(""업데이트 정보에 SHA-256이 없어 자동 적용할 수 없습니다."");if(!confirm(`UEP ${result.version} 업데이트를 적용할까요?\n\n현재 설정·인증·연결 정보는 그대로 유지됩니다. 적용 후 UEP가 자동으로 다시 실행됩니다.`))return;apply.disabled=true;apply.textContent=""다운로드·검증 중…"";const applied=await window.schoolBoard?.applyUpdate?.({version:result.version,downloadUrl:result.downloadUrl,sha256:result.sha256});if(!applied?.ok){apply.disabled=false;apply.textContent=""업데이트 적용"";return toast(applied?.reason||""업데이트 적용에 실패했습니다."");}toast(""업데이트 검증 완료 · UEP를 재시작하여 적용합니다."");};}); const timetableForm = $(""#timetableNeisForm"");"
"settings","10650","neisData = null; neisError = ""저장된 NEIS 자료를 지웠습니다.""; render(""settings""); })); if ($(""#studentTimetableSearchButton""))"
"timetable","10802","const value=$(""#studentTimetableSelect"")?.value||""""; studentTimetableSelectedId=value; render(""timetable""); } function openWidgetSettings(key) {"
"dashboard","11321","await save(); openGradeNotice(id); render(""dashboard""); }; }"
"dashboard","11675","e.currentTarget.classList.toggle(""on"", state.settings.layoutLocked); await save(); if (state.activePage === ""dashboard"") render(""dashboard""); toast(state.settings.layoutLocked ? ""배치를 잠갔습니다."" : ""위젯을 끌어서 배치할 수 있습니다.""); };"
"records","12594","recordsView=function(){if(recordMode==='curriculum')return uepCurriculumFinalView();const base=__uepRecordsBefore08106();if(recordMode==='sdgs'){const supplement=uepSdgsSupplementPanel(),clean=base.replace(supplement,'');return clean.replace(/<\/div>\s*$/,uepSdgsEvidenceBridge()+supplement+'</div>');}return base;}; function bindSelectionAnalysis(){ $$('[data-curriculum-workspace]').forEach(b=>b.onclick=()=>{curriculumWorkspaceMode=b.dataset.curriculumWorkspace;render('records');}); $$('[data-record-class]').forEach(b=>b.onclick=()=>{recordClassNo=b.dataset.recordClass;recordStudentId='';render('records');}); $$('[data-record-query]').forEach(b=>b.onclick=()=>{recordQueryMode=b.dataset.recordQuery||'class';render('records');});"
"records","12595","function bindSelectionAnalysis(){ $$('[data-curriculum-workspace]').forEach(b=>b.onclick=()=>{curriculumWorkspaceMode=b.dataset.curriculumWorkspace;render('records');}); $$('[data-record-class]').forEach(b=>b.onclick=()=>{recordClassNo=b.dataset.recordClass;recordStudentId='';render('records');}); $$('[data-record-query]').forEach(b=>b.onclick=()=>{recordQueryMode=b.dataset.recordQuery||'class';render('records');}); $$('[data-record-student]').forEach(b=>b.onclick=()=>{recordStudentId=b.dataset.recordStudent;recordQueryMode='student';render('records');});"
"records","12596","$$('[data-curriculum-workspace]').forEach(b=>b.onclick=()=>{curriculumWorkspaceMode=b.dataset.curriculumWorkspace;render('records');}); $$('[data-record-class]').forEach(b=>b.onclick=()=>{recordClassNo=b.dataset.recordClass;recordStudentId='';render('records');}); $$('[data-record-query]').forEach(b=>b.onclick=()=>{recordQueryMode=b.dataset.recordQuery||'class';render('records');}); $$('[data-record-student]').forEach(b=>b.onclick=()=>{recordStudentId=b.dataset.recordStudent;recordQueryMode='student';render('records');}); $('[data-curriculum-error-only]')?.addEventListener('click',()=>{curriculumErrorOnly=!curriculumErrorOnly;render('records');});"
"records","12597","$$('[data-record-class]').forEach(b=>b.onclick=()=>{recordClassNo=b.dataset.recordClass;recordStudentId='';render('records');}); $$('[data-record-query]').forEach(b=>b.onclick=()=>{recordQueryMode=b.dataset.recordQuery||'class';render('records');}); $$('[data-record-student]').forEach(b=>b.onclick=()=>{recordStudentId=b.dataset.recordStudent;recordQueryMode='student';render('records');}); $('[data-curriculum-error-only]')?.addEventListener('click',()=>{curriculumErrorOnly=!curriculumErrorOnly;render('records');}); $('[data-curriculum-error-type]')?.addEventListener('change',e=>{curriculumErrorType=e.target.value;render('records');});"
"records","12598","$$('[data-record-query]').forEach(b=>b.onclick=()=>{recordQueryMode=b.dataset.recordQuery||'class';render('records');}); $$('[data-record-student]').forEach(b=>b.onclick=()=>{recordStudentId=b.dataset.recordStudent;recordQueryMode='student';render('records');}); $('[data-curriculum-error-only]')?.addEventListener('click',()=>{curriculumErrorOnly=!curriculumErrorOnly;render('records');}); $('[data-curriculum-error-type]')?.addEventListener('change',e=>{curriculumErrorType=e.target.value;render('records');}); $$('[data-curriculum-term]').forEach(b=>b.onclick=()=>{curriculumTermFilter=b.dataset.curriculumTerm;curriculumSubjectKey='';render('records');});"
"records","12599","$$('[data-record-student]').forEach(b=>b.onclick=()=>{recordStudentId=b.dataset.recordStudent;recordQueryMode='student';render('records');}); $('[data-curriculum-error-only]')?.addEventListener('click',()=>{curriculumErrorOnly=!curriculumErrorOnly;render('records');}); $('[data-curriculum-error-type]')?.addEventListener('change',e=>{curriculumErrorType=e.target.value;render('records');}); $$('[data-curriculum-term]').forEach(b=>b.onclick=()=>{curriculumTermFilter=b.dataset.curriculumTerm;curriculumSubjectKey='';render('records');}); $$('[data-curriculum-subject]').forEach(b=>b.onclick=()=>{curriculumSubjectKey=b.dataset.curriculumSubject;render('records');});"
"records","12600","$('[data-curriculum-error-only]')?.addEventListener('click',()=>{curriculumErrorOnly=!curriculumErrorOnly;render('records');}); $('[data-curriculum-error-type]')?.addEventListener('change',e=>{curriculumErrorType=e.target.value;render('records');}); $$('[data-curriculum-term]').forEach(b=>b.onclick=()=>{curriculumTermFilter=b.dataset.curriculumTerm;curriculumSubjectKey='';render('records');}); $$('[data-curriculum-subject]').forEach(b=>b.onclick=()=>{curriculumSubjectKey=b.dataset.curriculumSubject;render('records');}); $$('[data-roster-sort]').forEach(b=>b.onclick=()=>{curriculumRosterSort=b.dataset.rosterSort;render('records');});"
"records","12601","$('[data-curriculum-error-type]')?.addEventListener('change',e=>{curriculumErrorType=e.target.value;render('records');}); $$('[data-curriculum-term]').forEach(b=>b.onclick=()=>{curriculumTermFilter=b.dataset.curriculumTerm;curriculumSubjectKey='';render('records');}); $$('[data-curriculum-subject]').forEach(b=>b.onclick=()=>{curriculumSubjectKey=b.dataset.curriculumSubject;render('records');}); $$('[data-roster-sort]').forEach(b=>b.onclick=()=>{curriculumRosterSort=b.dataset.rosterSort;render('records');}); $('[data-copy-current-selection-sms]')?.addEventListener('click',async()=>{try{await navigator.clipboard.writeText($('#currentSelectionSms')?.value||'');toast('보완 문자메시지를 복사했습니다.');}catch{toast('문자 복사에 실패했습니다.');}});"
"records","12602","$$('[data-curriculum-term]').forEach(b=>b.onclick=()=>{curriculumTermFilter=b.dataset.curriculumTerm;curriculumSubjectKey='';render('records');}); $$('[data-curriculum-subject]').forEach(b=>b.onclick=()=>{curriculumSubjectKey=b.dataset.curriculumSubject;render('records');}); $$('[data-roster-sort]').forEach(b=>b.onclick=()=>{curriculumRosterSort=b.dataset.rosterSort;render('records');}); $('[data-copy-current-selection-sms]')?.addEventListener('click',async()=>{try{await navigator.clipboard.writeText($('#currentSelectionSms')?.value||'');toast('보완 문자메시지를 복사했습니다.');}catch{toast('문자 복사에 실패했습니다.');}}); $('[data-open-student-picker]')?.addEventListener('click',()=>{const m=$('.uep-picker-menu');if(m)m.hidden=!m.hidden;});"
"records","12606","$('[data-open-student-picker]')?.addEventListener('click',()=>{const m=$('.uep-picker-menu');if(m)m.hidden=!m.hidden;}); $('[data-uep-student-search]')?.addEventListener('input',e=>{$$('.uep-picker-menu [data-record-student]').forEach(b=>b.hidden=!b.textContent.includes(e.target.value));}); const classRows=uepActiveSelectionRows().filter(r=>recordStudentClass(r.__student)===String(recordClassNo));const idx=classRows.findIndex(r=>r.__student.id===recordStudentId);$('[data-uep-student-prev]')?.addEventListener('click',()=>{if(classRows.length){recordStudentId=classRows[(idx-1+classRows.length)%classRows.length].__student.id;render('records');}});$('[data-uep-student-next]')?.addEventListener('click',()=>{if(classRows.length){recordStudentId=classRows[(idx+1)%classRows.length].__student.id;render('records');}}); $('[data-copy-sdgs-supplement]')?.addEventListener('click',async()=>{try{await navigator.clipboard.writeText($('#sdgsSupplementText')?.value||'');toast('SDGs 근거 보완 질문을 복사했습니다.');}catch{toast('복사에 실패했습니다.');}}); }"
"records","12606","$('[data-open-student-picker]')?.addEventListener('click',()=>{const m=$('.uep-picker-menu');if(m)m.hidden=!m.hidden;}); $('[data-uep-student-search]')?.addEventListener('input',e=>{$$('.uep-picker-menu [data-record-student]').forEach(b=>b.hidden=!b.textContent.includes(e.target.value));}); const classRows=uepActiveSelectionRows().filter(r=>recordStudentClass(r.__student)===String(recordClassNo));const idx=classRows.findIndex(r=>r.__student.id===recordStudentId);$('[data-uep-student-prev]')?.addEventListener('click',()=>{if(classRows.length){recordStudentId=classRows[(idx-1+classRows.length)%classRows.length].__student.id;render('records');}});$('[data-uep-student-next]')?.addEventListener('click',()=>{if(classRows.length){recordStudentId=classRows[(idx+1)%classRows.length].__student.id;render('records');}}); $('[data-copy-sdgs-supplement]')?.addEventListener('click',async()=>{try{await navigator.clipboard.writeText($('#sdgsSupplementText')?.value||'');toast('SDGs 근거 보완 질문을 복사했습니다.');}catch{toast('복사에 실패했습니다.');}}); }"
"records","12633","if(!['activities','sdgs','curriculum','final'].includes(mode))return; recordMode=mode; render('records'); }); }"
