"kind","line","snippet"
"MutationObserver","11973","} } const obs=new MutationObserver(()=>requestAnimationFrame(refineGrowthProfile)); obs.observe(document.documentElement,{childList:true,subtree:true}); setTimeout(refineGrowthProfile,0);"
"MutationObserver","12056","} const run=()=>{refineGrowth090();refineStatsPrivacy090();}; const obs=new MutationObserver(()=>requestAnimationFrame(run));obs.observe(document.documentElement,{childList:true,subtree:true});setTimeout(run,0); })(); load();"
"MutationObserver","12137","} const obs=new MutationObserver(()=>requestAnimationFrame(applyFix)); obs.observe(document.documentElement,{childList:true,subtree:true}); window.addEventListener('resize',applyFix);"
"MutationObserver","12220","} const obs=new MutationObserver(()=>requestAnimationFrame(applyFix)); obs.observe(document.documentElement,{childList:true,subtree:true}); window.addEventListener('resize',applyFix);"
"MutationObserver","12281","else list.style.setProperty('overflow-y','auto','important'); } const obs=new MutationObserver(()=>requestAnimationFrame(apply)); obs.observe(document.documentElement,{childList:true,subtree:true}); window.addEventListener('resize',apply);"
"MutationObserver","12297","}); } const obs=new MutationObserver(()=>requestAnimationFrame(normalizeGoogleConnectionError)); obs.observe(document.documentElement,{childList:true,subtree:true,characterData:true}); setTimeout(normalizeGoogleConnectionError,250);"
"MutationObserver","12337","if(actions)actions.appendChild(button);else{const wrap=document.createElement('div');wrap.className='connection-actions';wrap.style.marginTop='12px';wrap.appendChild(button);drawer.appendChild(wrap);} } const obs=new MutationObserver(()=>requestAnimationFrame(enhance));obs.observe(document.documentElement,{childList:true,subtree:true}); setTimeout(enhance,300); })();"
"MutationObserver","12399","drawer.appendChild(note); } const obs=new MutationObserver(()=>requestAnimationFrame(annotateGoogleConnection)); obs.observe(document.documentElement,{childList:true,subtree:true}); setTimeout(annotateGoogleConnection,350);"
"MutationObserver","12453","} (function(){ const enhance=()=>{document.querySelectorAll('h1,h2,h3').forEach(h=>{if(/프로그램추천|프로그램 추천/.test(h.textContent||'')){const root=h.closest('section,main,div');if(root&&!root.querySelector('[data-growth-program-guide]')){const n=document.createElement('div');n.dataset.growthProgramGuide='1';n.className='growth-program-guide';n.innerHTML='<b>학생 성장 근거 기반 프로그램 추천</b><span>단순히 SDG 빈칸을 채우는 추천이 아닙니다. 학생들의 진로·탐구·공동체·사회문제 경험과 유네스코 지속가능발전교육의 관점을 함께 분석하여 학교교육과정에서 보완할 경험을 제안합니다.</span>';root.insertBefore(n,h.nextSibling);}}});};new MutationObserver(()=>requestAnimationFrame(enhance)).observe(document.documentElement,{subtree:true,childList:true});setTimeout(enhance,500); })(); // __UEP_AUTOLOGIN_WATCHDOG_08083__"
"setInterval","544","if(readonlyAutoRefreshTimer) clearInterval(readonlyAutoRefreshTimer); if(!googleConnectionStatus?.ok) return; readonlyAutoRefreshTimer=setInterval(()=>refreshReadonlyCacheSilently({force:true,rerender:true}),READONLY_AUTO_REFRESH_MS); }"
"setInterval","9215","clearInterval(studentPopupClockTimer); updateStudentPopupClock(); studentPopupClockTimer=setInterval(updateStudentPopupClock,1000); } function studentActivityOverview(student) {"
"setInterval","11836","const profileBox=document.querySelector('.profile'); if(profileBox){profileBox.addEventListener('click',openAccountPopover);profileBox.addEventListener('keydown',event=>{if(event.key==='Enter'||event.key===' '){event.preventDefault();openAccountPopover();}});} setInterval(updateHeroClock, 1000); setInterval(checkPeriodAlerts, 30000); setInterval(() => { const minutes = Number(state.settings.neis?.autoRefreshMinutes || 30); if (minutes > 0 && neisData?.fetchedAt && Date.now() - new Date(neisData.fetchedAt).getTime() >= minutes * 60000) loadNeisDashboard(true); }, 60000);"
"setInterval","11837","if(profileBox){profileBox.addEventListener('click',openAccountPopover);profileBox.addEventListener('keydown',event=>{if(event.key==='Enter'||event.key===' '){event.preventDefault();openAccountPopover();}});} setInterval(updateHeroClock, 1000); setInterval(checkPeriodAlerts, 30000); setInterval(() => { const minutes = Number(state.settings.neis?.autoRefreshMinutes || 30); if (minutes > 0 && neisData?.fetchedAt && Date.now() - new Date(neisData.fetchedAt).getTime() >= minutes * 60000) loadNeisDashboard(true); }, 60000);"
"setInterval","11838","setInterval(updateHeroClock, 1000); setInterval(checkPeriodAlerts, 30000); setInterval(() => { const minutes = Number(state.settings.neis?.autoRefreshMinutes || 30); if (minutes > 0 && neisData?.fetchedAt && Date.now() - new Date(neisData.fetchedAt).getTime() >= minutes * 60000) loadNeisDashboard(true); }, 60000); // __UEP_GLOBAL_RENDER_BRIDGE_08087__"
"setInterval","12458","(function(){ const started=Date.now(); const timer=setInterval(()=>{ try{ const gate=document.getElementById('userAuthGate');"
"setTimeout","352","return await Promise.race([ Promise.resolve(promise), new Promise((resolve) => { timer = setTimeout(() => resolve(fallback), milliseconds); }), ]); } finally {"
"setTimeout","432","// 외부 연결은 UI 초기화와 분리하고 서로 독립적인 작업은 병렬로 시작한다. // NEIS가 Google 캐시 완료를 기다리지 않도록 먼저 예약한다. setTimeout(() => loadNeisDashboard(false), 0); const credentialTask = window.schoolBoard?.googleCredentialStatus ? withStartupTimeout(window.schoolBoard.googleCredentialStatus(), 5000, null)"
"setTimeout","453","// 사용자는 기다리지 않고 UEP를 사용하며, 최신 Google Sheet가 도착하면 현재 화면만 갱신한다. if(googleConnectionStatus?.ok){ setTimeout(async()=>{ const ok=await refreshReadonlyCacheSilently({force:true,rerender:true}); if(ok){"
"setTimeout","469","await Promise.race([ initializeUserSessionGate(), new Promise(resolve=>setTimeout(()=>{ try{ if(state?.auth?.rememberUser&&state?.auth?.user){hideUserAuthGate();authSessionReady=true;state.auth.locked=false;}"
"setTimeout","480","// 인증정보가 없거나 복호화/유효성 검증에 실패한 경우에는 기존 setupCompleted 값과 무관하게 // 데이터 연결 단계에서 멈춘다. 학생정보 화면을 먼저 열어 권한부여를 건너뛰지 않는다. setTimeout(()=>openSetupWizard(3),50); }else if(!state.settings.setupCompleted){ setTimeout(()=>openSetupWizard(0),50);"
"setTimeout","482","setTimeout(()=>openSetupWizard(3),50); }else if(!state.settings.setupCompleted){ setTimeout(()=>openSetupWizard(0),50); }else{ setSetupWizardLock(false);"
"setTimeout","735","el.classList.add(""show""); clearTimeout(toast.timer); toast.timer = setTimeout(() => el.classList.remove(""show""), 1800); }"
"setTimeout","844","closeSensitivePasswordModal({current,first}); }; setTimeout(()=>layer.querySelector('[data-sensitive-current],[data-sensitive-first]')?.focus(),0); }); }"
"setTimeout","2064","const tabs=`<div class=""attendance-tabs dorm-tabs dorm-growth-tabs"">${termTabs}<button data-dorm-mode=""outing"" class=""${dormMode==='outing'?'active':''}"">학사운영규칙</button></div>`; if(dormMode==='outing'){ if(false)setTimeout(()=>refreshDormRulesFromReadonly({rerender:true,silent:true}),0); return `<div class=""module-page"">${tabs}${dormRuleManagementMarkup(currentStudents,outings)}</div>`; }"
"setTimeout","2982","const q=v=>'""'+String(v??'').replace(/""/g,'""""')+'""'; const csv='\ufeff'+[['학번','이름','학년','반','자료유형','자료제목','검수텍스트','원본파일'].map(q).join(','),...rows.map(r=>[r.studentNo,r.name,r.grade,r.className,r.type,r.title||r.fileName,r.reviewText||r.normalizedText||r.rawText||r.text,r.fileName].map(q).join(','))].join('\r\n'); const a=document.createElement('a');a.href=URL.createObjectURL(new Blob([csv],{type:'text/csv;charset=utf-8'}));a.download=`UEP_검수자료_${new Date().toISOString().slice(0,10)}.csv`;a.click();setTimeout(()=>URL.revokeObjectURL(a.href),1000);toast(`${rows.length}건을 CSV로 내보냈습니다.`); } function bindInputCenter(){"
"setTimeout","3381","function exportReportStatusExcel(reports){ const rows=[[""반"",""학번"",""이름"",""보고서그룹"",""프로그램명"",""구분"",""제출일시"",""매칭상태""],...reports.map(r=>[r.classNo||"""",r.studentNo||"""",r.studentName||r.name||"""",r.reportGroup||"""",r.programName||"""",r.kind||"""",r.submittedAt||"""",r.matchStatus||""""])]; const html=`<table>${rows.map(row=>`<tr>${row.map(c=>`<td>${xmlEscape(c)}</td>`).join("""")}</tr>`).join("""")}</table>`;const blob=new Blob([`\ufeff<html><meta charset=""utf-8""><body>${html}</body></html>`],{type:""application/vnd.ms-excel;charset=utf-8""});const a=document.createElement(""a"");a.href=URL.createObjectURL(blob);a.download=""UEP_보고서_제출현황.xls"";a.click();setTimeout(()=>URL.revokeObjectURL(a.href),1000); }"
"setTimeout","3457","a.download=""UEP_선택과목_신청내역.xls""; a.click(); setTimeout(()=>URL.revokeObjectURL(a.href),1000); }"
"setTimeout","3599","document.body.classList.add('uep-auth-locked');gate.classList.remove('hidden'); gate.innerHTML=`<section class=""user-auth-card auto-login-transition""><div class=""user-auth-brand""><span>U</span><div><small>UNHO EDUCATION PLATFORM</small><h2>자동 로그인 중…</h2><p>${escapeHtml(savedUser.name)} · ${escapeHtml(maskEmail(savedUser.email))}</p></div></div><div class=""auto-login-progress""><i></i></div><footer>저장된 사용자로 UEP를 시작합니다.</footer></section>`; await new Promise(resolve=>setTimeout(resolve,220)); } hideUserAuthGate();"
"setTimeout","3628","function closeAccountPopover(){document.querySelector('.account-popover')?.remove();} function openAccountPopover(){ closeAccountPopover();const p=currentUserProfile(),profile=document.querySelector('.profile');if(!profile||!authSessionReady)return;const pop=document.createElement('div');pop.className='account-popover';pop.innerHTML=`<div class=""account-popover-head""><span>${escapeHtml((p.name||'U').slice(0,1))}</span><div><b>${escapeHtml(p.name||'사용자')}</b><small>${escapeHtml([p.department,currentRoleDisplay()].filter(Boolean).join(' · '))}</small><em>${escapeHtml(maskEmail(p.email))}</em></div></div><button data-account-lock>화면 잠금<small>현재 화면을 가립니다</small></button><button data-account-switch>다른 사용자로 전환<small>교사명·이메일 다시 입력</small></button><button class=""danger"" data-account-logout>로그아웃<small>자동 로그인도 해제</small></button>`;document.body.appendChild(pop);const r=profile.getBoundingClientRect();pop.style.left=`${Math.max(12,r.left)}px`;pop.style.bottom=`${Math.max(12,window.innerHeight-r.top+8)}px`;pop.querySelector('[data-account-lock]').onclick=lockCurrentUser;pop.querySelector('[data-account-switch]').onclick=switchCurrentUser;pop.querySelector('[data-account-logout]').onclick=logoutCurrentUser;setTimeout(()=>document.addEventListener('pointerdown',accountPopoverOutside,{once:true}),0); } function accountPopoverOutside(event){if(!event.target.closest('.account-popover')&&!event.target.closest('.profile'))closeAccountPopover();}"
"setTimeout","3918","layer.querySelectorAll('[data-guidance-close]').forEach(b=>b.onclick=closeGuidance);layer.onclick=e=>{if(e.target===layer)closeGuidance();}; layer.querySelector('#studentGuidanceForm').onsubmit=async e=>{e.preventDefault();const id=studentSelect.value,student=students.find(st=>String(st.id||st.studentNo||'')===String(id));if(!student)return toast('학생을 선택해 주세요.');const memo=layer.querySelector('#studentGuidanceMemo').value.trim();if(!memo)return toast('지도 내용을 입력해 주세요.');const payload={studentId:String(student.id||''),studentNo:String(student.studentNo||''),name:String(student.name||''),grade:String(student.grade||'1'),className:String(classNumberOf(student)||''),number:String(student.number||''),guidanceDate:String(layer.querySelector('#studentGuidanceDate').value||todayValue),memo,writer:String(currentLoginTeacherName()||currentUser?.name||roleName(currentRoleId())||''),status:'기록'};const saveBtn=layer.querySelector('button[type=""submit""]');saveBtn.disabled=true;saveBtn.textContent='저장 중…';try{const result=await window.schoolBoard?.saveStudentGuidanceRecord?.(payload);if(!result?.ok)throw new Error(result?.reason||'학생지도 기록 저장 실패');readonlyCache.studentGuidanceRecords=Array.isArray(readonlyCache.studentGuidanceRecords)?[result.record,...readonlyCache.studentGuidanceRecords]:[result.record];layer.remove();toast(`${student.studentNo} ${student.name} 학생지도 기록을 저장했습니다.`);}catch(error){saveBtn.disabled=false;saveBtn.textContent='지도 기록 저장';toast(error?.message||'학생지도 기록 저장에 실패했습니다.');}}; setTimeout(()=>classSelect?.focus(),30); } function openIssueReportDialog(){"
"setTimeout","3928","layer.onclick=e=>{if(e.target===layer)layer.remove();}; layer.querySelector('#issueReportForm').onsubmit=async e=>{e.preventDefault();state.issueReports.unshift({id:`ISS-${Date.now()}`,createdAt:new Date().toISOString(),reporter:roleName(currentRoleId()),page:layer.querySelector('#issuePage').value.trim(),type:layer.querySelector('#issueType').value,description:layer.querySelector('#issueDescription').value.trim(),steps:layer.querySelector('#issueSteps').value.trim(),version:APP_VERSION,status:'new',adminNote:'',updatedAt:''});await save();layer.remove();toast('오류 신고를 이 PC에 저장했습니다. 관리자 화면에서 확인할 수 있습니다.');if(state.activePage==='settings')render('settings');}; setTimeout(()=>layer.querySelector('#issueDescription')?.focus(),30); } function openIssueManager(){"
"setTimeout","4443","scorePeriod=""all""; render(""scores""); setTimeout(()=>{ const scope=$(""#scoreScope""),classSelect=$(""#scoreClass""),studentSelect=$(""#scoreStudent""); if(scope)scope.value=""individual"";"
"setTimeout","6822","link.download = `${fileName.replace(/[\\/:*?""<>|]/g, ""_"")}.doc`; link.click(); setTimeout(() => URL.revokeObjectURL(link.href), 1000); }"
"setTimeout","8157","}finally{__uepDashboardCounselBuildScheduled=false;} }; if(typeof requestIdleCallback==='function')requestIdleCallback(runner,{timeout:900}); else setTimeout(runner,30); } function dashboardCounselMarkup(){"
"setTimeout","8933","const rows=week.map((row,index)=>`<tr><th><b>${index+1}</b><small>${escapeHtml(periodTimeLabel(index+1)).replace(""~"",""<br>~<br>"")}</small></th>${row.map(cell=>{const [subject,room]=cell.split(""|"");return `<td>${subject===""-""?""<span>-</span>"":`<b>${escapeHtml(room||""교실 미등록"")}</b><small>${escapeHtml(subject)}</small>`}</td>`;}).join("""")}</tr>`).join(""""); const card=`<section class=""ticket""><header><div><b>개인 시간표</b><small>${escapeHtml(teacher)}</small></div><span>UEP</span></header><table><thead><tr><th>교시</th>${days.map(day=>`<th>${escapeHtml(day).replace(/\(.+\)/,"""")}</th>`).join("""")}</tr></thead><tbody>${rows}</tbody></table><footer>${new Date().toLocaleDateString(""ko-KR"")} 기준</footer></section>`; popup.document.write(`<!doctype html><html lang=""ko""><head><meta charset=""utf-8""><title>개인 시간표 · A4 6매</title><style>*{box-sizing:border-box}html,body{margin:0;background:#eef3f6;color:#17354b;font-family:""Malgun Gothic"",sans-serif}.print-tools{position:sticky;top:0;z-index:5;display:flex;align-items:center;justify-content:space-between;padding:12px 18px;background:#fff;border-bottom:1px solid #d6e1e8}.print-tools b{font-size:15px}.print-tools span{font-size:12px;color:#687e90}.print-tools button{border:0;border-radius:9px;padding:9px 16px;background:#287f83;color:#fff;font-weight:800}.sheet{width:210mm;min-height:297mm;margin:12px auto;padding:7mm;display:grid;grid-template-columns:repeat(2,1fr);grid-template-rows:repeat(3,1fr);gap:4mm;background:#fff;box-shadow:0 8px 30px rgba(20,45,64,.15)}.ticket{min-width:0;min-height:0;padding:3.5mm;border:1px dashed #9fb2c0;border-radius:3mm;display:flex;flex-direction:column;background:linear-gradient(180deg,#f7fbfd,#fff)}.ticket header{display:flex;align-items:center;justify-content:space-between;margin-bottom:2mm}.ticket header b,.ticket header small{display:block}.ticket header b{font-size:10pt}.ticket header small{font-size:7pt;color:#638096;margin-top:.5mm}.ticket header span{padding:1mm 2mm;border-radius:2mm;background:#dff4ee;color:#267c70;font-size:7pt;font-weight:900}.ticket table{width:100%;height:100%;border-collapse:collapse;table-layout:fixed}.ticket th,.ticket td{border:1px solid #b9cad5;text-align:center;vertical-align:middle;padding:.5mm;overflow:hidden}.ticket thead th{height:6mm;background:#dfeef5;font-size:7pt}.ticket thead th:first-child{width:12mm}.ticket tbody th{background:#f3f7fa}.ticket tbody th b{display:block;font-size:8pt;line-height:1}.ticket tbody th small{display:block;margin-top:.5mm;font-size:4.8pt;line-height:1.05;color:#637d90;white-space:normal}.ticket td b{display:block;font-size:7.2pt;line-height:1.05;word-break:keep-all}.ticket td small{display:block;margin-top:.6mm;font-size:5.6pt;color:#68869a}.ticket td span{font-size:7pt;color:#a2b0ba}.ticket footer{padding-top:1mm;text-align:right;font-size:5.5pt;color:#8395a4}@page{size:A4 portrait;margin:0}@media print{html,body{background:#fff}.print-tools{display:none}.sheet{margin:0;box-shadow:none;break-inside:avoid}}</style></head><body><div class=""print-tools""><div><b>교과서 부착용 개인 시간표</b><span> · A4 한 장에 6매</span></div><button onclick=""window.print()"">인쇄</button></div><main class=""sheet"">${Array.from({length:6},()=>card).join("""")}</main><script>window.onload=()=>setTimeout(()=>window.print(),300)<\/script></body></html>`); popup.document.close(); }"
"setTimeout","9936","if(page===""recordcheck"")requestAnimationFrame(()=>{const mount=document.getElementById(""standaloneRecordcheckMount"");if(mount&&window.uepMountRecordbookValidator)window.uepMountRecordbookValidator(mount);}); $$('[data-student-page-mode]').forEach(button=>button.onclick=()=>{studentPageMode=button.dataset.studentPageMode||""list"";render(""students"");window.scrollTo(0,0);}); $$('[data-student-counsel-history]').forEach(button=>button.onclick=()=>{const id=button.dataset.studentCounselHistory;selectedStudentId=id;const idx=(readonlyCache?.students||[]).findIndex(s=>String(s.id)===String(id));if(idx>=0)studentDashboardIndex=idx;studentPageMode='dashboard';render('students');requestAnimationFrame(()=>setTimeout(()=>openCounselSidePanel(id),80));}); $$('[data-student-counsel-class]').forEach(button=>button.onclick=()=>{const next=String(button.dataset.studentCounselClass||'');studentCounselClassFilter=String(studentCounselClassFilter)===next?'':next;studentPageMode='counsel';render('students');window.scrollTo(0,0);}); $$('[data-student-stats-class]').forEach(button=>button.onclick=()=>{studentStatsClassFilter=button.dataset.studentStatsClass||'all';render('students');window.scrollTo(0,0);});"
"setTimeout","10003","if(window.__uepPendingCounselStudentId && String(window.__uepPendingCounselStudentId)===String((readonlyCache?.students||[])[studentDashboardIndex]?.id||'')){ const pendingId=window.__uepPendingCounselStudentId;window.__uepPendingCounselStudentId=''; setTimeout(()=>openCounselSidePanel(pendingId),120); } });"
"setTimeout","10771","button.onpointerdown = (event) => { if (event.pointerType === ""mouse"" && event.button !== 0) return; timer = setTimeout(() => { active = button; button.dataset.suppressClick = ""1"";"
"setTimeout","11020","function exportReportExcel(report,student){ const responses=(report.responses||[]); const rows=[[""프로그램명"",report.programName||""""],[""학생"",`${report.studentNo||student?.studentNo||""""} ${report.name||student?.name||""""}`],[""구분"",report.kind||""""],[""최종제출일(차수)"",reportSubmissionLabel(report)],[""매칭상태"",report.matchStatus||""""],[],[""문항"",""응답""],...responses.map((value,index)=>[report.questions?.[index]||reportQuestionLabel(index),value||""""])]; const table=`<table>${rows.map(row=>`<tr>${row.map(cell=>`<td>${xmlEscape(cell)}</td>`).join("""")}</tr>`).join("""")}</table>`; const blob=new Blob([`\ufeff<html><head><meta charset=""utf-8""></head><body>${table}</body></html>`],{type:""application/vnd.ms-excel;charset=utf-8""}); const link=document.createElement(""a""); link.href=URL.createObjectURL(blob); link.download=`${safeFileName(`${report.studentNo||student?.studentNo||""""}_${report.programName||""학생보고서""}`)}.xls`; link.click(); setTimeout(()=>URL.revokeObjectURL(link.href),1000); } async function copyProgramRiroNotice(program){"
"setTimeout","11084","const rowXml=(cells)=>`<Row>${cells.map(cell=>`<Cell><Data ss:Type=\""String\"">${xmlEscape(cell)}</Data></Cell>`).join("""")}</Row>`; const xml=`<?xml version=\""1.0\""?><Workbook xmlns=\""urn:schemas-microsoft-com:office:spreadsheet\"" xmlns:ss=\""urn:schemas-microsoft-com:office:spreadsheet\""><Worksheet ss:Name=\""출석부\""><Table>${meta.map(rowXml).join("""")}<Row></Row>${rowXml([""번호"",""학번"",""이름"",""반"",""출석"",""비고""])}${rows.map(rowXml).join("""")}</Table></Worksheet></Workbook>`; const blob=new Blob([""\ufeff"",xml],{type:""application/vnd.ms-excel""}); const url=URL.createObjectURL(blob); const a=document.createElement(""a""); a.href=url; a.download=`${safeFileName(program.actualTitle||program.title)}_출석부.xls`; document.body.appendChild(a); a.click(); a.remove(); setTimeout(()=>URL.revokeObjectURL(url),1000); toast(""출석부 Excel 파일을 생성했습니다.""); }"
"setTimeout","11606","$(""#taskDate"").value = dateKey(today); $(""#modalBackdrop"").classList.remove(""hidden""); setTimeout(() => $(""#taskTitle"").focus(), 30); } function closeModal() {"
"setTimeout","11636","if ($(""#quickSearchButton"")) $(""#quickSearchButton"").onclick = () => { navigate(""students""); setTimeout(() => $("".search"")?.focus(), 50); }; $(""#quickAdd"")?.addEventListener(""click"", openModal);"
"setTimeout","11975","const obs=new MutationObserver(()=>requestAnimationFrame(refineGrowthProfile)); obs.observe(document.documentElement,{childList:true,subtree:true}); setTimeout(refineGrowthProfile,0); })();"
"setTimeout","12056","} const run=()=>{refineGrowth090();refineStatsPrivacy090();}; const obs=new MutationObserver(()=>requestAnimationFrame(run));obs.observe(document.documentElement,{childList:true,subtree:true});setTimeout(run,0); })(); load();"
"setTimeout","12061","const scheduleWeatherLoad = () => loadWeather(); if ('requestIdleCallback' in window) requestIdleCallback(scheduleWeatherLoad, { timeout: 1800 }); else setTimeout(scheduleWeatherLoad, 900); // UEP 0.80.66 - 빠른열기 결재라인 팝업 안전 범위 UI 보정"
"setTimeout","12140","obs.observe(document.documentElement,{childList:true,subtree:true}); window.addEventListener('resize',applyFix); setTimeout(applyFix,250); })(); // UEP 0.80.67 - 빠른열기 결재라인 카드 높이/줄바꿈 보정"
"setTimeout","12223","obs.observe(document.documentElement,{childList:true,subtree:true}); window.addEventListener('resize',applyFix); setTimeout(applyFix,250); })(); // UEP 0.80.68 - 빠른열기 결재라인 왼쪽 카드 직접 보정"
"setTimeout","12284","obs.observe(document.documentElement,{childList:true,subtree:true}); window.addEventListener('resize',apply); setTimeout(apply,200); })(); // __UEP_GOOGLE_STATUS_UI_08069__"
"setTimeout","12299","const obs=new MutationObserver(()=>requestAnimationFrame(normalizeGoogleConnectionError)); obs.observe(document.documentElement,{childList:true,subtree:true,characterData:true}); setTimeout(normalizeGoogleConnectionError,250); })(); // __UEP_GOOGLE_OAUTH_UI_08070__"
"setTimeout","12338","} const obs=new MutationObserver(()=>requestAnimationFrame(enhance));obs.observe(document.documentElement,{childList:true,subtree:true}); setTimeout(enhance,300); })(); // UEP 0.80.79 selection-course identity/comparison helpers."
"setTimeout","12401","const obs=new MutationObserver(()=>requestAnimationFrame(annotateGoogleConnection)); obs.observe(document.documentElement,{childList:true,subtree:true}); setTimeout(annotateGoogleConnection,350); })(); // __UEP_EVIDENCE_GROWTH_08082__"
"setTimeout","12453","} (function(){ const enhance=()=>{document.querySelectorAll('h1,h2,h3').forEach(h=>{if(/프로그램추천|프로그램 추천/.test(h.textContent||'')){const root=h.closest('section,main,div');if(root&&!root.querySelector('[data-growth-program-guide]')){const n=document.createElement('div');n.dataset.growthProgramGuide='1';n.className='growth-program-guide';n.innerHTML='<b>학생 성장 근거 기반 프로그램 추천</b><span>단순히 SDG 빈칸을 채우는 추천이 아닙니다. 학생들의 진로·탐구·공동체·사회문제 경험과 유네스코 지속가능발전교육의 관점을 함께 분석하여 학교교육과정에서 보완할 경험을 제안합니다.</span>';root.insertBefore(n,h.nextSibling);}}});};new MutationObserver(()=>requestAnimationFrame(enhance)).observe(document.documentElement,{subtree:true,childList:true});setTimeout(enhance,500); })(); // __UEP_AUTOLOGIN_WATCHDOG_08083__"
"setTimeout","12471","}catch{clearInterval(timer);} },350); setTimeout(()=>clearInterval(timer),12000); })(); // __UEP_RENDER_HARD_RECOVERY_08086__"
"setTimeout","12492","if(host && String(host.innerHTML||'').trim()) return; }catch(error){console.error('[UEP] render recovery watchdog',error);} if(tries<5)setTimeout(recover,900); }; setTimeout(recover,700);"
"setTimeout","12494","if(tries<5)setTimeout(recover,900); }; setTimeout(recover,700); })(); const __uepFinalStyle090=document.createElement('style');__uepFinalStyle090.textContent=""/* __UEP_FINAL_UI_08090__ */\r\n.selection-compare-panel.compact-089{display:none!important}\r\n.selection-result-090,.selection-validation-090{width:100%!important;margin:8px 0!important;padding:12px 14px!important;border-radius:14px!important}\r\n.selection-result-090 header,.selection-validation-090 header{display:flex;justify-content:space-between;align-items:center;margin-bottom:8px}\r\n.selection-result-grid-090{display:grid;grid-template-columns:repeat(2,minmax(0,1fr));gap:8px}.selection-result-grid-090 article{border:1px solid #dbe7e4;border-radius:11px;padding:10px}.selection-result-grid-090 article>div{display:grid;grid-template-columns:70px 1fr;gap:6px;margin-top:6px}.selection-result-grid-090 p{margin:0}.selection-result-grid-090 p span{display:inline-block;margin:0 5px 3px 0}.selection-validation-090 details{display:block!important}.selection-validation-090 summary{display:none!important}\r\n.growth-profile-v082 .growth-profile-intro{display:grid!important;grid-template-columns:minmax(0,1.35fr) minmax(360px,.9fr)!important;gap:22px!important;align-items:start!important}.growth-guide-open-090{border-left:1px solid #cfe2dd;padding-left:20px}.growth-guide-open-090>b{display:inline-block;background:#e5f5ee;color:#147664;border-radius:999px;padding:8px 12px;margin-bottom:8px}.growth-guide-open-090 h4{margin:2px 0 8px;color:#176f63;font-size:14px}.growth-guide-open-090 p{font-size:12px!important;line-height:1.55!important;margin:0 0 7px!important}.growth-guide-open-090 em{display:block;background:#fff4d7;border-radius:10px;padding:7px 9px;color:#88621d;font-style:normal;font-size:11px}\r\n.growth-story-card.merged-090{padding:14px 18px!important}.growth-story-card.merged-090 .growth-axis-grid{margin-top:12px!important;display:grid!important;grid-template-columns:repeat(4,minmax(0,1fr))!important;gap:8px!important}.growth-story-card.merged-090 .growth-axis-grid>*{padding:10px!important;min-height:0!important}\r\n.growth-sdg-empty-089{display:none!important}.growth-sdg-lens .growth-sdg-grid{display:grid!important;grid-template-columns:repeat(4,minmax(0,1fr))!important;gap:10px!important;align-items:start!important}.growth-sdg-lens .growth-sdg-chip{height:auto!important;min-height:90px!important;padding:11px!important;cursor:default!important}.growth-sdg-chip .inline-evidence-090{display:block!important;position:static!important;margin-top:9px!important;padding-top:8px!important;border-top:1px solid #dce7e4!important;max-height:none!important;overflow:visible!important}.growth-sdg-chip .inline-evidence-090>*{display:block!important;margin:4px 0!important}\r\n@media(max-width:1100px){.growth-profile-v082 .growth-profile-intro{grid-template-columns:1fr!important}.growth-guide-open-090{border-left:0;border-top:1px solid #cfe2dd;padding:10px 0 0}.growth-sdg-lens .growth-sdg-grid{grid-template-columns:repeat(2,minmax(0,1fr))!important}}"";document.head.appendChild(__uepFinalStyle090);"
"setTimeout","12526","const filtered=()=>session.records.filter(r=>(session.classNo===""all""||r.classNo===session.classNo)&&(session.subject===""all""||r.subject===session.subject)&&(session.student===""all""||r.studentNo===session.student)&&(session.scope!==""issues""||activeIssues(r).length)); const highlighted=(text,issues)=>{let html=esc(text);[...new Set(issues.flatMap(i=>i.hits||[]))].sort((a,b)=>b.length-a.length).forEach(hit=>{if(hit)html=html.split(esc(hit)).join('<mark>'+esc(hit)+'</mark>');});return html;}; const render=root=>{const records=filtered(),attention=records.filter(r=>activeIssues(r).length),classes=[...new Set(session.records.map(r=>r.classNo))].sort(),subjects=[...new Set(session.records.map(r=>r.subject))].sort((a,b)=>a.localeCompare(b,""ko"")),students=[...new Map(session.records.filter(r=>r.studentNo).map(r=>[r.studentNo,{studentNo:r.studentNo,name:r.name}])).values()].sort((a,b)=>String(a.studentNo).localeCompare(String(b.studentNo))),box=root.querySelector('[data-neis-results]');if(!box)return;if(!session.records.length){box.innerHTML='<div class=""neis-empty""><b>나이스 교과 세특 엑셀을 불러오면 이곳에서만 검증합니다.</b></div>';return;}box.innerHTML=`<div class=""neis-filter-report""><label>반별<select data-neis-class><option value=""all"">전체 반</option>${classes.map(x=>`<option ${session.classNo===x?'selected':''}>${esc(x)}</option>`).join('')}</select></label><label>과목별<select data-neis-subject><option value=""all"">전체 과목</option>${subjects.map(x=>`<option ${session.subject===x?'selected':''}>${esc(x)}</option>`).join('')}</select></label><label class=""neis-student-filter"">개인별<select data-neis-student><option value=""all"">전체 학생</option>${students.map(x=>`<option value=""${esc(x.studentNo)}"" ${session.student===x.studentNo?'selected':''}>${esc(x.studentNo)} ${esc(x.name)}</option>`).join('')}</select></label><button class=""btn ${session.scope==='issues'?'primary':'secondary'}"" data-neis-errors-only>오류 표시만</button><label class=""neis-dismissed-option""><input type=""checkbox"" data-neis-include-dismissed ${session.includeDismissed?'checked':''}> 해제 항목도 출력</label><button class=""btn primary"" data-neis-print>오류 리포트 출력</button></div><div class=""neis-summary""><button><b>${records.length}</b><span>현재 조회</span></button><button><b>${attention.length}</b><span>오류 학생</span></button><button><b>${records.reduce((n,r)=>n+activeIssues(r).length,0)}</b><span>확인 항목</span></button><em>${esc(session.fileName)} · 현재 실행 중에만 유지</em></div><div class=""neis-record-list"">${records.map(r=>{const issues=session.includeDismissed?r.issues:activeIssues(r);return `<article class=""${issues.length?'attention':'normal'}""><header><div><small>${esc([r.classNo+'반',r.studentNo,r.name,r.subject].filter(Boolean).join(' · '))}</small><h4>${esc(issues.length?issues.map(x=>x.category).join(' · '):'발견 사항 없음')}</h4></div><span>${esc(r.sheet)} ${r.row}행</span></header><p class=""neis-original"">${highlighted(r.text,issues)}</p>${issues.length?`<div class=""neis-issues"">${issues.map(issue=>{const decision=session.decisions[key(r,issue)]||'pending';return `<div class=""${decision}""><b>${esc(issue.category)} · ${esc((issue.hits||[]).join(', '))}</b><span>${esc(issue.reason)}</span><div class=""neis-decision-actions""><button data-neis-confirm=""${esc(key(r,issue))}"" class=""${decision==='confirmed'?'active':''}"">확인</button><button data-neis-dismiss=""${esc(key(r,issue))}"" class=""${decision==='dismissed'?'active':''}"">해제</button></div></div>`;}).join('')}</div>`:'<div class=""neis-pass"">현재 적용 규칙에서 발견된 사항이 없습니다.</div>'}</article>`;}).join('')}</div>`;box.querySelector('[data-neis-class]').onchange=e=>{session.classNo=e.target.value;render(root);};box.querySelector('[data-neis-subject]').onchange=e=>{session.subject=e.target.value;render(root);};box.querySelector('[data-neis-student]').onchange=e=>{session.student=e.target.value;render(root);};box.querySelector('[data-neis-errors-only]').onclick=()=>{session.scope=session.scope==='issues'?'all':'issues';render(root);};box.querySelector('[data-neis-include-dismissed]').onchange=e=>{session.includeDismissed=e.target.checked;render(root);};box.querySelectorAll('[data-neis-confirm]').forEach(b=>b.onclick=()=>{session.decisions[b.dataset.neisConfirm]='confirmed';render(root);});box.querySelectorAll('[data-neis-dismiss]').forEach(b=>b.onclick=()=>{session.decisions[b.dataset.neisDismiss]='dismissed';render(root);});box.querySelector('[data-neis-print]').onclick=()=>{document.body.classList.add('printing-neis-report');window.print();setTimeout(()=>document.body.classList.remove('printing-neis-report'),500);};}; const openRuleManager=root=>{document.querySelector('.neis-rule-modal')?.remove();const modal=document.createElement('div');modal.className='neis-rule-modal';const draw=()=>{modal.innerHTML=`<section><header><div><small>RECORD CHECK RULES</small><h3>오류규칙·금지어 관리</h3><p>규칙을 추가·수정·해제하거나 삭제할 수 있습니다.</p></div><button data-rule-close>×</button></header><div class=""neis-rule-list"">${forbidden.map(([category,rx,enabled],i)=>`<article class=""${enabled===false?'disabled':''}""><input data-rule-category=""${i}"" value=""${esc(category)}""><input data-rule-pattern=""${i}"" value=""${esc(rx.source)}""><button data-rule-toggle=""${i}"">${enabled===false?'사용':'해제'}</button><button data-rule-delete=""${i}"">삭제</button></article>`).join('')}</div><footer><button class=""btn secondary"" data-rule-add>+ 규칙 추가</button><button class=""btn primary"" data-rule-save>저장 후 다시 검사</button></footer></section>`;modal.querySelector('[data-rule-close]').onclick=()=>modal.remove();modal.querySelector('[data-rule-add]').onclick=()=>{forbidden.push(['새 규칙',/새금지어/g,true]);draw();};modal.querySelectorAll('[data-rule-toggle]').forEach(b=>b.onclick=()=>{forbidden[+b.dataset.ruleToggle][2]=forbidden[+b.dataset.ruleToggle][2]===false;draw();});modal.querySelectorAll('[data-rule-delete]').forEach(b=>b.onclick=()=>{if(confirm('이 규칙을 삭제하시겠습니까?')){forbidden.splice(+b.dataset.ruleDelete,1);draw();}});modal.querySelector('[data-rule-save]').onclick=()=>{try{modal.querySelectorAll('[data-rule-category]').forEach(input=>{const i=+input.dataset.ruleCategory,pattern=modal.querySelector(`[data-rule-pattern=""${i}""]`).value;forbidden[i]=[input.value.trim()||'이름 없음',new RegExp(pattern,'gi'),forbidden[i][2]];});saveRules();if(session.sourceSheets)session.records=makeRecords(session.sourceSheets);render(root);modal.remove();toast('검증 규칙을 저장하고 다시 검사했습니다.');}catch(e){toast('정규식 규칙을 확인해 주세요.');}};};draw();document.body.appendChild(modal);}; const mount=host=>{if(document.querySelector('[data-neis-local-validator]'))return;const root=document.createElement('section');root.dataset.neisLocalValidator='1';root.className='neis-record-validator';root.innerHTML='<header><div><small>NEIS LOCAL RECORD CHECK</small><h3>교과 세부능력 및 특기사항 사전 검증</h3><p>반별·과목별·오류만 조회하고, 발견 항목을 확인하거나 해제한 뒤 오류 리포트를 출력합니다.</p></div><div><button class=""btn secondary"" data-neis-rules>검증 규칙</button><button class=""btn primary"" data-neis-open>나이스 엑셀 불러오기</button><button class=""btn secondary"" data-neis-clear>검증자료 지우기</button></div></header><div class=""neis-local-lock"">🔒 원본·판정은 UEP 종료 시 삭제 · 사용자 검증규칙은 이 PC에 저장</div><div data-neis-results></div>';host.insertAdjacentElement('afterend',root);root.querySelector('[data-neis-rules]').onclick=()=>openRuleManager(root);root.querySelector('[data-neis-open]').onclick=async()=>{const result=await window.schoolBoard?.inspectNeisRecordbook?.();if(!result||result.canceled)return;if(!result.ok)return toast(result.reason||'나이스 엑셀을 읽지 못했습니다.');session={fileName:result.fileName||'나이스 엑셀',sourceSheets:result.sheets,records:makeRecords(result.sheets),scope:'all',classNo:'all',subject:'all',student:'all',decisions:{},includeDismissed:false};render(root);};root.querySelector('[data-neis-clear]').onclick=()=>{session={fileName:'',records:[],scope:'all',classNo:'all',subject:'all',student:'all',decisions:{},includeDismissed:false};render(root);};render(root);};"
"requestAnimationFrame","530","const scrollY=window.scrollY; render(state.activePage||'dashboard'); requestAnimationFrame(()=>window.scrollTo(0,scrollY)); } return true;"
"requestAnimationFrame","969","$$('[data-page]').forEach(x=>x.classList.toggle('active',x.dataset.page==='students')); $('#pageKicker').textContent='학생 기본정보 기준 원장'; $('#pageTitle').textContent='학생정보'; render('students'); requestAnimationFrame(()=>window.scrollTo(0,originScroll)); studentFocusContext=null; return; } const index=(readonlyCache?.students||[]).findIndex(item=>String(item.id)===String(student.id));"
"requestAnimationFrame","989","const scope=$('#scoreScope'),cls=$('#scoreClass'),sel=$('#scoreStudent'); if(scope)scope.value='individual'; if(cls){cls.value=classNo;cls.dispatchEvent(new Event('change'));} requestAnimationFrame(()=>{const target=$('#scoreStudent');if(target){target.value=student.id;$('#scoreQueryButton')?.click();}}); }else if(page==='admissions'){ const scope=$('#admissionScope'),cls=$('#admissionClass'); if(scope)scope.value='individual';"
"requestAnimationFrame","993","const scope=$('#admissionScope'),cls=$('#admissionClass'); if(scope)scope.value='individual'; if(cls){cls.value=classNo;cls.dispatchEvent(new Event('change'));} requestAnimationFrame(()=>{const target=$('#admissionStudent');if(target){target.value=student.id;$('#admissionQueryButton')?.click();}}); }else if(page==='attendance'){ attendanceStatStudentFilter=attendanceStudentKey(student);"
"requestAnimationFrame","1139","$(""[data-student-focus-return]"")?.addEventListener(""click"",returnToFocusedStudent); $(""[data-student-focus-end]"")?.addEventListener(""click"",endStudentFocus); if(studentFocusContext && page!==""students"") requestAnimationFrame(()=>applyStudentFocusToPage(page)); } catch (error) { console.error(error);"
"requestAnimationFrame","1716","const category=el.dataset.dormRuleAdd||'exception'; dormRuleEditor(); requestAnimationFrame(()=>{const select=$('#dormRuleCategory');if(select){select.value=category;applyDormRuleEditorMode();}}); return; }"
"requestAnimationFrame","7611","$(""#drawerBody"").innerHTML=`<div class=""history-summary positive""><span><small>기준일</small><b>${escapeHtml(day)}</b></span><span><small>시간대</small><b>${escapeHtml(slot)}</b></span><span><small>학생 수</small><b>${total}명</b></span></div><p class=""dashboard-night-guide"">반별 자습 인원을 한 화면에서 확인합니다.</p><div class=""dashboard-night-class-grid"">${classes.map(cls=>{const members=[...(groups.get(cls)?.values()||[])].sort((a,b)=>String(a.studentNo||'').localeCompare(String(b.studentNo||''),'ko'));return `<section><header><b>${cls}반</b><span>${members.length}명</span></header><div>${members.length?members.map(m=>`<button data-dashboard-night-student=""${escapeHtml(attendanceStudentKey(m))}"" data-dashboard-night-student-day=""${escapeHtml(day)}"" data-dashboard-night-student-slot=""${escapeHtml(slot)}""><b>${escapeHtml(m.studentNo||"""")} ${escapeHtml(m.name||"""")}</b></button>`).join(""""):'<small>참여 없음</small>'}</div></section>`;}).join("""")}</div><div class=""drawer-actions""><button class=""btn primary"" data-night-attendance-date=""${escapeHtml(day)}"">상세보기</button></div>`; $(""#drawer"").classList.remove(""hidden"");$(""#drawerBackdrop"").classList.remove(""hidden""); $(""#drawerBody [data-night-attendance-date]"")?.addEventListener(""click"",()=>{attendanceViewDate=day;nightViewMonth=day.slice(0,7);window.__uepNightRequestedSlot=slot;closeDrawer();navigate(""attendance"");attendanceMode=""night"";render(""attendance"");window.scrollTo(0,0);requestAnimationFrame(()=>toast(`${day} ${slot} 야자출결로 이동했습니다.`));}); $(""#drawerBody"").querySelectorAll('[data-dashboard-night-student]').forEach(btn=>btn.onclick=()=>openNightAttendanceDetail(btn.dataset.dashboardNightStudent,btn.dataset.dashboardNightStudentDay,btn.dataset.dashboardNightStudentSlot)); }"
"requestAnimationFrame","8205","save(); render('students'); requestAnimationFrame(()=>{ document.querySelector('.student-counsel-center')?.scrollIntoView({block:'start'}); document.querySelector('.counsel-right-column')?.scrollIntoView({block:'nearest'});"
"requestAnimationFrame","8225","studentCounselSelectedStudentId=button.dataset.counselStudent||''; render('students'); requestAnimationFrame(()=>document.querySelector('.counsel-right-column')?.scrollIntoView({block:'nearest'})); return; }"
"requestAnimationFrame","9703","state.activePage='admissions'; render('admissions'); requestAnimationFrame(()=>applyStudentFocusToPage('admissions')); }else{ studentFocusContext=null;"
"requestAnimationFrame","9919","} function bindPage(page) { requestAnimationFrame(()=>{applyStorageLocationBadges();bindCommonCounselButtons();applyPrivacyMode();const pb=document.getElementById('privacyModeButton');if(pb&&!pb.dataset.bound){pb.dataset.bound='1';pb.addEventListener('click',togglePrivacyMode);}}); if(page===""inputs"")bindInputCenter(); if(page===""records""&&(recordMode===""curriculum""||recordMode===""sdgs""))requestAnimationFrame(()=>{"
"requestAnimationFrame","9921","requestAnimationFrame(()=>{applyStorageLocationBadges();bindCommonCounselButtons();applyPrivacyMode();const pb=document.getElementById('privacyModeButton');if(pb&&!pb.dataset.bound){pb.dataset.bound='1';pb.addEventListener('click',togglePrivacyMode);}}); if(page===""inputs"")bindInputCenter(); if(page===""records""&&(recordMode===""curriculum""||recordMode===""sdgs""))requestAnimationFrame(()=>{ $$('[data-curriculum-workspace]').forEach(b=>b.onclick=()=>{curriculumWorkspaceMode=b.dataset.curriculumWorkspace;render('records');}); $$('[data-record-class]').forEach(b=>b.onclick=()=>{recordClassNo=b.dataset.recordClass;recordStudentId='';render('records');});"
"requestAnimationFrame","9934","$('[data-copy-sdgs-supplement]')?.addEventListener('click',async()=>{try{await navigator.clipboard.writeText($('#sdgsSupplementText')?.value||'');toast('SDGs 근거 보완 질문을 복사했습니다.');}catch{toast('복사에 실패했습니다.');}}); }); if(page===""recordcheck"")requestAnimationFrame(()=>{const mount=document.getElementById(""standaloneRecordcheckMount"");if(mount&&window.uepMountRecordbookValidator)window.uepMountRecordbookValidator(mount);}); $$('[data-student-page-mode]').forEach(button=>button.onclick=()=>{studentPageMode=button.dataset.studentPageMode||""list"";render(""students"");window.scrollTo(0,0);}); $$('[data-student-counsel-history]').forEach(button=>button.onclick=()=>{const id=button.dataset.studentCounselHistory;selectedStudentId=id;const idx=(readonlyCache?.students||[]).findIndex(s=>String(s.id)===String(id));if(idx>=0)studentDashboardIndex=idx;studentPageMode='dashboard';render('students');requestAnimationFrame(()=>setTimeout(()=>openCounselSidePanel(id),80));});"
"requestAnimationFrame","9936","if(page===""recordcheck"")requestAnimationFrame(()=>{const mount=document.getElementById(""standaloneRecordcheckMount"");if(mount&&window.uepMountRecordbookValidator)window.uepMountRecordbookValidator(mount);}); $$('[data-student-page-mode]').forEach(button=>button.onclick=()=>{studentPageMode=button.dataset.studentPageMode||""list"";render(""students"");window.scrollTo(0,0);}); $$('[data-student-counsel-history]').forEach(button=>button.onclick=()=>{const id=button.dataset.studentCounselHistory;selectedStudentId=id;const idx=(readonlyCache?.students||[]).findIndex(s=>String(s.id)===String(id));if(idx>=0)studentDashboardIndex=idx;studentPageMode='dashboard';render('students');requestAnimationFrame(()=>setTimeout(()=>openCounselSidePanel(id),80));}); $$('[data-student-counsel-class]').forEach(button=>button.onclick=()=>{const next=String(button.dataset.studentCounselClass||'');studentCounselClassFilter=String(studentCounselClassFilter)===next?'':next;studentPageMode='counsel';render('students');window.scrollTo(0,0);}); $$('[data-student-stats-class]').forEach(button=>button.onclick=()=>{studentStatsClassFilter=button.dataset.studentStatsClass||'all';render('students');window.scrollTo(0,0);});"
"requestAnimationFrame","9949","const expectedStudentIndex=studentDashboardIndex; const expectedSwitchToken=window.__uepStudentDashboardSwitchToken||0; requestAnimationFrame(()=>{ if(expectedStudentIndex!==studentDashboardIndex || expectedSwitchToken!==(window.__uepStudentDashboardSwitchToken||0))return; const host=$(""#studentDashboardEmbedded""); if(!host)return;"
"requestAnimationFrame","10103","}; }); if($('#dormRuleReload')) $('#dormRuleReload').onclick=()=>refreshDormRulesFromReadonly({rerender:true,silent:false}); $$('[data-dorm-rule-add]').forEach(button=>button.onclick=()=>{const category=button.dataset.dormRuleAdd||'exception';dormRuleEditor();requestAnimationFrame(()=>{const select=$('#dormRuleCategory');if(select)select.value=category;});}); $$('[data-dorm-rule-confirm]').forEach(button=>button.onclick=()=>confirmDormRule(button.dataset.dormRuleConfirm)); $$('[data-dorm-rule-edit]').forEach(button=>button.onclick=()=>dormRuleEditor(button.dataset.dormRuleEdit));"
"requestAnimationFrame","10133","document.querySelectorAll(""[data-admission-manage-detail]"").forEach(detailButton=>{detailButton.onclick=()=>{const group=detailButton.dataset.admissionGroup;const index=detailButton.dataset.admissionManageDetail;document.querySelector(`#admissionManageDetail-${group}-${index}`)?.classList.toggle(""hidden"");};}); document.querySelectorAll(""[data-admission-manage-filter]"").forEach(filterButton=>{filterButton.onclick=()=>{admissionManagementFilter=filterButton.dataset.admissionManageFilter||""combined"";render(""admissions"");};}); if(window.__focusGrowthStudentId){requestAnimationFrame(()=>{const row=document.querySelector(`[data-growth-student-id=""${CSS.escape(String(window.__focusGrowthStudentId))}""]`);if(row){row.classList.add('growth-focus-row');row.scrollIntoView({behavior:'smooth',block:'center'});const detail=row.nextElementSibling;if(detail?.classList.contains('admission-manage-detail'))detail.classList.remove('hidden');}window.__focusGrowthStudentId='';});} });"
"requestAnimationFrame","10179","$$(`[data-night-class]`).forEach((button) => { button.onclick = () => { nightClassFilter = button.dataset.nightClass || ""1""; render(""attendance""); }; }); const selectedNightDate = document.querySelector('.night-month-matrix th.selected-day'); if (selectedNightDate) requestAnimationFrame(() => selectedNightDate.scrollIntoView({block:'nearest', inline:'center'})); $$(`[data-late-student]`).forEach((button) => { button.onclick = () => {const rid=button.dataset.lateRecordId;if(currentRoleId()===""admin""&&rid){const row=(readonlyCache?.lateAttendance||[]).find(x=>String(x.id)===String(rid));if(row)return openLateAttendanceEditor(row);}openAttendanceHistory(""late"", button.dataset.lateStudent);}; }); $$(`[data-night-program]`).forEach((button) => { button.onclick = (event) => { event.stopPropagation(); const id=button.dataset.nightProgram; const kind=button.dataset.nightProgramKind; if(kind===""after"") openNightProgramSummary(id,button.dataset.nightStudent,button.dataset.nightDay,button.dataset.nightSlot); else openProgramDrawer(id); }; });"
"requestAnimationFrame","10457","})); $$('[data-dashboard-student-status]').forEach((button) => (button.onclick = (event) => { event.preventDefault(); event.stopPropagation(); openDashboardStudentStatus(button.dataset.dashboardStudentStatus); })); $$('[data-counsel-student]').forEach((button) => (button.onclick = (event) => { event.preventDefault(); event.stopPropagation(); if(studentPageMode==='counsel'){ studentCounselSelectedStudentId=button.dataset.counselStudent||''; render('students'); requestAnimationFrame(()=>document.querySelector('.counsel-right-column')?.scrollIntoView({block:'nearest'})); } else { openDashboardCounselDialog(button.dataset.counselStudent); } })); $$('[data-dashboard-calendar-mode]').forEach((button) => (button.onclick = () => { dashboardCalendarMode=button.dataset.dashboardCalendarMode||'month'; render('dashboard'); })); $$('[data-dashboard-calendar-full]').forEach((button) => (button.onclick = (event) => {"
"requestAnimationFrame","11281","// 공지 제목·내용은 어떤 전역 드래그/단축키 상태와 관계없이 일반 텍스트 입력을 보장한다. [""noticeTitle"",""noticeContent""].forEach(id=>{const el=document.getElementById(id);if(el){el.readOnly=false;el.disabled=false;el.style.pointerEvents='auto';el.style.userSelect='text';}}); requestAnimationFrame(()=>document.getElementById('noticeTitle')?.focus()); $$('[data-notice-target]').forEach(btn=>btn.onclick=()=>{const input=$(""#noticeTargetClass"");if(!input)return;const v=btn.dataset.noticeTarget;if(v==='전체')input.value='전체';else{const current=input.value==='전체'?'':input.value;const parts=[...new Set(current.split(/[,·\s]+/).filter(Boolean).concat(v))];input.value=parts.join(',');}}); const applyKind=()=>{const k=$(""#noticeKind"").value;if(k==='긴급')$(""#noticeTopAlert"").checked=true;};$(""#noticeKind"").onchange=applyKind;applyKind();"
"requestAnimationFrame","11973","} } const obs=new MutationObserver(()=>requestAnimationFrame(refineGrowthProfile)); obs.observe(document.documentElement,{childList:true,subtree:true}); setTimeout(refineGrowthProfile,0);"
"requestAnimationFrame","12056","} const run=()=>{refineGrowth090();refineStatsPrivacy090();}; const obs=new MutationObserver(()=>requestAnimationFrame(run));obs.observe(document.documentElement,{childList:true,subtree:true});setTimeout(run,0); })(); load();"
"requestAnimationFrame","12137","} const obs=new MutationObserver(()=>requestAnimationFrame(applyFix)); obs.observe(document.documentElement,{childList:true,subtree:true}); window.addEventListener('resize',applyFix);"
"requestAnimationFrame","12220","} const obs=new MutationObserver(()=>requestAnimationFrame(applyFix)); obs.observe(document.documentElement,{childList:true,subtree:true}); window.addEventListener('resize',applyFix);"
"requestAnimationFrame","12281","else list.style.setProperty('overflow-y','auto','important'); } const obs=new MutationObserver(()=>requestAnimationFrame(apply)); obs.observe(document.documentElement,{childList:true,subtree:true}); window.addEventListener('resize',apply);"
"requestAnimationFrame","12297","}); } const obs=new MutationObserver(()=>requestAnimationFrame(normalizeGoogleConnectionError)); obs.observe(document.documentElement,{childList:true,subtree:true,characterData:true}); setTimeout(normalizeGoogleConnectionError,250);"
"requestAnimationFrame","12337","if(actions)actions.appendChild(button);else{const wrap=document.createElement('div');wrap.className='connection-actions';wrap.style.marginTop='12px';wrap.appendChild(button);drawer.appendChild(wrap);} } const obs=new MutationObserver(()=>requestAnimationFrame(enhance));obs.observe(document.documentElement,{childList:true,subtree:true}); setTimeout(enhance,300); })();"
"requestAnimationFrame","12399","drawer.appendChild(note); } const obs=new MutationObserver(()=>requestAnimationFrame(annotateGoogleConnection)); obs.observe(document.documentElement,{childList:true,subtree:true}); setTimeout(annotateGoogleConnection,350);"
"requestAnimationFrame","12453","} (function(){ const enhance=()=>{document.querySelectorAll('h1,h2,h3').forEach(h=>{if(/프로그램추천|프로그램 추천/.test(h.textContent||'')){const root=h.closest('section,main,div');if(root&&!root.querySelector('[data-growth-program-guide]')){const n=document.createElement('div');n.dataset.growthProgramGuide='1';n.className='growth-program-guide';n.innerHTML='<b>학생 성장 근거 기반 프로그램 추천</b><span>단순히 SDG 빈칸을 채우는 추천이 아닙니다. 학생들의 진로·탐구·공동체·사회문제 경험과 유네스코 지속가능발전교육의 관점을 함께 분석하여 학교교육과정에서 보완할 경험을 제안합니다.</span>';root.insertBefore(n,h.nextSibling);}}});};new MutationObserver(()=>requestAnimationFrame(enhance)).observe(document.documentElement,{subtree:true,childList:true});setTimeout(enhance,500); })(); // __UEP_AUTOLOGIN_WATCHDOG_08083__"
"addEventListener","876","return true; } window.addEventListener('beforeunload',lockSensitiveSession);"
"addEventListener","912","layer.querySelectorAll('[data-signal-close]').forEach(b=>b.onclick=close); layer.onclick=e=>{if(e.target===layer)close();}; layer.querySelector('[data-signal-reveal]')?.addEventListener('click',async()=>{ if(!canRevealStudentProtection())return toast('담임·학년부·관리자 권한에서 확인할 수 있습니다.'); if(!(await unlockSensitiveInfo()))return;"
"addEventListener","1137","bindPage(page); updateStudentSignalIndicator(); $(""[data-student-focus-return]"")?.addEventListener(""click"",returnToFocusedStudent); $(""[data-student-focus-end]"")?.addEventListener(""click"",endStudentFocus); if(studentFocusContext && page!==""students"") requestAnimationFrame(()=>applyStudentFocusToPage(page));"
"addEventListener","1138","updateStudentSignalIndicator(); $(""[data-student-focus-return]"")?.addEventListener(""click"",returnToFocusedStudent); $(""[data-student-focus-end]"")?.addEventListener(""click"",endStudentFocus); if(studentFocusContext && page!==""students"") requestAnimationFrame(()=>applyStudentFocusToPage(page)); } catch (error) {"
"addEventListener","1705","if(__dormRuleDelegatedBound)return; __dormRuleDelegatedBound=true; document.addEventListener('click',async event=>{ const el=event.target?.closest?.('#dormOutingStatusOpen,#dormRuleReload,[data-dorm-rule-add],[data-dorm-rule-confirm],[data-dorm-rule-edit],[data-dorm-rule-copy],[data-dorm-rule-delete]'); if(!el)return;"
"addEventListener","1994","const layer=document.createElement('div');layer.className='dorm-report-overlay'; layer.innerHTML=`<div class=""dorm-report-dialog""><header><div><small>STUDENT REPORT · DORMITORY</small><h3>${escapeHtml(report.programName||report.reportGroup||'학생 보고서')}</h3></div><button type=""button"" data-dorm-report-close>×</button></header><div class=""dorm-report-scroll"">${reportPreviewMarkup(report,student)}</div></div>`; document.body.appendChild(layer);layer.querySelector('[data-dorm-report-close]').onclick=()=>layer.remove();layer.addEventListener('click',e=>{if(e.target===layer)layer.remove();}); layer.querySelector('#printCurrentReport')?.addEventListener('click',()=>printReportDocument(report,student)); layer.querySelector('#excelCurrentReport')?.addEventListener('click',()=>exportReportExcel(report,student));"
"addEventListener","1995","layer.innerHTML=`<div class=""dorm-report-dialog""><header><div><small>STUDENT REPORT · DORMITORY</small><h3>${escapeHtml(report.programName||report.reportGroup||'학생 보고서')}</h3></div><button type=""button"" data-dorm-report-close>×</button></header><div class=""dorm-report-scroll"">${reportPreviewMarkup(report,student)}</div></div>`; document.body.appendChild(layer);layer.querySelector('[data-dorm-report-close]').onclick=()=>layer.remove();layer.addEventListener('click',e=>{if(e.target===layer)layer.remove();}); layer.querySelector('#printCurrentReport')?.addEventListener('click',()=>printReportDocument(report,student)); layer.querySelector('#excelCurrentReport')?.addEventListener('click',()=>exportReportExcel(report,student)); layer.querySelectorAll('[data-report-tag-detail]').forEach(button=>button.onclick=()=>openReportTagDetail(button.dataset.reportTagDetail));"
"addEventListener","1996","document.body.appendChild(layer);layer.querySelector('[data-dorm-report-close]').onclick=()=>layer.remove();layer.addEventListener('click',e=>{if(e.target===layer)layer.remove();}); layer.querySelector('#printCurrentReport')?.addEventListener('click',()=>printReportDocument(report,student)); layer.querySelector('#excelCurrentReport')?.addEventListener('click',()=>exportReportExcel(report,student)); layer.querySelectorAll('[data-report-tag-detail]').forEach(button=>button.onclick=()=>openReportTagDetail(button.dataset.reportTagDetail)); }"
"addEventListener","2046","$('#drawer').classList.add('reference-expanded','dorm-deep-expanded','dorm-deep-wide'); $('#drawer').classList.remove('hidden');$('#drawerBackdrop').classList.remove('hidden'); $('#drawerBody')?.querySelectorAll('[data-dorm-report-id]').forEach(btn=>btn.addEventListener('click',()=>openDormReportOverlay(btn.dataset.dormReportId,btn.dataset.dormReportStudent))); $('[data-dorm-open-student]')?.addEventListener('click',()=>{ const index=(readonlyCache?.students||[]).findIndex(s=>String(s.id)===String(student.id));if(index<0)return;"
"addEventListener","2047","$('#drawer').classList.remove('hidden');$('#drawerBackdrop').classList.remove('hidden'); $('#drawerBody')?.querySelectorAll('[data-dorm-report-id]').forEach(btn=>btn.addEventListener('click',()=>openDormReportOverlay(btn.dataset.dormReportId,btn.dataset.dormReportStudent))); $('[data-dorm-open-student]')?.addEventListener('click',()=>{ const index=(readonlyCache?.students||[]).findIndex(s=>String(s.id)===String(student.id));if(index<0)return; openStudentDrawer(index);"
"addEventListener","2054","back.onclick=()=>openDormGrowthStudent(student.id,termMode);$('#drawerBody')?.prepend(back); }); $('[data-dorm-open-counsel]')?.addEventListener('click',()=>{ // 심층관리 화면을 유지한 채 우측 상담 패널만 연다. openCounselSidePanel(student.id);"
"addEventListener","2955","$$('[data-input-rotate]').forEach(b=>b.onclick=()=>{const i=Number(b.dataset.inputRotate),img=$(`[data-input-page-img=""${i}""]`);if(!img)return;assets[i].rotation=(assets[i].rotation+90)%360;img.style.transform=`rotate(${assets[i].rotation}deg)`;}); $$('[data-input-open-asset]').forEach(b=>b.onclick=()=>window.schoolBoard?.openInputAsset?.(assets[Number(b.dataset.inputOpenAsset)]?.path||'')); $('[data-input-detail-save]')?.addEventListener('click',()=>{row.reviewText=$('[data-input-review-text]')?.value||'';row.status=row.reviewText?'텍스트검수완료':row.status;toast('확인한 내용을 저장했습니다.');closeDrawer();render('inputs');}); }"
"addEventListener","2987","$$('[data-input-tab]').forEach(b=>b.onclick=()=>{inputCenterConfig.tab=b.dataset.inputTab;render('inputs');}); $$('[data-input-history-mode]').forEach(b=>b.onclick=()=>{inputCenterConfig.historyMode=b.dataset.inputHistoryMode||'active';inputCenterConfig.batchFilter='latest';render('inputs');}); $('[data-input-batch-filter]')?.addEventListener('change',e=>{inputCenterConfig.batchFilter=e.target.value;render('inputs');}); $$('[data-input-scope]').forEach(b=>b.onclick=()=>{inputCenterConfig.libraryScope=b.dataset.inputScope;render('inputs');}); $$('[data-input-grade-filter]').forEach(b=>b.onclick=()=>{inputCenterConfig.gradeFilter=b.dataset.inputGradeFilter;inputCenterConfig.classFilter='all';render('inputs');});"
"addEventListener","2995","$$('[data-input-view]').forEach(b=>b.onclick=()=>{const rows=inputCenterLibraryRows().filter(x=>inputCenterConfig.libraryScope==='local'?x.storageMode==='local':inputCenterConfig.libraryScope==='uep'?x.storageMode!=='local':true);const row=rows[Number(b.dataset.inputView)];if(row)inputCenterOpenDetail(row);}); $('[data-input-confirm-classification]')?.addEventListener('click',async()=>{const rows=filtered;if(!rows.length)return toast('확정할 배치가 없습니다.');const nature=$('[data-input-review-nature]')?.value||'기타';const programId=$('[data-input-review-program]')?.value||'';const program=(readonlyCache?.programs||[]).find(v=>String(v.id||v.programId||'')===String(programId))||{};const result=await window.schoolBoard?.classifyInputBatch?.({batchId:activeBatchId,nature,programId,programKind:program.kind||'',programName:program.actualTitle||program.title||'',programSemester:program.semester||program.term||''});if(!result?.ok)return toast(result?.reason||'검수·분류 저장에 실패했습니다.');await refreshReadonlyCacheSilently({force:true,rerender:false});inputCenterConfig.tab='review';toast(`${result.count||rows.length}건 검수·분류 확정 · 03 UEP 적용으로 이동합니다.`);render('inputs');}); $('[data-input-export-csv]')?.addEventListener('click',inputCenterExportCsv); $('[data-input-apply-local]')?.addEventListener('click',()=>inputCenterApply('local'));"
"addEventListener","2996","$('[data-input-confirm-classification]')?.addEventListener('click',async()=>{const rows=filtered;if(!rows.length)return toast('확정할 배치가 없습니다.');const nature=$('[data-input-review-nature]')?.value||'기타';const programId=$('[data-input-review-program]')?.value||'';const program=(readonlyCache?.programs||[]).find(v=>String(v.id||v.programId||'')===String(programId))||{};const result=await window.schoolBoard?.classifyInputBatch?.({batchId:activeBatchId,nature,programId,programKind:program.kind||'',programName:program.actualTitle||program.title||'',programSemester:program.semester||program.term||''});if(!result?.ok)return toast(result?.reason||'검수·분류 저장에 실패했습니다.');await refreshReadonlyCacheSilently({force:true,rerender:false});inputCenterConfig.tab='review';toast(`${result.count||rows.length}건 검수·분류 확정 · 03 UEP 적용으로 이동합니다.`);render('inputs');}); $('[data-input-export-csv]')?.addEventListener('click',inputCenterExportCsv); $('[data-input-apply-local]')?.addEventListener('click',()=>inputCenterApply('local')); $('[data-input-apply-uep]')?.addEventListener('click',()=>inputCenterApply('uep'));"
"addEventListener","2997","$('[data-input-confirm-classification]')?.addEventListener('click',async()=>{const rows=filtered;if(!rows.length)return toast('확정할 배치가 없습니다.');const nature=$('[data-input-review-nature]')?.value||'기타';const programId=$('[data-input-review-program]')?.value||'';const program=(readonlyCache?.programs||[]).find(v=>String(v.id||v.programId||'')===String(programId))||{};const result=await window.schoolBoard?.classifyInputBatch?.({batchId:activeBatchId,nature,programId,programKind:program.kind||'',programName:program.actualTitle||program.title||'',programSemester:program.semester||program.term||''});if(!result?.ok)return toast(result?.reason||'검수·분류 저장에 실패했습니다.');await refreshReadonlyCacheSilently({force:true,rerender:false});inputCenterConfig.tab='review';toast(`${result.count||rows.length}건 검수·분류 확정 · 03 UEP 적용으로 이동합니다.`);render('inputs');}); $('[data-input-export-csv]')?.addEventListener('click',inputCenterExportCsv); $('[data-input-apply-local]')?.addEventListener('click',()=>inputCenterApply('local')); $('[data-input-apply-uep]')?.addEventListener('click',()=>inputCenterApply('uep')); $$('[data-input-review-view]').forEach(b=>b.onclick=()=>{const row=inputCenterReviewRowsCache[Number(b.dataset.inputReviewView)];if(row)inputCenterOpenDetail(row);});"
"addEventListener","2998","$('[data-input-export-csv]')?.addEventListener('click',inputCenterExportCsv); $('[data-input-apply-local]')?.addEventListener('click',()=>inputCenterApply('local')); $('[data-input-apply-uep]')?.addEventListener('click',()=>inputCenterApply('uep')); $$('[data-input-review-view]').forEach(b=>b.onclick=()=>{const row=inputCenterReviewRowsCache[Number(b.dataset.inputReviewView)];if(row)inputCenterOpenDetail(row);}); $$('[data-input-purpose]').forEach(b=>b.onclick=()=>{inputCenterConfig.purpose=b.dataset.inputPurpose;const map={'보고서 연결':'보고서·탐구보고서','프로그램 참가신청':'프로그램 신청서','만족도조사':'만족도·설문조사','텍스트 추출·기타':'기타'};inputCenterConfig.type=map[inputCenterConfig.purpose]||'기타';inputCenterConfig.programId='';render('inputs');});"
"addEventListener","3002","$$('[data-input-purpose]').forEach(b=>b.onclick=()=>{inputCenterConfig.purpose=b.dataset.inputPurpose;const map={'보고서 연결':'보고서·탐구보고서','프로그램 참가신청':'프로그램 신청서','만족도조사':'만족도·설문조사','텍스트 추출·기타':'기타'};inputCenterConfig.type=map[inputCenterConfig.purpose]||'기타';inputCenterConfig.programId='';render('inputs');}); $$('[data-input-source]').forEach(b=>b.onclick=()=>{inputCenterConfig.source=b.dataset.inputSource;const actual={'Excel·CSV':'교사 파일','문서 파일':'교사 파일'}[inputCenterConfig.source]||inputCenterConfig.source;if(actual==='리로스쿨'&&inputCenterConfig.purpose==='보고서 연결')inputCenterConfig.subtype='보고서 제출';else if(actual==='리로스쿨'&&inputCenterConfig.purpose==='프로그램 참가신청')inputCenterConfig.subtype='참가신청 명단';render('inputs');}); $('[data-input-subtype]')?.addEventListener('change',e=>inputCenterConfig.subtype=e.target.value); $$('input[name=""input-storage""]').forEach(r=>r.addEventListener('change',e=>inputCenterConfig.storageMode=e.target.value)); $('[data-input-semester]')?.addEventListener('change',e=>{inputCenterConfig.semester=e.target.value;inputCenterConfig.programId='';render('inputs');});"
"addEventListener","3003","$$('[data-input-source]').forEach(b=>b.onclick=()=>{inputCenterConfig.source=b.dataset.inputSource;const actual={'Excel·CSV':'교사 파일','문서 파일':'교사 파일'}[inputCenterConfig.source]||inputCenterConfig.source;if(actual==='리로스쿨'&&inputCenterConfig.purpose==='보고서 연결')inputCenterConfig.subtype='보고서 제출';else if(actual==='리로스쿨'&&inputCenterConfig.purpose==='프로그램 참가신청')inputCenterConfig.subtype='참가신청 명단';render('inputs');}); $('[data-input-subtype]')?.addEventListener('change',e=>inputCenterConfig.subtype=e.target.value); $$('input[name=""input-storage""]').forEach(r=>r.addEventListener('change',e=>inputCenterConfig.storageMode=e.target.value)); $('[data-input-semester]')?.addEventListener('change',e=>{inputCenterConfig.semester=e.target.value;inputCenterConfig.programId='';render('inputs');}); const titleInput=$('[data-input-title]'); if(titleInput){titleInput.readOnly=false;titleInput.disabled=false;titleInput.addEventListener('input',e=>{inputCenterConfig.title=e.target.value;});titleInput.addEventListener('change',e=>{inputCenterConfig.title=e.target.value;});titleInput.addEventListener('keydown',e=>{e.stopPropagation();});}"
"addEventListener","3004","$('[data-input-subtype]')?.addEventListener('change',e=>inputCenterConfig.subtype=e.target.value); $$('input[name=""input-storage""]').forEach(r=>r.addEventListener('change',e=>inputCenterConfig.storageMode=e.target.value)); $('[data-input-semester]')?.addEventListener('change',e=>{inputCenterConfig.semester=e.target.value;inputCenterConfig.programId='';render('inputs');}); const titleInput=$('[data-input-title]'); if(titleInput){titleInput.readOnly=false;titleInput.disabled=false;titleInput.addEventListener('input',e=>{inputCenterConfig.title=e.target.value;});titleInput.addEventListener('change',e=>{inputCenterConfig.title=e.target.value;});titleInput.addEventListener('keydown',e=>{e.stopPropagation();});} $('[data-input-batch-scope]')?.addEventListener('change',e=>{inputCenterConfig.batchScope=e.target.value;render('inputs');});"
"addEventListener","3005","$$('input[name=""input-storage""]').forEach(r=>r.addEventListener('change',e=>inputCenterConfig.storageMode=e.target.value)); $('[data-input-semester]')?.addEventListener('change',e=>{inputCenterConfig.semester=e.target.value;inputCenterConfig.programId='';render('inputs');}); const titleInput=$('[data-input-title]'); if(titleInput){titleInput.readOnly=false;titleInput.disabled=false;titleInput.addEventListener('input',e=>{inputCenterConfig.title=e.target.value;});titleInput.addEventListener('change',e=>{inputCenterConfig.title=e.target.value;});titleInput.addEventListener('keydown',e=>{e.stopPropagation();});} $('[data-input-batch-scope]')?.addEventListener('change',e=>{inputCenterConfig.batchScope=e.target.value;render('inputs');}); $('[data-input-batch-grade]')?.addEventListener('change',e=>{inputCenterConfig.batchGrade=e.target.value;render('inputs');});"
"addEventListener","3005","$$('input[name=""input-storage""]').forEach(r=>r.addEventListener('change',e=>inputCenterConfig.storageMode=e.target.value)); $('[data-input-semester]')?.addEventListener('change',e=>{inputCenterConfig.semester=e.target.value;inputCenterConfig.programId='';render('inputs');}); const titleInput=$('[data-input-title]'); if(titleInput){titleInput.readOnly=false;titleInput.disabled=false;titleInput.addEventListener('input',e=>{inputCenterConfig.title=e.target.value;});titleInput.addEventListener('change',e=>{inputCenterConfig.title=e.target.value;});titleInput.addEventListener('keydown',e=>{e.stopPropagation();});} $('[data-input-batch-scope]')?.addEventListener('change',e=>{inputCenterConfig.batchScope=e.target.value;render('inputs');}); $('[data-input-batch-grade]')?.addEventListener('change',e=>{inputCenterConfig.batchGrade=e.target.value;render('inputs');});"
"addEventListener","3005","$$('input[name=""input-storage""]').forEach(r=>r.addEventListener('change',e=>inputCenterConfig.storageMode=e.target.value)); $('[data-input-semester]')?.addEventListener('change',e=>{inputCenterConfig.semester=e.target.value;inputCenterConfig.programId='';render('inputs');}); const titleInput=$('[data-input-title]'); if(titleInput){titleInput.readOnly=false;titleInput.disabled=false;titleInput.addEventListener('input',e=>{inputCenterConfig.title=e.target.value;});titleInput.addEventListener('change',e=>{inputCenterConfig.title=e.target.value;});titleInput.addEventListener('keydown',e=>{e.stopPropagation();});} $('[data-input-batch-scope]')?.addEventListener('change',e=>{inputCenterConfig.batchScope=e.target.value;render('inputs');}); $('[data-input-batch-grade]')?.addEventListener('change',e=>{inputCenterConfig.batchGrade=e.target.value;render('inputs');});"
"addEventListener","3006","$('[data-input-semester]')?.addEventListener('change',e=>{inputCenterConfig.semester=e.target.value;inputCenterConfig.programId='';render('inputs');}); const titleInput=$('[data-input-title]'); if(titleInput){titleInput.readOnly=false;titleInput.disabled=false;titleInput.addEventListener('input',e=>{inputCenterConfig.title=e.target.value;});titleInput.addEventListener('change',e=>{inputCenterConfig.title=e.target.value;});titleInput.addEventListener('keydown',e=>{e.stopPropagation();});} $('[data-input-batch-scope]')?.addEventListener('change',e=>{inputCenterConfig.batchScope=e.target.value;render('inputs');}); $('[data-input-batch-grade]')?.addEventListener('change',e=>{inputCenterConfig.batchGrade=e.target.value;render('inputs');}); $('[data-input-batch-class]')?.addEventListener('change',e=>{inputCenterConfig.batchClass=e.target.value;render('inputs');});"
"addEventListener","3007","const titleInput=$('[data-input-title]'); if(titleInput){titleInput.readOnly=false;titleInput.disabled=false;titleInput.addEventListener('input',e=>{inputCenterConfig.title=e.target.value;});titleInput.addEventListener('change',e=>{inputCenterConfig.title=e.target.value;});titleInput.addEventListener('keydown',e=>{e.stopPropagation();});} $('[data-input-batch-scope]')?.addEventListener('change',e=>{inputCenterConfig.batchScope=e.target.value;render('inputs');}); $('[data-input-batch-grade]')?.addEventListener('change',e=>{inputCenterConfig.batchGrade=e.target.value;render('inputs');}); $('[data-input-batch-class]')?.addEventListener('change',e=>{inputCenterConfig.batchClass=e.target.value;render('inputs');}); $('[data-input-batch-student]')?.addEventListener('input',e=>{inputCenterConfig.batchStudentNo=e.target.value;});"
"addEventListener","3008","$('[data-input-batch-scope]')?.addEventListener('change',e=>{inputCenterConfig.batchScope=e.target.value;render('inputs');}); $('[data-input-batch-grade]')?.addEventListener('change',e=>{inputCenterConfig.batchGrade=e.target.value;render('inputs');}); $('[data-input-batch-class]')?.addEventListener('change',e=>{inputCenterConfig.batchClass=e.target.value;render('inputs');}); $('[data-input-batch-student]')?.addEventListener('input',e=>{inputCenterConfig.batchStudentNo=e.target.value;}); $('[data-input-expected-count]')?.addEventListener('input',e=>{inputCenterConfig.expectedCount=e.target.value;render('inputs');});"
"addEventListener","3009","$('[data-input-batch-grade]')?.addEventListener('change',e=>{inputCenterConfig.batchGrade=e.target.value;render('inputs');}); $('[data-input-batch-class]')?.addEventListener('change',e=>{inputCenterConfig.batchClass=e.target.value;render('inputs');}); $('[data-input-batch-student]')?.addEventListener('input',e=>{inputCenterConfig.batchStudentNo=e.target.value;}); $('[data-input-expected-count]')?.addEventListener('input',e=>{inputCenterConfig.expectedCount=e.target.value;render('inputs');}); $('[data-input-pages-per-student]')?.addEventListener('change',e=>{inputCenterConfig.pagesPerStudent=e.target.value;render('inputs');});"
"addEventListener","3010","$('[data-input-batch-class]')?.addEventListener('change',e=>{inputCenterConfig.batchClass=e.target.value;render('inputs');}); $('[data-input-batch-student]')?.addEventListener('input',e=>{inputCenterConfig.batchStudentNo=e.target.value;}); $('[data-input-expected-count]')?.addEventListener('input',e=>{inputCenterConfig.expectedCount=e.target.value;render('inputs');}); $('[data-input-pages-per-student]')?.addEventListener('change',e=>{inputCenterConfig.pagesPerStudent=e.target.value;render('inputs');}); $('[data-input-paste]')?.addEventListener('input',e=>inputCenterConfig.manualText=e.target.value);"
"addEventListener","3011","$('[data-input-batch-student]')?.addEventListener('input',e=>{inputCenterConfig.batchStudentNo=e.target.value;}); $('[data-input-expected-count]')?.addEventListener('input',e=>{inputCenterConfig.expectedCount=e.target.value;render('inputs');}); $('[data-input-pages-per-student]')?.addEventListener('change',e=>{inputCenterConfig.pagesPerStudent=e.target.value;render('inputs');}); $('[data-input-paste]')?.addEventListener('input',e=>inputCenterConfig.manualText=e.target.value); $('[data-input-program]')?.addEventListener('change',e=>{inputCenterConfig.programId=e.target.value;const p=(readonlyCache?.programs||[]).find(v=>String(v.id||v.programId||'')===String(e.target.value))||{};const sem=String(p.semester||p.term||'');if(/1/.test(sem))inputCenterConfig.semester='1';else if(/2/.test(sem))inputCenterConfig.semester='2';});"
"addEventListener","3012","$('[data-input-expected-count]')?.addEventListener('input',e=>{inputCenterConfig.expectedCount=e.target.value;render('inputs');}); $('[data-input-pages-per-student]')?.addEventListener('change',e=>{inputCenterConfig.pagesPerStudent=e.target.value;render('inputs');}); $('[data-input-paste]')?.addEventListener('input',e=>inputCenterConfig.manualText=e.target.value); $('[data-input-program]')?.addEventListener('change',e=>{inputCenterConfig.programId=e.target.value;const p=(readonlyCache?.programs||[]).find(v=>String(v.id||v.programId||'')===String(e.target.value))||{};const sem=String(p.semester||p.term||'');if(/1/.test(sem))inputCenterConfig.semester='1';else if(/2/.test(sem))inputCenterConfig.semester='2';}); $('[data-input-files]')?.addEventListener('click',inputCenterSelectFiles);"
"addEventListener","3013","$('[data-input-pages-per-student]')?.addEventListener('change',e=>{inputCenterConfig.pagesPerStudent=e.target.value;render('inputs');}); $('[data-input-paste]')?.addEventListener('input',e=>inputCenterConfig.manualText=e.target.value); $('[data-input-program]')?.addEventListener('change',e=>{inputCenterConfig.programId=e.target.value;const p=(readonlyCache?.programs||[]).find(v=>String(v.id||v.programId||'')===String(e.target.value))||{};const sem=String(p.semester||p.term||'');if(/1/.test(sem))inputCenterConfig.semester='1';else if(/2/.test(sem))inputCenterConfig.semester='2';}); $('[data-input-files]')?.addEventListener('click',inputCenterSelectFiles); $('[data-input-open-folder]')?.addEventListener('click',()=>window.schoolBoard?.openInputFolder?.());"
"addEventListener","3014","$('[data-input-paste]')?.addEventListener('input',e=>inputCenterConfig.manualText=e.target.value); $('[data-input-program]')?.addEventListener('change',e=>{inputCenterConfig.programId=e.target.value;const p=(readonlyCache?.programs||[]).find(v=>String(v.id||v.programId||'')===String(e.target.value))||{};const sem=String(p.semester||p.term||'');if(/1/.test(sem))inputCenterConfig.semester='1';else if(/2/.test(sem))inputCenterConfig.semester='2';}); $('[data-input-files]')?.addEventListener('click',inputCenterSelectFiles); $('[data-input-open-folder]')?.addEventListener('click',()=>window.schoolBoard?.openInputFolder?.()); $('[data-input-add-text]')?.addEventListener('click',()=>{const raw=$('[data-input-paste]')?.value||'';if(!raw.trim())return toast('붙여넣을 내용을 입력해 주세요.');const fake={name:'직접입력.txt',extension:'txt',size:new Blob([raw]).size,text:raw,path:''};inputCenterDrafts.push(...inputCenterExpandTextFile(fake));inputCenterConfig.manualText='';render('inputs');});"
"addEventListener","3015","$('[data-input-program]')?.addEventListener('change',e=>{inputCenterConfig.programId=e.target.value;const p=(readonlyCache?.programs||[]).find(v=>String(v.id||v.programId||'')===String(e.target.value))||{};const sem=String(p.semester||p.term||'');if(/1/.test(sem))inputCenterConfig.semester='1';else if(/2/.test(sem))inputCenterConfig.semester='2';}); $('[data-input-files]')?.addEventListener('click',inputCenterSelectFiles); $('[data-input-open-folder]')?.addEventListener('click',()=>window.schoolBoard?.openInputFolder?.()); $('[data-input-add-text]')?.addEventListener('click',()=>{const raw=$('[data-input-paste]')?.value||'';if(!raw.trim())return toast('붙여넣을 내용을 입력해 주세요.');const fake={name:'직접입력.txt',extension:'txt',size:new Blob([raw]).size,text:raw,path:''};inputCenterDrafts.push(...inputCenterExpandTextFile(fake));inputCenterConfig.manualText='';render('inputs');}); $('[data-input-clear]')?.addEventListener('click',()=>{if(inputCenterDrafts.length&&confirm('현재 대기목록을 비울까요?')){inputCenterDrafts=[];render('inputs');}});"
"addEventListener","3016","$('[data-input-files]')?.addEventListener('click',inputCenterSelectFiles); $('[data-input-open-folder]')?.addEventListener('click',()=>window.schoolBoard?.openInputFolder?.()); $('[data-input-add-text]')?.addEventListener('click',()=>{const raw=$('[data-input-paste]')?.value||'';if(!raw.trim())return toast('붙여넣을 내용을 입력해 주세요.');const fake={name:'직접입력.txt',extension:'txt',size:new Blob([raw]).size,text:raw,path:''};inputCenterDrafts.push(...inputCenterExpandTextFile(fake));inputCenterConfig.manualText='';render('inputs');}); $('[data-input-clear]')?.addEventListener('click',()=>{if(inputCenterDrafts.length&&confirm('현재 대기목록을 비울까요?')){inputCenterDrafts=[];render('inputs');}}); $('[data-input-save]')?.addEventListener('click',inputCenterSave);"
"addEventListener","3017","$('[data-input-open-folder]')?.addEventListener('click',()=>window.schoolBoard?.openInputFolder?.()); $('[data-input-add-text]')?.addEventListener('click',()=>{const raw=$('[data-input-paste]')?.value||'';if(!raw.trim())return toast('붙여넣을 내용을 입력해 주세요.');const fake={name:'직접입력.txt',extension:'txt',size:new Blob([raw]).size,text:raw,path:''};inputCenterDrafts.push(...inputCenterExpandTextFile(fake));inputCenterConfig.manualText='';render('inputs');}); $('[data-input-clear]')?.addEventListener('click',()=>{if(inputCenterDrafts.length&&confirm('현재 대기목록을 비울까요?')){inputCenterDrafts=[];render('inputs');}}); $('[data-input-save]')?.addEventListener('click',inputCenterSave); $$('[data-input-draft]').forEach(row=>{const draft=inputCenterDrafts.find(d=>d.draftId===row.dataset.inputDraft);if(!draft)return;row.querySelector('[data-input-select]')?.addEventListener('change',e=>draft.selected=e.target.checked);});"
"addEventListener","3018","$('[data-input-add-text]')?.addEventListener('click',()=>{const raw=$('[data-input-paste]')?.value||'';if(!raw.trim())return toast('붙여넣을 내용을 입력해 주세요.');const fake={name:'직접입력.txt',extension:'txt',size:new Blob([raw]).size,text:raw,path:''};inputCenterDrafts.push(...inputCenterExpandTextFile(fake));inputCenterConfig.manualText='';render('inputs');}); $('[data-input-clear]')?.addEventListener('click',()=>{if(inputCenterDrafts.length&&confirm('현재 대기목록을 비울까요?')){inputCenterDrafts=[];render('inputs');}}); $('[data-input-save]')?.addEventListener('click',inputCenterSave); $$('[data-input-draft]').forEach(row=>{const draft=inputCenterDrafts.find(d=>d.draftId===row.dataset.inputDraft);if(!draft)return;row.querySelector('[data-input-select]')?.addEventListener('change',e=>draft.selected=e.target.checked);}); }"
"addEventListener","3019","$('[data-input-clear]')?.addEventListener('click',()=>{if(inputCenterDrafts.length&&confirm('현재 대기목록을 비울까요?')){inputCenterDrafts=[];render('inputs');}}); $('[data-input-save]')?.addEventListener('click',inputCenterSave); $$('[data-input-draft]').forEach(row=>{const draft=inputCenterDrafts.find(d=>d.draftId===row.dataset.inputDraft);if(!draft)return;row.querySelector('[data-input-select]')?.addEventListener('change',e=>draft.selected=e.target.checked);}); }"
"addEventListener","3583","const remembered=state?.auth?.rememberedUser||state?.auth?.user;const canContinue=remembered&&remembered.name&&remembered.email&&!switchUser; gate.innerHTML=`<section class=""user-auth-card""><div class=""user-auth-brand""><span>U</span><div><small>UNHO EDUCATION PLATFORM</small><h2>${locked?'UEP 화면 잠금':'사용자 확인'}</h2><p>${locked?'학생정보 보호를 위해 현재 화면을 잠갔습니다.':'학교에 등록된 이메일을 기준으로 사용자를 확인합니다. 최고관리자는 신규 PC에서도 안전하게 진입할 수 있습니다.'}</p></div></div>${canContinue?`<button class=""user-auth-remembered"" id=""rememberedUserContinue""><b>${escapeHtml(remembered.name)}</b><span>${escapeHtml(maskEmail(remembered.email))}</span><small>${locked?'계속 사용':'자동 로그인 사용자'}</small></button><button class=""user-auth-text"" id=""useDifferentUser"">다른 사용자로 로그인</button>`:`<form id=""userAuthForm""><label>교사 이름<input id=""userAuthName"" autocomplete=""name"" required placeholder=""예: 홍석민""></label><label>교사 이메일<input id=""userAuthEmail"" type=""email"" autocomplete=""email"" required placeholder=""학교에 등록된 이메일""></label><label class=""user-auth-check""><input id=""userAuthRemember"" type=""checkbox""> 이 PC에서 자동 로그인</label><p id=""userAuthMessage"" class=""user-auth-message""></p><button class=""btn primary"" type=""submit"">UEP 시작</button></form>`}<div class=""user-auth-exit-row""><button type=""button"" class=""user-auth-text danger"" id=""userAuthExit"">UEP 종료</button></div><footer>PC 인증과 사용자 확인은 별도입니다. 상담 메모와 개인 권한은 현재 로그인 교사를 기준으로 표시됩니다.</footer></section>`; document.getElementById('useDifferentUser')?.addEventListener('click',()=>renderUserAuthGate({locked:false,switchUser:true})); document.getElementById('userAuthExit')?.addEventListener('click',async()=>{if(confirm('UEP를 종료할까요?'))await window.schoolBoard?.close?.();}); document.getElementById('rememberedUserContinue')?.addEventListener('click',async()=>{const account=findUserAccount(remembered.name,remembered.email);if(!account)return renderUserAuthGate({switchUser:true});state.auth.user=accountToSession(account);await save();hideUserAuthGate();navigate(state.activePage||'dashboard');});"
"addEventListener","3584","gate.innerHTML=`<section class=""user-auth-card""><div class=""user-auth-brand""><span>U</span><div><small>UNHO EDUCATION PLATFORM</small><h2>${locked?'UEP 화면 잠금':'사용자 확인'}</h2><p>${locked?'학생정보 보호를 위해 현재 화면을 잠갔습니다.':'학교에 등록된 이메일을 기준으로 사용자를 확인합니다. 최고관리자는 신규 PC에서도 안전하게 진입할 수 있습니다.'}</p></div></div>${canContinue?`<button class=""user-auth-remembered"" id=""rememberedUserContinue""><b>${escapeHtml(remembered.name)}</b><span>${escapeHtml(maskEmail(remembered.email))}</span><small>${locked?'계속 사용':'자동 로그인 사용자'}</small></button><button class=""user-auth-text"" id=""useDifferentUser"">다른 사용자로 로그인</button>`:`<form id=""userAuthForm""><label>교사 이름<input id=""userAuthName"" autocomplete=""name"" required placeholder=""예: 홍석민""></label><label>교사 이메일<input id=""userAuthEmail"" type=""email"" autocomplete=""email"" required placeholder=""학교에 등록된 이메일""></label><label class=""user-auth-check""><input id=""userAuthRemember"" type=""checkbox""> 이 PC에서 자동 로그인</label><p id=""userAuthMessage"" class=""user-auth-message""></p><button class=""btn primary"" type=""submit"">UEP 시작</button></form>`}<div class=""user-auth-exit-row""><button type=""button"" class=""user-auth-text danger"" id=""userAuthExit"">UEP 종료</button></div><footer>PC 인증과 사용자 확인은 별도입니다. 상담 메모와 개인 권한은 현재 로그인 교사를 기준으로 표시됩니다.</footer></section>`; document.getElementById('useDifferentUser')?.addEventListener('click',()=>renderUserAuthGate({locked:false,switchUser:true})); document.getElementById('userAuthExit')?.addEventListener('click',async()=>{if(confirm('UEP를 종료할까요?'))await window.schoolBoard?.close?.();}); document.getElementById('rememberedUserContinue')?.addEventListener('click',async()=>{const account=findUserAccount(remembered.name,remembered.email);if(!account)return renderUserAuthGate({switchUser:true});state.auth.user=accountToSession(account);await save();hideUserAuthGate();navigate(state.activePage||'dashboard');}); document.getElementById('userAuthForm')?.addEventListener('submit',async event=>{event.preventDefault();const name=document.getElementById('userAuthName')?.value,email=document.getElementById('userAuthEmail')?.value;const account=findUserAccount(name,email);if(!account){authGateMessage(userAuthFailureMessage(name,email));return;}const user=accountToSession(account),remember=Boolean(document.getElementById('userAuthRemember')?.checked);state.auth.user=user;state.auth.rememberUser=remember;state.auth.rememberedUser=remember?{id:user.id,name:user.name,email:user.email}:null;state.settings.userProfile={...state.settings.userProfile,...user};state.settings.loginUserName=user.name;await save();hideUserAuthGate();navigate(state.activePage||'dashboard');});"
"addEventListener","3585","document.getElementById('useDifferentUser')?.addEventListener('click',()=>renderUserAuthGate({locked:false,switchUser:true})); document.getElementById('userAuthExit')?.addEventListener('click',async()=>{if(confirm('UEP를 종료할까요?'))await window.schoolBoard?.close?.();}); document.getElementById('rememberedUserContinue')?.addEventListener('click',async()=>{const account=findUserAccount(remembered.name,remembered.email);if(!account)return renderUserAuthGate({switchUser:true});state.auth.user=accountToSession(account);await save();hideUserAuthGate();navigate(state.activePage||'dashboard');}); document.getElementById('userAuthForm')?.addEventListener('submit',async event=>{event.preventDefault();const name=document.getElementById('userAuthName')?.value,email=document.getElementById('userAuthEmail')?.value;const account=findUserAccount(name,email);if(!account){authGateMessage(userAuthFailureMessage(name,email));return;}const user=accountToSession(account),remember=Boolean(document.getElementById('userAuthRemember')?.checked);state.auth.user=user;state.auth.rememberUser=remember;state.auth.rememberedUser=remember?{id:user.id,name:user.name,email:user.email}:null;state.settings.userProfile={...state.settings.userProfile,...user};state.settings.loginUserName=user.name;await save();hideUserAuthGate();navigate(state.activePage||'dashboard');}); }"
"addEventListener","3586","document.getElementById('userAuthExit')?.addEventListener('click',async()=>{if(confirm('UEP를 종료할까요?'))await window.schoolBoard?.close?.();}); document.getElementById('rememberedUserContinue')?.addEventListener('click',async()=>{const account=findUserAccount(remembered.name,remembered.email);if(!account)return renderUserAuthGate({switchUser:true});state.auth.user=accountToSession(account);await save();hideUserAuthGate();navigate(state.activePage||'dashboard');}); document.getElementById('userAuthForm')?.addEventListener('submit',async event=>{event.preventDefault();const name=document.getElementById('userAuthName')?.value,email=document.getElementById('userAuthEmail')?.value;const account=findUserAccount(name,email);if(!account){authGateMessage(userAuthFailureMessage(name,email));return;}const user=accountToSession(account),remember=Boolean(document.getElementById('userAuthRemember')?.checked);state.auth.user=user;state.auth.rememberUser=remember;state.auth.rememberedUser=remember?{id:user.id,name:user.name,email:user.email}:null;state.settings.userProfile={...state.settings.userProfile,...user};state.settings.loginUserName=user.name;await save();hideUserAuthGate();navigate(state.activePage||'dashboard');}); } async function restoreRememberedSessionImmediately(){"
"addEventListener","3628","function closeAccountPopover(){document.querySelector('.account-popover')?.remove();} function openAccountPopover(){ closeAccountPopover();const p=currentUserProfile(),profile=document.querySelector('.profile');if(!profile||!authSessionReady)return;const pop=document.createElement('div');pop.className='account-popover';pop.innerHTML=`<div class=""account-popover-head""><span>${escapeHtml((p.name||'U').slice(0,1))}</span><div><b>${escapeHtml(p.name||'사용자')}</b><small>${escapeHtml([p.department,currentRoleDisplay()].filter(Boolean).join(' · '))}</small><em>${escapeHtml(maskEmail(p.email))}</em></div></div><button data-account-lock>화면 잠금<small>현재 화면을 가립니다</small></button><button data-account-switch>다른 사용자로 전환<small>교사명·이메일 다시 입력</small></button><button class=""danger"" data-account-logout>로그아웃<small>자동 로그인도 해제</small></button>`;document.body.appendChild(pop);const r=profile.getBoundingClientRect();pop.style.left=`${Math.max(12,r.left)}px`;pop.style.bottom=`${Math.max(12,window.innerHeight-r.top+8)}px`;pop.querySelector('[data-account-lock]').onclick=lockCurrentUser;pop.querySelector('[data-account-switch]').onclick=switchCurrentUser;pop.querySelector('[data-account-logout]').onclick=logoutCurrentUser;setTimeout(()=>document.addEventListener('pointerdown',accountPopoverOutside,{once:true}),0); } function accountPopoverOutside(event){if(!event.target.closest('.account-popover')&&!event.target.closest('.profile'))closeAccountPopover();}"
"addEventListener","3800","pageContent.innerHTML=`<div class=""setup-main-shell setup-wizard-shell setup-wizard-v07639""><header class=""setup-main-header""><div><small>UEP SECURE ONBOARDING</small><h2>처음부터 끝까지 이 화면 안에서만 설정합니다</h2><p>설정이 완료되기 전에는 학생정보·성적·출결·생활기록부 등 다른 UEP 화면으로 이동할 수 없습니다.</p></div><span>STEP ${setupWizardStep+1} / ${SETUP_WIZARD_STEPS.length}</span></header><div class=""setup-wizard-progress"">${progress}</div><section class=""setup-wizard-stage ${setupWizardPreview?'preview-mode':''}""><div class=""setup-wizard-icon"">${item.icon}</div><small>STEP ${setupWizardStep+1} / ${SETUP_WIZARD_STEPS.length}</small><h2>${escapeHtml(item.title)}</h2><p>${escapeHtml(item.desc)}</p><div class=""setup-wizard-summary"">${escapeHtml(item.body)}</div>${extra}</section><footer><button class=""btn secondary"" data-setup-prev ${setupWizardStep===0?'disabled':''}>이전</button>${setupWizardStep<SETUP_WIZARD_STEPS.length-1?'<button class=""btn primary"" data-setup-next>다음</button>':'<button class=""btn primary"" data-setup-finish>설정 저장 후 승인 단계로</button>'}</footer></div>`; $(""[data-wizard-hong]"")?.addEventListener(""click"",()=>{ $(""#wizardUserName"").value=""홍석민""; $(""#wizardRole"").value=""admin"";"
"addEventListener","3805","$(""#wizardSecondaryRole"").value=""grade_head""; }); $(""[data-wizard-google]"")?.addEventListener(""click"",async()=>{await selectGoogleCredential();renderSetupWizard();}); $(""[data-wizard-sync]"")?.addEventListener(""click"",async()=>{const button=$(""[data-wizard-sync]"");if(button){button.disabled=true;button.textContent=""새로고침 중…"";}const result=await window.schoolBoard?.previewReadonlySync?.();if(result?.ok){const cached=await window.schoolBoard?.readReadonlyCache?.();if(cached?.ok){readonlyCache=cached.data;googleConnectionError="""";}}else if(result){googleConnectionError=result.reason||""Google 최신 동기화를 확인하세요. 마지막 저장 자료는 계속 사용할 수 있습니다."";}renderSetupWizard();}); $(""[data-wizard-neis-load]"")?.addEventListener(""click"",async()=>{"
"addEventListener","3806","}); $(""[data-wizard-google]"")?.addEventListener(""click"",async()=>{await selectGoogleCredential();renderSetupWizard();}); $(""[data-wizard-sync]"")?.addEventListener(""click"",async()=>{const button=$(""[data-wizard-sync]"");if(button){button.disabled=true;button.textContent=""새로고침 중…"";}const result=await window.schoolBoard?.previewReadonlySync?.();if(result?.ok){const cached=await window.schoolBoard?.readReadonlyCache?.();if(cached?.ok){readonlyCache=cached.data;googleConnectionError="""";}}else if(result){googleConnectionError=result.reason||""Google 최신 동기화를 확인하세요. 마지막 저장 자료는 계속 사용할 수 있습니다."";}renderSetupWizard();}); $(""[data-wizard-neis-load]"")?.addEventListener(""click"",async()=>{ const school=$(""#wizardNeisSchool"")?.value.trim()||""운호고등학교"";"
"addEventListener","3807","$(""[data-wizard-google]"")?.addEventListener(""click"",async()=>{await selectGoogleCredential();renderSetupWizard();}); $(""[data-wizard-sync]"")?.addEventListener(""click"",async()=>{const button=$(""[data-wizard-sync]"");if(button){button.disabled=true;button.textContent=""새로고침 중…"";}const result=await window.schoolBoard?.previewReadonlySync?.();if(result?.ok){const cached=await window.schoolBoard?.readReadonlyCache?.();if(cached?.ok){readonlyCache=cached.data;googleConnectionError="""";}}else if(result){googleConnectionError=result.reason||""Google 최신 동기화를 확인하세요. 마지막 저장 자료는 계속 사용할 수 있습니다."";}renderSetupWizard();}); $(""[data-wizard-neis-load]"")?.addEventListener(""click"",async()=>{ const school=$(""#wizardNeisSchool"")?.value.trim()||""운호고등학교""; const grade=$(""#wizardNeisGrade"")?.value||currentUserProfile().grade||""1"";"
"addEventListener","3821","toast(neisData?.ok?""마법사 내부 미리보기용 시간표를 가져왔습니다."":""NEIS 조회 결과를 확인하세요.""); }); $(""[data-wizard-neis-open]"")?.addEventListener(""click"",()=>{ const date=$(""#wizardNeisDate"")?.value||dateKey(today); const grade=$(""#wizardNeisGrade"")?.value||currentUserProfile().grade||""1"";"
"addEventListener","3830","renderSetupWizard(); }); $(""[data-wizard-preview-back]"")?.addEventListener(""click"",()=>{setupWizardPreview="""";renderSetupWizard();}); $(""[data-setup-prev]"")?.addEventListener(""click"",()=>{saveWizardCurrentStep();setupWizardPreview="""";if(setupWizardStep>0){setupWizardStep--;renderSetupWizard();}}); $(""[data-setup-next]"")?.addEventListener(""click"",()=>{"
"addEventListener","3831","}); $(""[data-wizard-preview-back]"")?.addEventListener(""click"",()=>{setupWizardPreview="""";renderSetupWizard();}); $(""[data-setup-prev]"")?.addEventListener(""click"",()=>{saveWizardCurrentStep();setupWizardPreview="""";if(setupWizardStep>0){setupWizardStep--;renderSetupWizard();}}); $(""[data-setup-next]"")?.addEventListener(""click"",()=>{ if(setupWizardStep===1&&!String($(""#wizardUserName"")?.value||"""").trim()) return toast(""사용자 이름을 입력해 주세요."");"
"addEventListener","3832","$(""[data-wizard-preview-back]"")?.addEventListener(""click"",()=>{setupWizardPreview="""";renderSetupWizard();}); $(""[data-setup-prev]"")?.addEventListener(""click"",()=>{saveWizardCurrentStep();setupWizardPreview="""";if(setupWizardStep>0){setupWizardStep--;renderSetupWizard();}}); $(""[data-setup-next]"")?.addEventListener(""click"",()=>{ if(setupWizardStep===1&&!String($(""#wizardUserName"")?.value||"""").trim()) return toast(""사용자 이름을 입력해 주세요.""); if(setupWizardStep===2){"
"addEventListener","3844","renderSetupWizard(); }); $(""[data-setup-finish]"")?.addEventListener(""click"",()=>{ saveWizardCurrentStep(); state.settings.setupCompleted=true;"
"addEventListener","3965","document.body.appendChild(layer); const close=()=>layer.remove(); layer.querySelectorAll('[data-access-close]').forEach(b=>b.onclick=close); layer.onclick=e=>{if(e.target===layer)close();}; layer.querySelector('[data-access-refresh]')?.addEventListener('click',async()=>{const result=await window.schoolBoard?.readReadonlyCache?.();if(result?.ok){readonlyCache=result.data;layer.remove();openAccessControlPanel();}else toast(result?.reason||'사용자 계정표를 새로고침하지 못했습니다.');}); if(isAdmin){ layer.querySelectorAll('[data-access-user]').forEach(row=>{"
"addEventListener","3969","layer.querySelectorAll('[data-access-user]').forEach(row=>{ const id=row.dataset.accessUser, account=accounts.find(a=>String(a.id)===String(id)); if(!account)return; row.querySelector('[data-access-toggle]')?.addEventListener('click',async()=>{ if(account.active!==false && String(account.id)===String(p.id)) return toast('현재 로그인한 관리자 계정은 자기 자신을 중지할 수 없습니다.'); const active=account.active===false; const result=await window.schoolBoard?.updateUserAccount?.({id,active});"
"addEventListener","3975","const refreshed=await window.schoolBoard?.readReadonlyCache?.(); if(refreshed?.ok)readonlyCache=refreshed.data; layer.remove();openAccessControlPanel();toast(active?'사용 승인을 완료했습니다.':'사용을 중지했습니다.'); }); row.querySelector('[data-access-save]')?.addEventListener('click',async()=>{ const role=row.querySelector('[data-access-role]')?.value||'', grade=row.querySelector('[data-access-grade]')?.value||'1', classNo=row.querySelector('[data-access-class]')?.value||''; const admin=role==='관리자'; const storedRole=admin?'관리자':role;"
"addEventListener","4805","document.body.appendChild(panel);document.body.classList.add('counsel-panel-open');updateStudentSignalIndicator(); panel.querySelector('[data-counsel-panel-close]').onclick=closeCounselSidePanel; panel.querySelector('[data-counsel-panel-cancel-edit]')?.addEventListener('click',()=>openCounselSidePanel(student.id)); panel.querySelectorAll('[data-counsel-panel-edit]').forEach(btn=>btn.onclick=()=>openCounselSidePanel(student.id,btn.dataset.counselPanelEdit)); panel.querySelector('[data-counsel-panel-draft]').onclick=()=>{"
"addEventListener","6434","$(""#drawerBody"").innerHTML=`<div class=""student-alert-message""><div class=""history-summary""><span><small>구분</small><b>${escapeHtml(studentAlertLabel(group.category))}</b></span><span><small>대상</small><b>${group.count||group.rows?.length||0}명</b></span><span><small>범위</small><b>${studentAlertClass===""all""?""전체"":`${studentAlertClass}반`}</b></span></div>${group.category===""report""?`<label class=""student-alert-form-link"">보고서 구글폼 주소<input id=""studentAlertFormUrl"" type=""url"" value=""${escapeHtml(initialUrl)}"" placeholder=""https://docs.google.com/forms/...""><small>프로그램에 저장되어 다음 미제출 안내 때 자동으로 사용됩니다.</small></label>`:""""}<textarea id=""studentAlertMessageText"" rows=""16"">${escapeHtml(buildStudentAlertMessage(group,initialUrl))}</textarea><div class=""drawer-actions"">${group.category===""report""?'<button class=""btn secondary"" data-save-student-alert-url>폼 주소 저장</button>':''}<button class=""btn primary"" data-copy-student-alert-message>안내문 복사</button></div></div>`; $(""#drawer"").classList.remove(""hidden"");$(""#drawerBackdrop"").classList.remove(""hidden""); $(""#studentAlertFormUrl"")?.addEventListener(""input"",()=>{$(""#studentAlertMessageText"").value=renderMessage();}); $(""[data-save-student-alert-url]"")?.addEventListener(""click"",async()=>{ const url=$(""#studentAlertFormUrl"")?.value.trim()||""""; const id=String(group.programId||"""");"
"addEventListener","6435","$(""#drawer"").classList.remove(""hidden"");$(""#drawerBackdrop"").classList.remove(""hidden""); $(""#studentAlertFormUrl"")?.addEventListener(""input"",()=>{$(""#studentAlertMessageText"").value=renderMessage();}); $(""[data-save-student-alert-url]"")?.addEventListener(""click"",async()=>{ const url=$(""#studentAlertFormUrl"")?.value.trim()||""""; const id=String(group.programId||""""); const local=(state.programs||[]).find(p=>String(p.id||p.programId||"""")===id);"
"addEventListener","6441","group.reportFormUrl=url;await save();$(""#studentAlertMessageText"").value=buildStudentAlertMessage(group,url);toast(""보고서 구글폼 주소를 저장했습니다.""); }); $(""[data-copy-student-alert-message]"")?.addEventListener(""click"",async()=>{const value=$(""#studentAlertMessageText"")?.value||"""";try{await navigator.clipboard.writeText(value);toast(""학생 안내문을 복사했습니다."");}catch{$(""#studentAlertMessageText"")?.select();document.execCommand(""copy"");toast(""학생 안내문을 복사했습니다."");}}); } function studentAlertsView(){"
"addEventListener","6646","$(""#drawerBody"").innerHTML=`<div class=""auto-work-detail""><div class=""history-summary""><span><small>구분</small><b>${escapeHtml(studentAlertLabel(item.category))}</b></span><span><small>대상</small><b>${escapeHtml(String(item.count||0))}명</b></span><span><small>범위</small><b>${escapeHtml(currentTeacherAccessScope().label)}</b></span></div><section><h4>알림 내용</h4><p>${escapeHtml(detail)}</p><small>${escapeHtml(item.meta||"""")}</small></section><div class=""drawer-actions""><button class=""btn secondary"" data-auto-alert-related=""${escapeHtml(item.category)}"">상세 화면으로 이동</button><button class=""btn primary"" data-auto-alert-confirm=""${escapeHtml(item.id)}"">오늘 확인</button></div><p class=""drawer-note"">‘오늘 확인’은 해결 처리가 아니라 현재 사용자에게 오늘만 숨김 처리합니다. 조건이 남아 있으면 다음 날 다시 표시됩니다.</p></div>`; $(""#drawer"").classList.remove(""hidden"");$(""#drawerBackdrop"").classList.remove(""hidden""); $(""[data-auto-alert-related]"")?.addEventListener(""click"",()=>{const category=item.category;closeDrawer();studentAlertMode=category||""all"";studentAlertClass=""all"";navigate(""alerts"");}); $(""[data-auto-alert-confirm]"")?.addEventListener(""click"",async()=>{await acknowledgeAutoAlert(item.id);closeDrawer();if(state.activePage===""dashboard""||state.activePage===""work"")render(state.activePage);}); }"
"addEventListener","6647","$(""#drawer"").classList.remove(""hidden"");$(""#drawerBackdrop"").classList.remove(""hidden""); $(""[data-auto-alert-related]"")?.addEventListener(""click"",()=>{const category=item.category;closeDrawer();studentAlertMode=category||""all"";studentAlertClass=""all"";navigate(""alerts"");}); $(""[data-auto-alert-confirm]"")?.addEventListener(""click"",async()=>{await acknowledgeAutoAlert(item.id);closeDrawer();if(state.activePage===""dashboard""||state.activePage===""work"")render(state.activePage);}); }"
"addEventListener","6729","</form>`; $(""#drawer"").classList.remove(""reference-expanded"",""extension-expanded"");$(""#drawer"").classList.add(""reference-maximized"");$(""#drawer"").classList.remove(""hidden"");$(""#drawerBackdrop"").classList.remove(""hidden""); $(""[data-work-editor-cancel]"")?.addEventListener(""click"",()=>closeDrawer()); $(""#workEditorForm"")?.addEventListener(""submit"",async event=>{ event.preventDefault();const title=$(""#workEditorTitle"").value.trim();if(!title)return toast(""제목을 입력해 주세요."");"
"addEventListener","6730","$(""#drawer"").classList.remove(""reference-expanded"",""extension-expanded"");$(""#drawer"").classList.add(""reference-maximized"");$(""#drawer"").classList.remove(""hidden"");$(""#drawerBackdrop"").classList.remove(""hidden""); $(""[data-work-editor-cancel]"")?.addEventListener(""click"",()=>closeDrawer()); $(""#workEditorForm"")?.addEventListener(""submit"",async event=>{ event.preventDefault();const title=$(""#workEditorTitle"").value.trim();if(!title)return toast(""제목을 입력해 주세요.""); const group=$(""#workEditorGroup"").value.trim(),date=$(""#workEditorDate"").value,content=$(""#workEditorContent"").value.trim(),done=$(""#workEditorDone"").checked;"
"addEventListener","6744","await save();closeDrawer();render(""work"");toast(isEdit?""수정했습니다."":""대상별 배포 설정으로 등록했습니다.""); }); $(""[data-work-editor-delete]"")?.addEventListener(""click"",async()=>{if(!confirm(""이 항목을 삭제할까요?""))return;await deleteWorkBoardItem(type,id);closeDrawer();}); } async function deleteWorkBoardItem(type,id){"
"addEventListener","7393","} function bindDutyCalendarNavigation(type){ $(""#drawerBody"")?.querySelectorAll('[data-duty-month]').forEach(button=>button.addEventListener('click',()=>{ const delta=Number(button.dataset.dutyMonth||0), current=dutyCalendarCursor[type]; dutyCalendarCursor[type]=new Date(current.getFullYear(),current.getMonth()+delta,1);"
"addEventListener","7400","} function bindLunchDutyEditor(){ $(""#drawerBody"")?.querySelectorAll('[data-lunch-duty-edit]').forEach(button=>button.addEventListener('click',()=>openLunchDutyAssignmentEditor({ id:button.dataset.lunchDutyEdit||'', date:button.dataset.lunchDutyDate||'', teacher:button.dataset.lunchDutyTeacher||'', dutyType:button.dataset.lunchDutyType||'급식실' })));"
"addEventListener","7408","$(""#drawerTitle"").textContent='급식지도 담당 변경'; $(""#drawerBody"").innerHTML=`<form class=""duty-editor-form"" id=""lunchDutyAssignmentForm""><label>운영일<input value=""${escapeHtml(row.date||'')}"" readonly></label><label>현재 담당교사<input value=""${escapeHtml(row.teacher||'')}"" readonly></label><label>변경 담당교사<select id=""lunchDutyTeacher"">${nightTeacherOptions(row.teacher||'')}</select></label><label>담당 구분<select id=""lunchDutyType""><option value=""급식실"" ${row.dutyType==='급식실'?'selected':''}>급식실</option><option value=""방송"" ${/방송/.test(row.dutyType||'')?'selected':''}>방송</option></select></label><div class=""modal-actions""><button type=""button"" class=""btn secondary"" data-cancel-lunch-edit>취소</button><button class=""btn primary"">시트에 저장</button></div></form><p class=""drawer-note"">42_급식지도계획의 해당 행을 직접 수정합니다.</p>`; $(""[data-cancel-lunch-edit]"")?.addEventListener('click',()=>renderDutyCalendarDrawer('lunch')); $(""#lunchDutyAssignmentForm"").onsubmit=async event=>{ event.preventDefault();"
"addEventListener","7425","function bindNightDutyEditor(){ $(""#drawerBody"")?.querySelectorAll('[data-night-duty-edit]').forEach(button=>button.addEventListener('click',()=>openNightDutyEditor({ id:button.dataset.nightDutyEdit||'', date:button.dataset.nightDutyDate||'', teacher:button.dataset.nightDutyTeacher||'' })));"
"addEventListener","7438","$(""#drawerTitle"").textContent='야자감독 교사 변경'; $(""#drawerBody"").innerHTML=`<form class=""duty-editor-form"" id=""nightDutyEditForm""><label>운영일<input value=""${escapeHtml(row.date||'')}"" readonly></label><label>현재 감독교사<input value=""${escapeHtml(row.teacher||'')}"" readonly></label><label>변경 감독교사<select id=""nightDutyTeacher"">${nightTeacherOptions(row.teacher||'')}</select></label><div class=""night-duty-edit-info""><b>16:30~21:30</b><span>면학관 2~3층 · 1학년 1~9반</span></div><div class=""modal-actions""><button type=""button"" class=""btn secondary"" data-cancel-night-edit>취소</button><button class=""btn primary"">시트에 저장</button></div></form><p class=""drawer-note"">43_야자감독계획의 해당 행을 직접 수정합니다.</p>`; $(""[data-cancel-night-edit]"")?.addEventListener('click',()=>renderDutyCalendarDrawer('night')); $(""#nightDutyEditForm"").onsubmit=async event=>{ event.preventDefault();"
"addEventListener","7468","$(""#drawerBody"").innerHTML=`<div class=""today-duty-list""><time>${escapeHtml(key)}</time>${body}</div><div class=""drawer-actions""><button class=""btn primary"" data-reference=""lunch-supervisor"">빠른열기 · 급식지도 전체 보기</button></div>`; $(""#drawer"").classList.remove('hidden');$(""#drawerBackdrop"").classList.remove('hidden'); $(""#drawerBody [data-reference='lunch-supervisor']"")?.addEventListener(""click"",()=>openReferenceDrawer(""lunch-supervisor"")); }"
"addEventListener","7478","$(""#drawerBody"").innerHTML=`<form class=""duty-editor-form"" id=""lunchDutyForm""><label>일자<input type=""date"" id=""lunchDutyDate"" value=""${escapeHtml(key)}""></label><label>담당 여부<select id=""lunchDutyEnabled""><option value=""1"" ${saved.enabled!==false?""selected"":""""}>담당 있음</option><option value=""0"" ${saved.enabled===false?""selected"":""""}>담당 없음</option></select></label><label>시간<input id=""lunchDutyTime"" value=""${escapeHtml(saved.time||""12:20~13:10"")}"" placeholder=""12:20~13:10""></label><label>장소·구역<input id=""lunchDutyPlace"" value=""${escapeHtml(saved.place||"""")}"" placeholder=""1학년 급식실""></label><label>함께 근무<input id=""lunchDutyPartners"" value=""${escapeHtml(saved.partners||"""")}"" placeholder=""교사 이름""></label><div class=""modal-actions""><button type=""button"" class=""btn secondary"" data-close-drawer>취소</button><button class=""btn primary"">저장</button></div></form><p class=""drawer-note"">대시보드 시계 아래 급식지도 배지에 오늘 기준으로 표시됩니다.</p>`; $(""#drawer"").classList.remove(""hidden"");$(""#drawerBackdrop"").classList.remove(""hidden""); $(""[data-close-drawer]"")?.addEventListener(""click"",closeDrawer); $(""#lunchDutyForm"").onsubmit=async event=>{event.preventDefault();const date=$(""#lunchDutyDate"").value||key;state.settings.lunchDutyOverrides=state.settings.lunchDutyOverrides||{};state.settings.lunchDutyOverrides[date]={enabled:$(""#lunchDutyEnabled"").value===""1"",time:$(""#lunchDutyTime"").value.trim(),place:$(""#lunchDutyPlace"").value.trim(),partners:$(""#lunchDutyPartners"").value.trim()};await save();closeDrawer();render(""dashboard"");toast(""급식지도 일정을 저장했습니다."");}; }"
"addEventListener","7488","$(""#drawerBody"").innerHTML=`<div class=""today-duty-list""><time>${escapeHtml(key)}</time>${body}</div><div class=""drawer-actions""><button class=""btn primary"" data-reference=""night-supervisor"">빠른열기 · 야자감독 전체 보기</button></div>`; $(""#drawer"").classList.remove(""hidden"");$(""#drawerBackdrop"").classList.remove(""hidden""); $(""#drawerBody [data-reference='night-supervisor']"")?.addEventListener(""click"",()=>openReferenceDrawer(""night-supervisor"")); }"
"addEventListener","7595","$(""#drawerBody"").innerHTML=`<div class=""history-summary positive""><span><small>운영일</small><b>${escapeHtml(day)}</b></span><span><small>시간</small><b>${escapeHtml(program.time||""확인 필요"")}</b></span><span><small>참여</small><b>${students.length}명</b></span></div><div class=""connection-detail""><div><b>구분</b><span>${isNight?""야간심화"":""방과후""}</span></div><div><b>교과</b><span>${escapeHtml(program.subject||""-"")}</span></div><div><b>담당교사</b><span>${escapeHtml(program.teacher||""-"")}</span></div><div><b>장소</b><span>${escapeHtml(program.place||""-"")}</span></div></div><div class=""drawer-actions""><button class=""btn primary"" data-dashboard-night-program-detail=""${escapeHtml(program.id||program.programId||"""")}"">상세보기</button></div>`; $(""#drawer"").classList.remove(""hidden"");$(""#drawerBackdrop"").classList.remove(""hidden""); $(""[data-dashboard-night-program-detail]"")?.addEventListener(""click"",()=>openAfterschoolProgramDrawer(program.id||program.programId)); } function openDashboardNightSlot(day,slot){"
"addEventListener","7611","$(""#drawerBody"").innerHTML=`<div class=""history-summary positive""><span><small>기준일</small><b>${escapeHtml(day)}</b></span><span><small>시간대</small><b>${escapeHtml(slot)}</b></span><span><small>학생 수</small><b>${total}명</b></span></div><p class=""dashboard-night-guide"">반별 자습 인원을 한 화면에서 확인합니다.</p><div class=""dashboard-night-class-grid"">${classes.map(cls=>{const members=[...(groups.get(cls)?.values()||[])].sort((a,b)=>String(a.studentNo||'').localeCompare(String(b.studentNo||''),'ko'));return `<section><header><b>${cls}반</b><span>${members.length}명</span></header><div>${members.length?members.map(m=>`<button data-dashboard-night-student=""${escapeHtml(attendanceStudentKey(m))}"" data-dashboard-night-student-day=""${escapeHtml(day)}"" data-dashboard-night-student-slot=""${escapeHtml(slot)}""><b>${escapeHtml(m.studentNo||"""")} ${escapeHtml(m.name||"""")}</b></button>`).join(""""):'<small>참여 없음</small>'}</div></section>`;}).join("""")}</div><div class=""drawer-actions""><button class=""btn primary"" data-night-attendance-date=""${escapeHtml(day)}"">상세보기</button></div>`; $(""#drawer"").classList.remove(""hidden"");$(""#drawerBackdrop"").classList.remove(""hidden""); $(""#drawerBody [data-night-attendance-date]"")?.addEventListener(""click"",()=>{attendanceViewDate=day;nightViewMonth=day.slice(0,7);window.__uepNightRequestedSlot=slot;closeDrawer();navigate(""attendance"");attendanceMode=""night"";render(""attendance"");window.scrollTo(0,0);requestAnimationFrame(()=>toast(`${day} ${slot} 야자출결로 이동했습니다.`));}); $(""#drawerBody"").querySelectorAll('[data-dashboard-night-student]').forEach(btn=>btn.onclick=()=>openNightAttendanceDetail(btn.dataset.dashboardNightStudent,btn.dataset.dashboardNightStudentDay,btn.dataset.dashboardNightStudentSlot)); }"
"addEventListener","7900","$('#drawerBody').innerHTML=`<div class=""dashboard-student-status-popup dashboard-status-board-popup"">${dateControl}<div class=""history-summary ${studentGroups.length?'warn':''}""><span><small>기준일</small><b>${cfg.dateSelectable?basisDate:dateKey(today)}</b></span><span><small>학생 수</small><b>${studentGroups.length}명</b></span><span><small>조회 범위</small><b>${escapeHtml(scope.label)}</b></span></div><p class=""dashboard-status-guide"">1~9반을 한 화면에서 비교합니다. 담임반은 <b>내 반</b>으로 표시되며, 다른 반도 동일하게 조회할 수 있습니다.</p>${dashboardStatusBoardMarkup(boardRows,kind,{report:Boolean(cfg.report),attendance:Boolean(cfg.attendance)})}<div class=""drawer-actions""><button class=""btn primary"" data-dashboard-status-page=""${cfg.page}"">해당 메뉴 전체조회</button></div></div>`; $('#drawer').classList.remove('hidden');$('#drawerBackdrop').classList.remove('hidden'); $('#drawerBody [data-dashboard-status-date]')?.addEventListener('change',event=>openDashboardStudentStatus(kind,event.target.value||defaultDate)); const byKey=new Map(studentGroups.map(row=>[String(row.key),row])); $$('#drawerBody [data-dashboard-board-student]').forEach(btn=>btn.onclick=()=>{"
"addEventListener","8000","$(""#drawerBody"").innerHTML=`<div class=""work-notice-detail""><div class=""history-summary""><span><small>성격</small><b>${escapeHtml(item.noticeKind||item.type||'일반공지')}</b></span><span><small>대상</small><b>${escapeHtml([item.targetGrade&&`${item.targetGrade}학년`,item.targetClass||'전체'].filter(Boolean).join(' · '))}</b></span><span><small>등록</small><b>${escapeHtml(item.author||item.department||""1학년부"")}</b></span><span><small>게시</small><b>${escapeHtml(item.postDate||item.date||""-"")}${item.endDate?` ~ ${escapeHtml(item.endDate)}`:''}</b></span></div>${summary}<section><h4>공지 내용</h4><p>${escapeHtml(content)}</p></section>${item.deadline?`<section class=""notice-deadline-box""><h4>${escapeHtml(noticeDeadlineTypeLabel(item.deadlineType))}</h4><p>${escapeHtml(item.deadline)} · ${escapeHtml(noticeDeadlineStatus(item))}</p><small>공지 일정과 별개의 업무 처리 기한입니다.</small></section>`:''}${noticeClassCollectionMarkup(item)}<div class=""drawer-actions"">${isHead?`<button class=""btn secondary"" data-notice-edit=""${escapeHtml(item.id||'')}"">공지 수정</button><button class=""btn ${noticeCollectionState(item).complete?'primary':'secondary'}"" data-notice-close=""${escapeHtml(item.id||'')}"">공지 내리기</button>`:''}${!isHead&&item.confirmRequired&&!stateInfo.confirmed?`<button class=""btn primary"" data-notice-confirm=""${escapeHtml(item.id||'')}"">확인했습니다</button>`:''}${!isHead&&item.submitRequired&&!stateInfo.submitted?`<button class=""btn primary"" data-notice-submit=""${escapeHtml(item.id||'')}"">제출 완료</button>`:''}</div><p class=""drawer-note"">확인과 제출은 서로 다른 상태이며 44_공지확인현황에 공용으로 저장됩니다.</p></div>`; $(""#drawer"").classList.remove(""hidden"");$(""#drawerBackdrop"").classList.remove(""hidden""); $(""[data-notice-edit]"")?.addEventListener(""click"",()=>openNoticeEditor(item.id)); $(""[data-notice-close]"")?.addEventListener(""click"",()=>closePublishedNotice(item)); $(""[data-notice-confirm]"")?.addEventListener(""click"",async()=>{if(await saveCurrentNoticeReceipt(item,{confirmed:true})){closeDrawer();render(state.activePage);toast(""공지 확인을 기록했습니다."");}});"
"addEventListener","8001","$(""#drawer"").classList.remove(""hidden"");$(""#drawerBackdrop"").classList.remove(""hidden""); $(""[data-notice-edit]"")?.addEventListener(""click"",()=>openNoticeEditor(item.id)); $(""[data-notice-close]"")?.addEventListener(""click"",()=>closePublishedNotice(item)); $(""[data-notice-confirm]"")?.addEventListener(""click"",async()=>{if(await saveCurrentNoticeReceipt(item,{confirmed:true})){closeDrawer();render(state.activePage);toast(""공지 확인을 기록했습니다."");}}); $(""[data-notice-submit]"")?.addEventListener(""click"",async()=>{if(await saveCurrentNoticeReceipt(item,{confirmed:true,submitted:true})){closeDrawer();render(state.activePage);toast(""제출 완료를 기록했습니다."");}});"
"addEventListener","8002","$(""[data-notice-edit]"")?.addEventListener(""click"",()=>openNoticeEditor(item.id)); $(""[data-notice-close]"")?.addEventListener(""click"",()=>closePublishedNotice(item)); $(""[data-notice-confirm]"")?.addEventListener(""click"",async()=>{if(await saveCurrentNoticeReceipt(item,{confirmed:true})){closeDrawer();render(state.activePage);toast(""공지 확인을 기록했습니다."");}}); $(""[data-notice-submit]"")?.addEventListener(""click"",async()=>{if(await saveCurrentNoticeReceipt(item,{confirmed:true,submitted:true})){closeDrawer();render(state.activePage);toast(""제출 완료를 기록했습니다."");}}); }"
"addEventListener","8003","$(""[data-notice-close]"")?.addEventListener(""click"",()=>closePublishedNotice(item)); $(""[data-notice-confirm]"")?.addEventListener(""click"",async()=>{if(await saveCurrentNoticeReceipt(item,{confirmed:true})){closeDrawer();render(state.activePage);toast(""공지 확인을 기록했습니다."");}}); $(""[data-notice-submit]"")?.addEventListener(""click"",async()=>{if(await saveCurrentNoticeReceipt(item,{confirmed:true,submitted:true})){closeDrawer();render(state.activePage);toast(""제출 완료를 기록했습니다."");}}); }"
"addEventListener","8212","if(!window.__uepCounselStudentDelegated){ window.__uepCounselStudentDelegated=true; document.addEventListener('click',event=>{ const route=event.target?.closest?.('[data-student-counsel-route]'); if(route){event.preventDefault();event.stopImmediatePropagation();openStudentCounselRoute('',route.dataset.studentCounselRoute||'');return;}"
"addEventListener","8239","$('#drawerBody').innerHTML=`<form id=""growthCounselForm"" class=""duty-editor-form growth-counsel-form""><label>상담 영역<select id=""growthCounselArea"">${['입시','학습','진로','생활','출결','프로그램','보호자','기타'].map(v=>`<option value=""${v}"" ${opt(v,record.area||'입시')}>${v}</option>`).join('')}</select></label><label>상담 방식<select id=""growthCounselType"">${['학생 상담','학부모 상담','교사 협의','프로그램 추천'].map(v=>`<option ${opt(v,record.type||'학생 상담')}>${v}</option>`).join('')}</select></label><label>상담 내용<textarea id=""growthCounselMemo"" rows=""6"" required placeholder=""상담 내용과 학생의 반응, 확인한 사항을 기록하세요."">${escapeHtml(record.memo||'')}</textarea></label><label>조치·후속 계획<textarea id=""growthCounselAction"" rows=""4"" placeholder=""방과후 추천, 과목 보완, 다음 성적 확인 등"">${escapeHtml(record.action||'')}</textarea></label><label>다음 확인일<input id=""growthCounselNextDate"" type=""date"" value=""${escapeHtml(record.nextDate||'')}""></label><label>진행 상태<select id=""growthCounselStatus"">${['진행중','완료','보류'].map(v=>`<option value=""${v}"" ${opt(v,record.status||'진행중')}>${v}</option>`).join('')}</select></label><div class=""modal-actions""><button type=""button"" class=""btn secondary"" data-close-drawer>취소</button><button class=""btn primary"">${existing?'수정 저장':'상담 기록 저장'}</button></div></form>`; $('#drawer').classList.remove('hidden');$('#drawerBackdrop').classList.remove('hidden'); $('[data-close-drawer]')?.addEventListener('click',closeDrawer); $('#growthCounselForm').onsubmit=async event=>{event.preventDefault(); const recordOut={id:record.id||`CNS-${Date.now()}`,studentId:student.id,studentNo:student.studentNo,name:student.name,grade:String(student.studentNo||'').slice(0,1)||'1',className:classNumberOf(student),group:record.group||candidate.group,stage:record.stage||candidate.stage,discoveryReason:record.discoveryReason||(candidate.reasons||[]).join(' · '),area:$('#growthCounselArea').value,type:$('#growthCounselType').value,memo:$('#growthCounselMemo').value.trim(),action:$('#growthCounselAction').value.trim(),nextDate:$('#growthCounselNextDate').value,status:$('#growthCounselStatus').value,createdAt:record.createdAt||new Date().toISOString(),writer:record.writer||currentLoginTeacherName()};"
"addEventListener","8322","document.body.appendChild(layer);const close=()=>layer.remove();layer.querySelector('[data-auto-basic-close]').onclick=close;layer.onclick=e=>{if(e.target===layer)close();}; const participantGrid=layer.querySelector('.auto-program-student-grid'), participantToggle=layer.querySelector('[data-auto-participants-toggle]'); participantToggle?.addEventListener('click',()=>{const expanded=participantGrid?.classList.toggle('expanded');participantToggle.textContent=expanded?'명단 접기':`전체 명단 보기 · 외 ${Math.max(0,students.length-6)}명`;}); layer.querySelectorAll('[data-auto-program-student-index]').forEach(button=>button.addEventListener('click',event=>{event.preventDefault();event.stopPropagation();const st=students[Number(button.dataset.autoProgramStudentIndex)];if(st)openProgramStudentBasicDialog(st);})); layer.querySelector('[data-auto-basic-confirm]')?.addEventListener('click',async()=>{close();render(state.activePage||'dashboard');toast('자동공지를 확인했습니다.');await saveAutoNoticeReceipt(source,id,{confirmed:true,note:'자동공지 확인'});});"
"addEventListener","8323","const participantGrid=layer.querySelector('.auto-program-student-grid'), participantToggle=layer.querySelector('[data-auto-participants-toggle]'); participantToggle?.addEventListener('click',()=>{const expanded=participantGrid?.classList.toggle('expanded');participantToggle.textContent=expanded?'명단 접기':`전체 명단 보기 · 외 ${Math.max(0,students.length-6)}명`;}); layer.querySelectorAll('[data-auto-program-student-index]').forEach(button=>button.addEventListener('click',event=>{event.preventDefault();event.stopPropagation();const st=students[Number(button.dataset.autoProgramStudentIndex)];if(st)openProgramStudentBasicDialog(st);})); layer.querySelector('[data-auto-basic-confirm]')?.addEventListener('click',async()=>{close();render(state.activePage||'dashboard');toast('자동공지를 확인했습니다.');await saveAutoNoticeReceipt(source,id,{confirmed:true,note:'자동공지 확인'});}); layer.querySelector('[data-auto-basic-dismiss]')?.addEventListener('click',async()=>{close();render(state.activePage||'dashboard');toast('내 대시보드에서 자동공지를 숨겼습니다.');await saveAutoNoticeReceipt(source,id,{dismissed:true,note:'자동공지 해제'});});"
"addEventListener","8324","participantToggle?.addEventListener('click',()=>{const expanded=participantGrid?.classList.toggle('expanded');participantToggle.textContent=expanded?'명단 접기':`전체 명단 보기 · 외 ${Math.max(0,students.length-6)}명`;}); layer.querySelectorAll('[data-auto-program-student-index]').forEach(button=>button.addEventListener('click',event=>{event.preventDefault();event.stopPropagation();const st=students[Number(button.dataset.autoProgramStudentIndex)];if(st)openProgramStudentBasicDialog(st);})); layer.querySelector('[data-auto-basic-confirm]')?.addEventListener('click',async()=>{close();render(state.activePage||'dashboard');toast('자동공지를 확인했습니다.');await saveAutoNoticeReceipt(source,id,{confirmed:true,note:'자동공지 확인'});}); layer.querySelector('[data-auto-basic-dismiss]')?.addEventListener('click',async()=>{close();render(state.activePage||'dashboard');toast('내 대시보드에서 자동공지를 숨겼습니다.');await saveAutoNoticeReceipt(source,id,{dismissed:true,note:'자동공지 해제'});}); layer.querySelectorAll('[data-auto-governance]').forEach(button=>button.addEventListener('click',async()=>{const status=button.dataset.autoGovernance,label=status==='approved'?'승인':status==='handled'?'확인':'불가(해제)';if(await setAutoNoticeGovernance(source,id,status,`관리자 ${label}`)){close();render(state.activePage||'dashboard');toast(`자동공지를 ${label} 처리했습니다.`);}}));"
"addEventListener","8325","layer.querySelectorAll('[data-auto-program-student-index]').forEach(button=>button.addEventListener('click',event=>{event.preventDefault();event.stopPropagation();const st=students[Number(button.dataset.autoProgramStudentIndex)];if(st)openProgramStudentBasicDialog(st);})); layer.querySelector('[data-auto-basic-confirm]')?.addEventListener('click',async()=>{close();render(state.activePage||'dashboard');toast('자동공지를 확인했습니다.');await saveAutoNoticeReceipt(source,id,{confirmed:true,note:'자동공지 확인'});}); layer.querySelector('[data-auto-basic-dismiss]')?.addEventListener('click',async()=>{close();render(state.activePage||'dashboard');toast('내 대시보드에서 자동공지를 숨겼습니다.');await saveAutoNoticeReceipt(source,id,{dismissed:true,note:'자동공지 해제'});}); layer.querySelectorAll('[data-auto-governance]').forEach(button=>button.addEventListener('click',async()=>{const status=button.dataset.autoGovernance,label=status==='approved'?'승인':status==='handled'?'확인':'불가(해제)';if(await setAutoNoticeGovernance(source,id,status,`관리자 ${label}`)){close();render(state.activePage||'dashboard');toast(`자동공지를 ${label} 처리했습니다.`);}})); layer.querySelector('[data-auto-basic-detail]')?.addEventListener('click',async()=>{await saveAutoNoticeReceipt(source,id,{detailViewed:true,note:'자동공지 상세보기'});close();openProgramDrawer(pid,{returnTo:'dashboard'});});"
"addEventListener","8326","layer.querySelector('[data-auto-basic-confirm]')?.addEventListener('click',async()=>{close();render(state.activePage||'dashboard');toast('자동공지를 확인했습니다.');await saveAutoNoticeReceipt(source,id,{confirmed:true,note:'자동공지 확인'});}); layer.querySelector('[data-auto-basic-dismiss]')?.addEventListener('click',async()=>{close();render(state.activePage||'dashboard');toast('내 대시보드에서 자동공지를 숨겼습니다.');await saveAutoNoticeReceipt(source,id,{dismissed:true,note:'자동공지 해제'});}); layer.querySelectorAll('[data-auto-governance]').forEach(button=>button.addEventListener('click',async()=>{const status=button.dataset.autoGovernance,label=status==='approved'?'승인':status==='handled'?'확인':'불가(해제)';if(await setAutoNoticeGovernance(source,id,status,`관리자 ${label}`)){close();render(state.activePage||'dashboard');toast(`자동공지를 ${label} 처리했습니다.`);}})); layer.querySelector('[data-auto-basic-detail]')?.addEventListener('click',async()=>{await saveAutoNoticeReceipt(source,id,{detailViewed:true,note:'자동공지 상세보기'});close();openProgramDrawer(pid,{returnTo:'dashboard'});}); }"
"addEventListener","8327","layer.querySelector('[data-auto-basic-dismiss]')?.addEventListener('click',async()=>{close();render(state.activePage||'dashboard');toast('내 대시보드에서 자동공지를 숨겼습니다.');await saveAutoNoticeReceipt(source,id,{dismissed:true,note:'자동공지 해제'});}); layer.querySelectorAll('[data-auto-governance]').forEach(button=>button.addEventListener('click',async()=>{const status=button.dataset.autoGovernance,label=status==='approved'?'승인':status==='handled'?'확인':'불가(해제)';if(await setAutoNoticeGovernance(source,id,status,`관리자 ${label}`)){close();render(state.activePage||'dashboard');toast(`자동공지를 ${label} 처리했습니다.`);}})); layer.querySelector('[data-auto-basic-detail]')?.addEventListener('click',async()=>{await saveAutoNoticeReceipt(source,id,{detailViewed:true,note:'자동공지 상세보기'});close();openProgramDrawer(pid,{returnTo:'dashboard'});}); }"
"addEventListener","8466","$(""#drawerBody"").innerHTML=`<div class=""meal-duty-combined""><section class=""meal-duty-section duty-first""><header><div><small>TODAY DUTY</small><h3>오늘 급식지도</h3></div><span class=""duty-state ${status.state}"">${escapeHtml(status.label)}</span></header>${dutyRows}<button class=""btn secondary"" data-reference=""lunch-supervisor"">월간 급식지도 보기</button></section><section class=""meal-duty-section""><header><div><small>TODAY MEAL</small><h3>오늘 급식메뉴</h3></div></header>${mealRows}</section></div>`; $(""#drawer"").classList.remove(""hidden""); $(""#drawerBackdrop"").classList.remove(""hidden""); $(""#drawerBody [data-reference='lunch-supervisor']"")?.addEventListener(""click"",()=>openReferenceDrawer(""lunch-supervisor"")); }"
"addEventListener","8688","$(""#drawerKicker"").textContent=""TEACHER · CONTACT"";$(""#drawerTitle"").textContent=`${info.name} 선생님`; $(""#drawerBody"").innerHTML=`<div class=""teacher-reference-detail""><div class=""history-summary""><span><small>근무 위치</small><b>${escapeHtml(info.office)}</b></span><span><small>내선번호</small><b>${escapeHtml(info.extension)}</b></span><span><small>학교 연락처</small><b>${escapeHtml(info.directPhone)}</b></span></div><section class=""teacher-contact-card""><header><h4>개인 연락처</h4><em class=""storage-badge local"" title=""이 PC에만 저장됩니다"">로컬 저장</em></header><div class=""teacher-personal-editor""><input type=""tel"" id=""teacherPersonalContactInput"" value=""${info.personal==='연결 정보 없음'?'':escapeHtml(info.personal)}"" placeholder=""개인 연락처 입력""><button class=""btn primary"" data-save-teacher-contact>저장</button>${info.personal!=='연결 정보 없음'?`<button class=""btn secondary"" data-copy-teacher-contact=""${escapeHtml(info.personal)}"">복사</button>`:''}</div><small>현재 버전에서는 이 PC에만 저장됩니다. 다른 교사의 PC에는 공유되지 않습니다. 중앙 승인 저장소 연결 후 공유 범위를 전환할 수 있습니다.</small></section><section class=""teacher-duty-card""><h4>업무분장</h4>${info.duties.length?info.duties.map(item=>`<article><header><b>${escapeHtml(item.department)}</b><span>${escapeHtml(item.role)}</span></header><p>${escapeHtml(item.details)}</p></article>`).join(''):'<p class=""dashboard-class-empty"">연결된 업무분장 정보가 없습니다.</p>'}</section><div class=""drawer-actions""><button class=""btn secondary"" data-back-homeroom>담임·부담임 명단으로 돌아가기</button></div></div>`; $(""#drawerBody [data-save-teacher-contact]"")?.addEventListener('click',async()=>{state.settings.teacherPersonalContacts??={};state.settings.teacherPersonalContacts[info.name]=String($(""#teacherPersonalContactInput"")?.value||'').trim();await save();toast('개인 연락처를 이 PC에 저장했습니다.');openHomeroomTeacherDetail(info.name);}); $(""#drawerBody [data-copy-teacher-contact]"")?.addEventListener(""click"",async event=>{await navigator.clipboard?.writeText(event.currentTarget.dataset.copyTeacherContact||"""");toast(""개인 연락처를 복사했습니다."");}); $(""#drawerBody [data-back-homeroom]"")?.addEventListener(""click"",()=>openSourceReference(""homeroom""));"
"addEventListener","8689","$(""#drawerBody"").innerHTML=`<div class=""teacher-reference-detail""><div class=""history-summary""><span><small>근무 위치</small><b>${escapeHtml(info.office)}</b></span><span><small>내선번호</small><b>${escapeHtml(info.extension)}</b></span><span><small>학교 연락처</small><b>${escapeHtml(info.directPhone)}</b></span></div><section class=""teacher-contact-card""><header><h4>개인 연락처</h4><em class=""storage-badge local"" title=""이 PC에만 저장됩니다"">로컬 저장</em></header><div class=""teacher-personal-editor""><input type=""tel"" id=""teacherPersonalContactInput"" value=""${info.personal==='연결 정보 없음'?'':escapeHtml(info.personal)}"" placeholder=""개인 연락처 입력""><button class=""btn primary"" data-save-teacher-contact>저장</button>${info.personal!=='연결 정보 없음'?`<button class=""btn secondary"" data-copy-teacher-contact=""${escapeHtml(info.personal)}"">복사</button>`:''}</div><small>현재 버전에서는 이 PC에만 저장됩니다. 다른 교사의 PC에는 공유되지 않습니다. 중앙 승인 저장소 연결 후 공유 범위를 전환할 수 있습니다.</small></section><section class=""teacher-duty-card""><h4>업무분장</h4>${info.duties.length?info.duties.map(item=>`<article><header><b>${escapeHtml(item.department)}</b><span>${escapeHtml(item.role)}</span></header><p>${escapeHtml(item.details)}</p></article>`).join(''):'<p class=""dashboard-class-empty"">연결된 업무분장 정보가 없습니다.</p>'}</section><div class=""drawer-actions""><button class=""btn secondary"" data-back-homeroom>담임·부담임 명단으로 돌아가기</button></div></div>`; $(""#drawerBody [data-save-teacher-contact]"")?.addEventListener('click',async()=>{state.settings.teacherPersonalContacts??={};state.settings.teacherPersonalContacts[info.name]=String($(""#teacherPersonalContactInput"")?.value||'').trim();await save();toast('개인 연락처를 이 PC에 저장했습니다.');openHomeroomTeacherDetail(info.name);}); $(""#drawerBody [data-copy-teacher-contact]"")?.addEventListener(""click"",async event=>{await navigator.clipboard?.writeText(event.currentTarget.dataset.copyTeacherContact||"""");toast(""개인 연락처를 복사했습니다."");}); $(""#drawerBody [data-back-homeroom]"")?.addEventListener(""click"",()=>openSourceReference(""homeroom"")); }"
"addEventListener","8690","$(""#drawerBody [data-save-teacher-contact]"")?.addEventListener('click',async()=>{state.settings.teacherPersonalContacts??={};state.settings.teacherPersonalContacts[info.name]=String($(""#teacherPersonalContactInput"")?.value||'').trim();await save();toast('개인 연락처를 이 PC에 저장했습니다.');openHomeroomTeacherDetail(info.name);}); $(""#drawerBody [data-copy-teacher-contact]"")?.addEventListener(""click"",async event=>{await navigator.clipboard?.writeText(event.currentTarget.dataset.copyTeacherContact||"""");toast(""개인 연락처를 복사했습니다."");}); $(""#drawerBody [data-back-homeroom]"")?.addEventListener(""click"",()=>openSourceReference(""homeroom"")); } function bindHomeroomTeacherLinks(){"
"addEventListener","8693","} function bindHomeroomTeacherLinks(){ $(""#drawerBody"")?.querySelectorAll(""[data-homeroom-teacher]"").forEach(button=>button.addEventListener(""click"",event=>{event.stopPropagation();openHomeroomTeacherDetail(button.dataset.homeroomTeacher||"""");})); } function openSourceReference(type) {"
"addEventListener","9182","await save();await loadNeisDashboard(force,date);openHomeroomWeekDrawer(); }; $(""#drawerTimetableNeisForm"")?.addEventListener(""submit"",async event=>{event.preventDefault();await query(true);}); $(""[data-timetable-prev]"")?.addEventListener(""click"",async()=>query(true,shiftTimetableDate($(""#drawerTimetableDate"")?.value||selectedDate,-7))); $(""[data-timetable-next]"")?.addEventListener(""click"",async()=>query(true,shiftTimetableDate($(""#drawerTimetableDate"")?.value||selectedDate,7)));"
"addEventListener","9183","}; $(""#drawerTimetableNeisForm"")?.addEventListener(""submit"",async event=>{event.preventDefault();await query(true);}); $(""[data-timetable-prev]"")?.addEventListener(""click"",async()=>query(true,shiftTimetableDate($(""#drawerTimetableDate"")?.value||selectedDate,-7))); $(""[data-timetable-next]"")?.addEventListener(""click"",async()=>query(true,shiftTimetableDate($(""#drawerTimetableDate"")?.value||selectedDate,7))); $(""[data-neis-today]"")?.addEventListener(""click"",async()=>query(true,dateKey(new Date())));"
"addEventListener","9184","$(""#drawerTimetableNeisForm"")?.addEventListener(""submit"",async event=>{event.preventDefault();await query(true);}); $(""[data-timetable-prev]"")?.addEventListener(""click"",async()=>query(true,shiftTimetableDate($(""#drawerTimetableDate"")?.value||selectedDate,-7))); $(""[data-timetable-next]"")?.addEventListener(""click"",async()=>query(true,shiftTimetableDate($(""#drawerTimetableDate"")?.value||selectedDate,7))); $(""[data-neis-today]"")?.addEventListener(""click"",async()=>query(true,dateKey(new Date()))); $(""[data-neis-refresh]"")?.addEventListener(""click"",async()=>query(true));"
"addEventListener","9185","$(""[data-timetable-prev]"")?.addEventListener(""click"",async()=>query(true,shiftTimetableDate($(""#drawerTimetableDate"")?.value||selectedDate,-7))); $(""[data-timetable-next]"")?.addEventListener(""click"",async()=>query(true,shiftTimetableDate($(""#drawerTimetableDate"")?.value||selectedDate,7))); $(""[data-neis-today]"")?.addEventListener(""click"",async()=>query(true,dateKey(new Date()))); $(""[data-neis-refresh]"")?.addEventListener(""click"",async()=>query(true)); $(""[data-neis-raw-toggle]"")?.addEventListener(""click"",()=>{"
"addEventListener","9186","$(""[data-timetable-next]"")?.addEventListener(""click"",async()=>query(true,shiftTimetableDate($(""#drawerTimetableDate"")?.value||selectedDate,7))); $(""[data-neis-today]"")?.addEventListener(""click"",async()=>query(true,dateKey(new Date()))); $(""[data-neis-refresh]"")?.addEventListener(""click"",async()=>query(true)); $(""[data-neis-raw-toggle]"")?.addEventListener(""click"",()=>{ const panel=$(""[data-neis-raw-details]"");"
"addEventListener","9187","$(""[data-neis-today]"")?.addEventListener(""click"",async()=>query(true,dateKey(new Date()))); $(""[data-neis-refresh]"")?.addEventListener(""click"",async()=>query(true)); $(""[data-neis-raw-toggle]"")?.addEventListener(""click"",()=>{ const panel=$(""[data-neis-raw-details]""); if(!panel)return;"
"addEventListener","9591","$('#drawerBody').innerHTML=items.length?`<div class=""data-card university-badge-detail""><div class=""card-head""><div><strong>운호고 합격사례 기반 대학 발굴</strong></div><small>운호고 실제 합격입결을 중심으로 2028 수능최저 큰 범주를 함께 참고</small></div>${items.map(item=>`<button type=""button"" class=""university-evidence-row"" data-student-badge-detail=""university"" data-badge-student-id=""${escapeHtml(student.id||'')}"" data-badge-university=""${escapeHtml(item.university)}""><b>${escapeHtml(item.university)}</b><span>내신 ${item.actual9.toFixed(2)} ≤ 기준 ${item.limit.toFixed(2)}</span><span>${escapeHtml(item.minimumResult)} · ${escapeHtml(item.minimumDetail)}</span></button>`).join('')}</div>`:'<div class=""query-empty""><b>현재 발굴 기준을 충족하는 대학이 없습니다.</b><span>운호고 실제 합격입결과 현재 내신을 우선 비교합니다.</span></div>'; $('#drawer')?.classList.remove('hidden');$('#drawerBackdrop')?.classList.remove('hidden'); $('#drawerBody').querySelectorAll('[data-student-badge-detail=""university""]').forEach(button=>button.addEventListener('click',()=>openStudentBadgeDetail(button.dataset.badgeStudentId,'university',button.dataset.badgeUniversity||''))); } function studentAdmissionProtection(student,group){"
"addEventListener","9648","$('#drawerBody').innerHTML=`<div class=""data-card badge-evidence-card""><div class=""card-head""><div><strong>${escapeHtml(title)}</strong></div><small>UEP 공통 배지 엔진 판정</small></div>${body}<button type=""button"" class=""btn primary badge-route-button"" data-badge-route=""${route}"" data-badge-route-student=""${escapeHtml(student.id||'')}"">해당 페이지로 이동</button></div>`; $('#drawer')?.classList.remove('hidden');$('#drawerBackdrop')?.classList.remove('hidden'); $('#drawerBody [data-badge-route]')?.addEventListener('click',e=>{selectedStudentId=student.id||student.studentNo||'';render(e.currentTarget.dataset.badgeRoute);$('#drawer')?.classList.add('hidden');$('#drawerBackdrop')?.classList.add('hidden');window.scrollTo(0,0);}); } function openAdmissionStageBadge(studentId,group,stage){"
"addEventListener","9672","$('#drawerBody').innerHTML=`<div class=""data-card badge-evidence-card""><div class=""card-head""><div><strong>${label}</strong></div><small>성적 기반 관리단계</small></div><div class=""badge-evidence-list""><span><b>내신</b><em>${row.base.actual9==null?'-':row.base.actual9.toFixed(2)} · ${row.internalOk?'기준 충족':'기준 미충족'}</em></span><span><b>최근 모의고사</b><em>${escapeHtml(row.mock.detail||'자료 없음')}</em></span></div><p><b>선정 근거</b> · ${row.reasons.map(escapeHtml).join(' · ')}</p>${stage!=='core'?`<div class=""badge-next-step""><b>핵심관리까지 부족한 부분</b>${gaps.map(x=>`<span>${escapeHtml(x)}</span>`).join('')}</div>`:''}<button type=""button"" class=""btn primary"" data-badge-route=""admissions"">해당 페이지로 이동</button></div>`; $('#drawer')?.classList.remove('hidden');$('#drawerBackdrop')?.classList.remove('hidden'); $('#drawerBody [data-badge-route]')?.addEventListener('click',()=>{selectedStudentId=student.id||student.studentNo||'';render('admissions');$('#drawer')?.classList.add('hidden');$('#drawerBackdrop')?.classList.add('hidden');window.scrollTo(0,0);}); } function routeStudentStatDetail(student,metric){"
"addEventListener","9727","$('#drawerBody').innerHTML=`<div class=""data-card stat-evidence-card""><div class=""card-head""><div><strong>${escapeHtml(title)}</strong></div><small>${rows.length}건 근거</small></div>${rows.length?rows.map(r=>`<div class=""data-row stat-evidence-row""><b>${escapeHtml(String(r[0]))}</b><span>${escapeHtml(String(r[1]))}</span><em>${escapeHtml(String(r[2]))}</em></div>`).join(''):'<div class=""query-empty""><b>상세 이력이 없습니다.</b></div>'}<button type=""button"" class=""btn primary"" data-stat-route=""${route}"">해당 페이지로 이동</button></div>`; $('#drawer')?.classList.remove('hidden');$('#drawerBackdrop')?.classList.remove('hidden'); $('#drawerBody [data-stat-route]')?.addEventListener('click',()=>routeStudentStatDetail(student,metric)); } function openStudentDrawer(index) {"
"addEventListener","9831","$(""#drawerBody"").innerHTML=`<div class=""student-dashboard-v424"" id=""studentDashboardPrint""><header class=""student-dashboard-head""><div><small>${escapeHtml(live.className)} ${escapeHtml(live.number)}번 · ${escapeHtml(live.status||'재학')}</small><h2>${escapeHtml(live.name)} 학생 개인 대시보드</h2>${studentAdmissionBadgesMarkup(live)}${studentManagementSummaryMarkup(live,bundle)}</div><div class=""student-dashboard-head-actions no-print""><div class=""student-dashboard-switch""><button type=""button"" class=""active"">학생 대시보드</button><button type=""button"" data-open-participation-dashboard>참여이력·보고서</button></div><button class=""btn primary"" id=""printStudentDashboard"">출력</button></div></header><div class=""student-dashboard-grid top""><section class=""student-sensitive-card ${contactMasked?'is-masked':''}"" data-sensitive-card=""contact""><h4>기본·연락정보</h4>${contactMasked?maskedStudentCardMarkup('contact','연락정보'):`<dl><dt>출신중</dt><dd>${escapeHtml(live.middleSchool||'-')}</dd><dt>학생 연락처</dt><dd class=""contact-value-line""><span>${escapeHtml(live.phone||'-')}</span>${contactEditButton('phone')}</dd><dt>학생 이메일</dt><dd class=""student-email-line"">${live.email&&live.email!=='-'?`<a href=""mailto:${escapeHtml(live.email)}"">${escapeHtml(live.email)}</a><button type=""button"" class=""email-copy-button no-print"" data-copy-student-email=""${escapeHtml(live.email)}"">복사</button>`:'-'}${contactEditButton('email')}</dd><dt>${escapeHtml(live.guardian1Relation||'보호자1')}</dt><dd class=""contact-value-line""><span>${escapeHtml(live.guardian1Phone||'-')}</span>${contactEditButton('guardian1Phone')}</dd><dt>${escapeHtml(live.guardian2Relation||'보호자2')}</dt><dd class=""contact-value-line""><span>${escapeHtml(live.guardian2Phone||'-')}</span>${contactEditButton('guardian2Phone')}</dd></dl>`}</section><section><h4>학사·진로</h4><dl><dt>학사</dt><dd>${escapeHtml(live.dorm||'-')} ${escapeHtml(live.dormRoom?`· ${live.dormRoom}호`:'')}</dd><dt>진로희망</dt><dd>${escapeHtml(careerHope)}</dd><dt>선택과목</dt><dd>${bundle.selected.length}과목</dd><dt>프로그램</dt><dd>${participationPrograms.length}건</dd></dl></section><section class=""attendance-box""><h4>출결 확인</h4><div class=""attendance-kpis attendance-kpis-four""><button type=""button"" data-student-attendance-target=""official""><b>${attendance.official.length}</b>공결</button><button type=""button"" data-student-attendance-target=""late""><b>${attendance.late.length}</b>지각</button><button type=""button"" data-student-attendance-target=""night""><b>${attendance.night.length}</b>야자 출석</button><button type=""button"" data-student-attendance-target=""program""><b>${attendance.programAbsent.length}</b>프로그램 불참</button></div><details><summary>출결 상세보기</summary><p><b>공결</b> ${attendance.official.slice(0,8).map(x=>`${x.date||'-'} ${x.detailType||x.type||'공결'} ${x.reasonText||x.reason||''}`).join(' · ')||'공결 이력 없음'}</p><p><b>지각</b> ${attendance.late.slice(0,5).map(x=>`${x.date||'-'} 지각`).join(' · ')||'지각 이력 없음'}</p><p><b>프로그램 불참</b> ${attendance.programAbsent.slice(0,5).map(x=>`${x.date||'-'} ${x.programTitle}`).join(' · ')||'프로그램 불참 이력 없음'}</p></details></section></div><section class=""student-score-dashboard student-sensitive-card ${scoreMasked?'is-masked':''}"" data-sensitive-card=""score"">${scoreMasked?`<div class=""student-section-title""><h4>성적·입시 요약</h4></div>${maskedStudentCardMarkup('score','성적정보')}`:`<div class=""student-section-title""><h4>성적·입시 요약</h4><div class=""student-summary-actions no-print""><button class=""link-button"" data-open-student-consult>성적</button><button class=""link-button"" data-open-student-admission>입시</button></div></div><div class=""student-score-mini student-score-mini-v2""><span class=""internal-mini""><b>${scoreSummary.internalExam||'-'}</b><small>최근 내신 · 5등급제 평균 / 실제 9등급 참고</small><em>${scoreSummary.internalAverage??'-'}등급 <i>/ ${actualNine==null?'-':actualNine.toFixed(2)}</i></em></span>${mockMini}</div>`}</section><div class=""student-dashboard-grid detail student-detail-compact""><section class=""student-activity-card""><div class=""student-section-title""><h4>활동 이력</h4><button class=""link-button no-print"" data-student-route=""records"">전체보기</button></div><div class=""activity-chip-grid"">${activityPreview.map(x=>{const isVolunteer=/봉사/.test(`${x.area||''} ${x.type||''} ${x.source||''}`);const meta=isVolunteer?[x.date,x.organization,Number(x.hours)?`${Number(x.hours)}시간`:""""]:[x.area,x.role,x.date];return `<span><b>${escapeHtml(x.title||x.type||'활동')}</b><small>${escapeHtml(meta.filter(Boolean).join(' · '))}</small></span>`;}).join('')||'<p>연결 자료 없음</p>'}</div></section><section class=""student-subject-card""><div class=""student-section-title""><h4>선택과목</h4><button class=""link-button no-print"" data-student-route=""records"" data-record-target=""curriculum"">전체보기</button></div>${careerSupportMarkup(live,bundle,true)}<div class=""subject-term-groups"">${subjectTermMarkup(visibleSubjectTerms)||(!hiddenSubjectTerms.length?'<p>선택과목 자료 없음</p>':'')}${hiddenSubjectTerms.length?`<details class=""subject-more-details no-print""><summary>3학년 선택과목 더보기 <span>${hiddenSubjectCount}과목</span></summary><div class=""subject-more-content"">${subjectTermMarkup(hiddenSubjectTerms)}</div></details>`:''}</div></section>${studentCounselHistoryMarkup(live)}</div></div>`; $(""#drawer"").classList.add(""student-expanded"",""student-dashboard-drawer"");$(""#drawer"").classList.remove(""hidden"");$(""#drawerBackdrop"").classList.remove(""hidden""); $(""#drawerBody #printStudentDashboard"")?.addEventListener(""click"",()=>printStudentDashboard(live)); $(""#drawerBody"")?.querySelectorAll(`[data-copy-student-email]`).forEach(button=>button.onclick=async()=>{try{await navigator.clipboard.writeText(button.dataset.copyStudentEmail||"""");toast(""학생 이메일을 복사했습니다."");}catch{toast(""이메일 복사에 실패했습니다."");}}); $(""#drawerBody"")?.querySelectorAll(`[data-edit-contact]`).forEach(button=>button.onclick=()=>{const field=button.dataset.editContact;const labels={phone:""학생 휴대전화번호"",email:""학생 이메일"",guardian1Phone:`${live.guardian1Relation||""보호자1""} 휴대전화번호`,guardian2Phone:`${live.guardian2Relation||""보호자2""} 휴대전화번호`};editStudentContact(sourceLive,field,labels[field]||""연락정보"",index,button);});"
"addEventListener","9836","$(""#drawerBody"")?.querySelectorAll('[data-reveal-student-card]').forEach(button=>button.onclick=()=>{studentSensitiveRevealKeys.add(sensitiveRevealKey(live,button.dataset.revealStudentCard));openStudentDrawer(index);}); $('#drawerBody')?.querySelectorAll('[data-open-student-report]').forEach(button=>button.onclick=()=>openSubmittedProgramReport(button.dataset.openStudentReport, live)); $('#drawerBody')?.querySelector('[data-open-participation-dashboard]')?.addEventListener('click',()=>{ $('#drawerBody').innerHTML=`<div class=""student-dashboard-v424 student-participation-dashboard""><header class=""student-dashboard-head""><div><small>${escapeHtml(live.className)} ${escapeHtml(live.number)}번 · ${escapeHtml(live.status||'재학')}</small><h2>${escapeHtml(live.name)} 참여이력·보고서</h2>${studentAdmissionBadgesMarkup(live)}${studentManagementSummaryMarkup(live,bundle)}</div><div class=""student-dashboard-head-actions no-print""><div class=""student-dashboard-switch""><button type=""button"" data-back-student-dashboard>학생 대시보드</button><button type=""button"" class=""active"">참여이력·보고서</button></div></div></header><section class=""student-participation-summary""><div><small>전체 참여</small><b>${participationPrograms.length}</b></div><div><small>선택활동</small><b>${selectedCount}</b></div><div><small>공통활동</small><b>${commonCount}</b></div><div><small>방과후·야간심화</small><b>${afterCount}</b></div><div><small>제출보고서</small><b>${submittedReportCount}</b></div></section><section class=""student-program-history participation-full""><div class=""student-section-title""><div><h4>참여 프로그램 전체 이력</h4><p>프로그램별 참여 상태와 보고서 제출 여부를 한 화면에서 확인합니다.</p></div><div class=""program-count-badges""><span>선택활동 ${selectedCount}</span><span>공통활동 ${commonCount}</span><span>방과후 ${afterCount}</span><span>제출보고서 ${submittedReportCount}</span></div></div><p class=""student-program-rule"">선택프로그램·방과후학교는 참여한 모든 내역, 공통프로그램은 보고서 제출 활동만 표시합니다. 기존 보고서 제출 여부와 보고서 보기 기능은 그대로 유지됩니다.</p><div class=""student-program-list student-program-grid"">${programMarkup}${unmatchedReportMarkup}</div></section></div>`; $('#drawerBody')?.querySelector('[data-back-student-dashboard]')?.addEventListener('click',()=>openStudentDrawer(index));"
"addEventListener","9838","$('#drawerBody')?.querySelector('[data-open-participation-dashboard]')?.addEventListener('click',()=>{ $('#drawerBody').innerHTML=`<div class=""student-dashboard-v424 student-participation-dashboard""><header class=""student-dashboard-head""><div><small>${escapeHtml(live.className)} ${escapeHtml(live.number)}번 · ${escapeHtml(live.status||'재학')}</small><h2>${escapeHtml(live.name)} 참여이력·보고서</h2>${studentAdmissionBadgesMarkup(live)}${studentManagementSummaryMarkup(live,bundle)}</div><div class=""student-dashboard-head-actions no-print""><div class=""student-dashboard-switch""><button type=""button"" data-back-student-dashboard>학생 대시보드</button><button type=""button"" class=""active"">참여이력·보고서</button></div></div></header><section class=""student-participation-summary""><div><small>전체 참여</small><b>${participationPrograms.length}</b></div><div><small>선택활동</small><b>${selectedCount}</b></div><div><small>공통활동</small><b>${commonCount}</b></div><div><small>방과후·야간심화</small><b>${afterCount}</b></div><div><small>제출보고서</small><b>${submittedReportCount}</b></div></section><section class=""student-program-history participation-full""><div class=""student-section-title""><div><h4>참여 프로그램 전체 이력</h4><p>프로그램별 참여 상태와 보고서 제출 여부를 한 화면에서 확인합니다.</p></div><div class=""program-count-badges""><span>선택활동 ${selectedCount}</span><span>공통활동 ${commonCount}</span><span>방과후 ${afterCount}</span><span>제출보고서 ${submittedReportCount}</span></div></div><p class=""student-program-rule"">선택프로그램·방과후학교는 참여한 모든 내역, 공통프로그램은 보고서 제출 활동만 표시합니다. 기존 보고서 제출 여부와 보고서 보기 기능은 그대로 유지됩니다.</p><div class=""student-program-list student-program-grid"">${programMarkup}${unmatchedReportMarkup}</div></section></div>`; $('#drawerBody')?.querySelector('[data-back-student-dashboard]')?.addEventListener('click',()=>openStudentDrawer(index)); $('#drawerBody')?.querySelectorAll('[data-open-student-report]').forEach(button=>button.onclick=()=>openSubmittedProgramReport(button.dataset.openStudentReport, live)); $('#drawerBody')?.querySelectorAll('[data-report-tag-detail]').forEach(button=>button.onclick=()=>openReportTagDetail(button.dataset.reportTagDetail));"
"addEventListener","9866","$('#drawerBody').appendChild(overlay); overlay.querySelector('[data-close-student-hub]').onclick=()=>overlay.remove(); overlay.addEventListener('click',e=>{if(e.target===overlay)overlay.remove();}); overlay.querySelector('[data-open-full-student-page]')?.addEventListener('click',()=>{const page=options.page;overlay.remove();closeDrawer();navigate(page);}); };"
"addEventListener","9867","overlay.querySelector('[data-close-student-hub]').onclick=()=>overlay.remove(); overlay.addEventListener('click',e=>{if(e.target===overlay)overlay.remove();}); overlay.querySelector('[data-open-full-student-page]')?.addEventListener('click',()=>{const page=options.page;overlay.remove();closeDrawer();navigate(page);}); }; $$('[data-student-route]').forEach(button=>button.onclick=()=>{startStudentFocus(live,{drawerIndex:index,originScroll:window.scrollY});const target=button.dataset.recordTarget==='curriculum'?'curriculum':'activities';goFromStudentDashboard('records',target);});"
"addEventListener","9871","$$('[data-student-route]').forEach(button=>button.onclick=()=>{startStudentFocus(live,{drawerIndex:index,originScroll:window.scrollY});const target=button.dataset.recordTarget==='curriculum'?'curriculum':'activities';goFromStudentDashboard('records',target);}); $$('[data-student-attendance-target]').forEach(button=>button.onclick=()=>{const target=button.dataset.studentAttendanceTarget;startStudentFocus(live,{drawerIndex:index,originScroll:window.scrollY});goFromStudentDashboard(target==='program'?'programs':'attendance',target);}); $('[data-open-student-consult]')?.addEventListener('click',()=>{startStudentFocus(live,{drawerIndex:index,originScroll:window.scrollY});goFromStudentDashboard('scores','combined');}); $('[data-open-student-admission]')?.addEventListener('click',()=>{startStudentFocus(live,{drawerIndex:index,originScroll:window.scrollY});goFromStudentDashboard('admissions','combined');}); $$('[data-student-counsel-add]').forEach(button=>button.addEventListener('click',()=>{const candidate=findDashboardCounselCandidate(live.id)||{student:live,group:'student',stage:'interest'};openCounselSidePanel(live.id);}));"
"addEventListener","9872","$$('[data-student-attendance-target]').forEach(button=>button.onclick=()=>{const target=button.dataset.studentAttendanceTarget;startStudentFocus(live,{drawerIndex:index,originScroll:window.scrollY});goFromStudentDashboard(target==='program'?'programs':'attendance',target);}); $('[data-open-student-consult]')?.addEventListener('click',()=>{startStudentFocus(live,{drawerIndex:index,originScroll:window.scrollY});goFromStudentDashboard('scores','combined');}); $('[data-open-student-admission]')?.addEventListener('click',()=>{startStudentFocus(live,{drawerIndex:index,originScroll:window.scrollY});goFromStudentDashboard('admissions','combined');}); $$('[data-student-counsel-add]').forEach(button=>button.addEventListener('click',()=>{const candidate=findDashboardCounselCandidate(live.id)||{student:live,group:'student',stage:'interest'};openCounselSidePanel(live.id);})); $$('[data-student-counsel-edit]').forEach(button=>button.addEventListener('click',()=>openCounselSidePanel(live.id,button.dataset.studentCounselEdit)));"
"addEventListener","9873","$('[data-open-student-consult]')?.addEventListener('click',()=>{startStudentFocus(live,{drawerIndex:index,originScroll:window.scrollY});goFromStudentDashboard('scores','combined');}); $('[data-open-student-admission]')?.addEventListener('click',()=>{startStudentFocus(live,{drawerIndex:index,originScroll:window.scrollY});goFromStudentDashboard('admissions','combined');}); $$('[data-student-counsel-add]').forEach(button=>button.addEventListener('click',()=>{const candidate=findDashboardCounselCandidate(live.id)||{student:live,group:'student',stage:'interest'};openCounselSidePanel(live.id);})); $$('[data-student-counsel-edit]').forEach(button=>button.addEventListener('click',()=>openCounselSidePanel(live.id,button.dataset.studentCounselEdit))); }"
"addEventListener","9874","$('[data-open-student-admission]')?.addEventListener('click',()=>{startStudentFocus(live,{drawerIndex:index,originScroll:window.scrollY});goFromStudentDashboard('admissions','combined');}); $$('[data-student-counsel-add]').forEach(button=>button.addEventListener('click',()=>{const candidate=findDashboardCounselCandidate(live.id)||{student:live,group:'student',stage:'interest'};openCounselSidePanel(live.id);})); $$('[data-student-counsel-edit]').forEach(button=>button.addEventListener('click',()=>openCounselSidePanel(live.id,button.dataset.studentCounselEdit))); }"
"addEventListener","9879","if(!window.__uepCounselV07717Bound){ window.__uepCounselV07717Bound=true; document.addEventListener('change',e=>{const sel=e.target.closest('[data-counsel-class-select]');if(!sel)return;studentCounselClassFilter=sel.value;studentCounselSelectedStudentId='';studentPageMode='counsel';render('students');}); document.addEventListener('click',e=>{const b=e.target.closest('[data-counsel-group]');if(!b)return;window.__uepCounselGroupFilter=b.dataset.counselGroup;studentCounselSelectedStudentId='';studentPageMode='counsel';render('students');}); document.addEventListener('click',e=>{const b=e.target.closest('[data-counsel-student-clear]');if(!b)return;studentCounselSelectedStudentId='';studentPageMode='counsel';render('students');});"
"addEventListener","9880","window.__uepCounselV07717Bound=true; document.addEventListener('change',e=>{const sel=e.target.closest('[data-counsel-class-select]');if(!sel)return;studentCounselClassFilter=sel.value;studentCounselSelectedStudentId='';studentPageMode='counsel';render('students');}); document.addEventListener('click',e=>{const b=e.target.closest('[data-counsel-group]');if(!b)return;window.__uepCounselGroupFilter=b.dataset.counselGroup;studentCounselSelectedStudentId='';studentPageMode='counsel';render('students');}); document.addEventListener('click',e=>{const b=e.target.closest('[data-counsel-student-clear]');if(!b)return;studentCounselSelectedStudentId='';studentPageMode='counsel';render('students');}); document.addEventListener('click',e=>{const b=e.target.closest('[data-counsel-write]');if(!b)return;openCounselSidePanel(b.dataset.counselWrite);});"
"addEventListener","9881","document.addEventListener('change',e=>{const sel=e.target.closest('[data-counsel-class-select]');if(!sel)return;studentCounselClassFilter=sel.value;studentCounselSelectedStudentId='';studentPageMode='counsel';render('students');}); document.addEventListener('click',e=>{const b=e.target.closest('[data-counsel-group]');if(!b)return;window.__uepCounselGroupFilter=b.dataset.counselGroup;studentCounselSelectedStudentId='';studentPageMode='counsel';render('students');}); document.addEventListener('click',e=>{const b=e.target.closest('[data-counsel-student-clear]');if(!b)return;studentCounselSelectedStudentId='';studentPageMode='counsel';render('students');}); document.addEventListener('click',e=>{const b=e.target.closest('[data-counsel-write]');if(!b)return;openCounselSidePanel(b.dataset.counselWrite);}); document.addEventListener('click',e=>{const b=e.target.closest('[data-counsel-open-dashboard]');if(!b)return;selectedStudentId=b.dataset.counselOpenDashboard||'';const idx=(readonlyCache?.students||[]).findIndex(x=>String(x.id)===String(selectedStudentId));if(idx>=0)studentDashboardIndex=idx;studentPageMode='dashboard';render('students');});"
"addEventListener","9882","document.addEventListener('click',e=>{const b=e.target.closest('[data-counsel-group]');if(!b)return;window.__uepCounselGroupFilter=b.dataset.counselGroup;studentCounselSelectedStudentId='';studentPageMode='counsel';render('students');}); document.addEventListener('click',e=>{const b=e.target.closest('[data-counsel-student-clear]');if(!b)return;studentCounselSelectedStudentId='';studentPageMode='counsel';render('students');}); document.addEventListener('click',e=>{const b=e.target.closest('[data-counsel-write]');if(!b)return;openCounselSidePanel(b.dataset.counselWrite);}); document.addEventListener('click',e=>{const b=e.target.closest('[data-counsel-open-dashboard]');if(!b)return;selectedStudentId=b.dataset.counselOpenDashboard||'';const idx=(readonlyCache?.students||[]).findIndex(x=>String(x.id)===String(selectedStudentId));if(idx>=0)studentDashboardIndex=idx;studentPageMode='dashboard';render('students');}); let dragged=null;"
"addEventListener","9883","document.addEventListener('click',e=>{const b=e.target.closest('[data-counsel-student-clear]');if(!b)return;studentCounselSelectedStudentId='';studentPageMode='counsel';render('students');}); document.addEventListener('click',e=>{const b=e.target.closest('[data-counsel-write]');if(!b)return;openCounselSidePanel(b.dataset.counselWrite);}); document.addEventListener('click',e=>{const b=e.target.closest('[data-counsel-open-dashboard]');if(!b)return;selectedStudentId=b.dataset.counselOpenDashboard||'';const idx=(readonlyCache?.students||[]).findIndex(x=>String(x.id)===String(selectedStudentId));if(idx>=0)studentDashboardIndex=idx;studentPageMode='dashboard';render('students');}); let dragged=null; document.addEventListener('dragstart',e=>{const c=e.target.closest('.uep-quick-card-v0755');if(!c)return;dragged=c;e.dataTransfer.effectAllowed='move';});"
"addEventListener","9885","document.addEventListener('click',e=>{const b=e.target.closest('[data-counsel-open-dashboard]');if(!b)return;selectedStudentId=b.dataset.counselOpenDashboard||'';const idx=(readonlyCache?.students||[]).findIndex(x=>String(x.id)===String(selectedStudentId));if(idx>=0)studentDashboardIndex=idx;studentPageMode='dashboard';render('students');}); let dragged=null; document.addEventListener('dragstart',e=>{const c=e.target.closest('.uep-quick-card-v0755');if(!c)return;dragged=c;e.dataTransfer.effectAllowed='move';}); document.addEventListener('dragover',e=>{const c=e.target.closest('.uep-quick-card-v0755');if(!dragged||!c||c===dragged||c.dataset.quickKind!==dragged.dataset.quickKind)return;e.preventDefault();const r=c.getBoundingClientRect();c.parentNode.insertBefore(dragged,e.clientY<r.top+r.height/2?c:c.nextSibling);}); document.addEventListener('dragend',()=>{if(!dragged)return;const kind=dragged.dataset.quickKind,host=dragged.parentNode;const order=[...host.querySelectorAll('.uep-quick-card-v0755')].map(x=>x.dataset.reference);const saved=JSON.parse(localStorage.getItem('uepQuickOrder')||'{}');saved[kind]=order;localStorage.setItem('uepQuickOrder',JSON.stringify(saved));dragged=null;});"
"addEventListener","9886","let dragged=null; document.addEventListener('dragstart',e=>{const c=e.target.closest('.uep-quick-card-v0755');if(!c)return;dragged=c;e.dataTransfer.effectAllowed='move';}); document.addEventListener('dragover',e=>{const c=e.target.closest('.uep-quick-card-v0755');if(!dragged||!c||c===dragged||c.dataset.quickKind!==dragged.dataset.quickKind)return;e.preventDefault();const r=c.getBoundingClientRect();c.parentNode.insertBefore(dragged,e.clientY<r.top+r.height/2?c:c.nextSibling);}); document.addEventListener('dragend',()=>{if(!dragged)return;const kind=dragged.dataset.quickKind,host=dragged.parentNode;const order=[...host.querySelectorAll('.uep-quick-card-v0755')].map(x=>x.dataset.reference);const saved=JSON.parse(localStorage.getItem('uepQuickOrder')||'{}');saved[kind]=order;localStorage.setItem('uepQuickOrder',JSON.stringify(saved));dragged=null;}); }"
"addEventListener","9887","document.addEventListener('dragstart',e=>{const c=e.target.closest('.uep-quick-card-v0755');if(!c)return;dragged=c;e.dataTransfer.effectAllowed='move';}); document.addEventListener('dragover',e=>{const c=e.target.closest('.uep-quick-card-v0755');if(!dragged||!c||c===dragged||c.dataset.quickKind!==dragged.dataset.quickKind)return;e.preventDefault();const r=c.getBoundingClientRect();c.parentNode.insertBefore(dragged,e.clientY<r.top+r.height/2?c:c.nextSibling);}); document.addEventListener('dragend',()=>{if(!dragged)return;const kind=dragged.dataset.quickKind,host=dragged.parentNode;const order=[...host.querySelectorAll('.uep-quick-card-v0755')].map(x=>x.dataset.reference);const saved=JSON.parse(localStorage.getItem('uepQuickOrder')||'{}');saved[kind]=order;localStorage.setItem('uepQuickOrder',JSON.stringify(saved));dragged=null;}); } function bindCommonCounselButtons(){"
"addEventListener","9890","} function bindCommonCounselButtons(){ $('#scoreCounselButton')?.addEventListener('click',()=>{const id=$('#scoreStudent')?.value||selectedStudentId;if(!id)return toast('상담할 학생을 먼저 선택해 주세요.');openCounselSidePanel(id);}); $('#admissionCounselButton')?.addEventListener('click',()=>{const id=$('#admissionStudent')?.value||selectedStudentId;if(!id)return toast('상담할 학생을 먼저 선택해 주세요.');openCounselSidePanel(id);}); }"
"addEventListener","9891","function bindCommonCounselButtons(){ $('#scoreCounselButton')?.addEventListener('click',()=>{const id=$('#scoreStudent')?.value||selectedStudentId;if(!id)return toast('상담할 학생을 먼저 선택해 주세요.');openCounselSidePanel(id);}); $('#admissionCounselButton')?.addEventListener('click',()=>{const id=$('#admissionStudent')?.value||selectedStudentId;if(!id)return toast('상담할 학생을 먼저 선택해 주세요.');openCounselSidePanel(id);}); } function applyStorageLocationBadges(){"
"addEventListener","9919","} function bindPage(page) { requestAnimationFrame(()=>{applyStorageLocationBadges();bindCommonCounselButtons();applyPrivacyMode();const pb=document.getElementById('privacyModeButton');if(pb&&!pb.dataset.bound){pb.dataset.bound='1';pb.addEventListener('click',togglePrivacyMode);}}); if(page===""inputs"")bindInputCenter(); if(page===""records""&&(recordMode===""curriculum""||recordMode===""sdgs""))requestAnimationFrame(()=>{"
"addEventListener","9926","$$('[data-record-query]').forEach(b=>b.onclick=()=>{recordQueryMode=b.dataset.recordQuery||'class';render('records');}); $$('[data-record-student]').forEach(b=>b.onclick=()=>{recordStudentId=b.dataset.recordStudent;recordQueryMode='student';render('records');}); $('[data-curriculum-error-only]')?.addEventListener('click',()=>{curriculumErrorOnly=!curriculumErrorOnly;render('records');}); $('[data-curriculum-error-type]')?.addEventListener('change',e=>{curriculumErrorType=e.target.value;render('records');}); $$('[data-curriculum-term]').forEach(b=>b.onclick=()=>{curriculumTermFilter=b.dataset.curriculumTerm;curriculumSubjectKey='';render('records');});"
"addEventListener","9927","$$('[data-record-student]').forEach(b=>b.onclick=()=>{recordStudentId=b.dataset.recordStudent;recordQueryMode='student';render('records');}); $('[data-curriculum-error-only]')?.addEventListener('click',()=>{curriculumErrorOnly=!curriculumErrorOnly;render('records');}); $('[data-curriculum-error-type]')?.addEventListener('change',e=>{curriculumErrorType=e.target.value;render('records');}); $$('[data-curriculum-term]').forEach(b=>b.onclick=()=>{curriculumTermFilter=b.dataset.curriculumTerm;curriculumSubjectKey='';render('records');}); $$('[data-curriculum-subject]').forEach(b=>b.onclick=()=>{curriculumSubjectKey=b.dataset.curriculumSubject;render('records');});"
"addEventListener","9931","$$('[data-curriculum-subject]').forEach(b=>b.onclick=()=>{curriculumSubjectKey=b.dataset.curriculumSubject;render('records');}); $$('[data-roster-sort]').forEach(b=>b.onclick=()=>{curriculumRosterSort=b.dataset.rosterSort;render('records');}); $('[data-copy-current-selection-sms]')?.addEventListener('click',async()=>{try{await navigator.clipboard.writeText($('#currentSelectionSms')?.value||'');toast('보완 문자메시지를 복사했습니다.');}catch{toast('문자 복사에 실패했습니다.');}}); $('[data-copy-sdgs-supplement]')?.addEventListener('click',async()=>{try{await navigator.clipboard.writeText($('#sdgsSupplementText')?.value||'');toast('SDGs 근거 보완 질문을 복사했습니다.');}catch{toast('복사에 실패했습니다.');}}); });"
"addEventListener","9932","$$('[data-roster-sort]').forEach(b=>b.onclick=()=>{curriculumRosterSort=b.dataset.rosterSort;render('records');}); $('[data-copy-current-selection-sms]')?.addEventListener('click',async()=>{try{await navigator.clipboard.writeText($('#currentSelectionSms')?.value||'');toast('보완 문자메시지를 복사했습니다.');}catch{toast('문자 복사에 실패했습니다.');}}); $('[data-copy-sdgs-supplement]')?.addEventListener('click',async()=>{try{await navigator.clipboard.writeText($('#sdgsSupplementText')?.value||'');toast('SDGs 근거 보완 질문을 복사했습니다.');}catch{toast('복사에 실패했습니다.');}}); }); if(page===""recordcheck"")requestAnimationFrame(()=>{const mount=document.getElementById(""standaloneRecordcheckMount"");if(mount&&window.uepMountRecordbookValidator)window.uepMountRecordbookValidator(mount);});"
"addEventListener","9943","$$('[data-student-badge-detail]').forEach(button=>button.onclick=()=>openStudentBadgeDetail(button.dataset.badgeStudentId,button.dataset.studentBadgeDetail,button.dataset.badgeUniversity||button.dataset.badgeGroup||'')); $$('[data-student-admission-badge]').forEach(button=>button.onclick=()=>openAdmissionStageBadge(button.dataset.admissionStudentId,button.dataset.studentAdmissionBadge,button.dataset.admissionStage)); $('[data-student-quick-select]')?.addEventListener('change',event=>switchStudentDashboard(event.target.value)); $('[data-student-prev]')?.addEventListener('click',()=>{const select=$('[data-student-quick-select]');if(!select||select.selectedIndex<=0)return;select.selectedIndex-=1;switchStudentDashboard(select.value);}); $('[data-student-next]')?.addEventListener('click',()=>{const select=$('[data-student-quick-select]');if(!select||select.selectedIndex>=select.options.length-1)return;select.selectedIndex+=1;switchStudentDashboard(select.value);});"
"addEventListener","9944","$$('[data-student-admission-badge]').forEach(button=>button.onclick=()=>openAdmissionStageBadge(button.dataset.admissionStudentId,button.dataset.studentAdmissionBadge,button.dataset.admissionStage)); $('[data-student-quick-select]')?.addEventListener('change',event=>switchStudentDashboard(event.target.value)); $('[data-student-prev]')?.addEventListener('click',()=>{const select=$('[data-student-quick-select]');if(!select||select.selectedIndex<=0)return;select.selectedIndex-=1;switchStudentDashboard(select.value);}); $('[data-student-next]')?.addEventListener('click',()=>{const select=$('[data-student-quick-select]');if(!select||select.selectedIndex>=select.options.length-1)return;select.selectedIndex+=1;switchStudentDashboard(select.value);}); if(page===""students""&&studentPageMode===""dashboard""&&studentDashboardIndex>=0){"
"addEventListener","9945","$('[data-student-quick-select]')?.addEventListener('change',event=>switchStudentDashboard(event.target.value)); $('[data-student-prev]')?.addEventListener('click',()=>{const select=$('[data-student-quick-select]');if(!select||select.selectedIndex<=0)return;select.selectedIndex-=1;switchStudentDashboard(select.value);}); $('[data-student-next]')?.addEventListener('click',()=>{const select=$('[data-student-quick-select]');if(!select||select.selectedIndex>=select.options.length-1)return;select.selectedIndex+=1;switchStudentDashboard(select.value);}); if(page===""students""&&studentPageMode===""dashboard""&&studentDashboardIndex>=0){ const expectedStudentIndex=studentDashboardIndex;"
"addEventListener","9964","if(!live)return; if(mode===""participation""){ host.querySelector('[data-back-student-dashboard]')?.addEventListener('click',event=>{event.preventDefault();studentDashboardSubmode='dashboard';showEmbeddedDashboard('dashboard');}); }else{ host.querySelector('[data-open-participation-dashboard]')?.addEventListener('click',event=>{event.preventDefault();studentDashboardSubmode='participation';showEmbeddedDashboard('participation');});"
"addEventListener","9966","host.querySelector('[data-back-student-dashboard]')?.addEventListener('click',event=>{event.preventDefault();studentDashboardSubmode='dashboard';showEmbeddedDashboard('dashboard');}); }else{ host.querySelector('[data-open-participation-dashboard]')?.addEventListener('click',event=>{event.preventDefault();studentDashboardSubmode='participation';showEmbeddedDashboard('participation');}); } host.querySelectorAll('[data-open-student-report]').forEach(button=>button.addEventListener('click',()=>openSubmittedProgramReport(button.dataset.openStudentReport,live)));"
"addEventListener","9968","host.querySelector('[data-open-participation-dashboard]')?.addEventListener('click',event=>{event.preventDefault();studentDashboardSubmode='participation';showEmbeddedDashboard('participation');}); } host.querySelectorAll('[data-open-student-report]').forEach(button=>button.addEventListener('click',()=>openSubmittedProgramReport(button.dataset.openStudentReport,live))); host.querySelectorAll('[data-report-tag-detail]').forEach(button=>button.addEventListener('click',()=>openReportTagDetail(button.dataset.reportTagDetail))); host.querySelector('[data-open-student-consult]')?.addEventListener('click',()=>{startStudentFocus(live,{drawerIndex:studentDashboardIndex,originScroll:window.scrollY});goFromStudentDashboard('scores','combined');});"
"addEventListener","9969","} host.querySelectorAll('[data-open-student-report]').forEach(button=>button.addEventListener('click',()=>openSubmittedProgramReport(button.dataset.openStudentReport,live))); host.querySelectorAll('[data-report-tag-detail]').forEach(button=>button.addEventListener('click',()=>openReportTagDetail(button.dataset.reportTagDetail))); host.querySelector('[data-open-student-consult]')?.addEventListener('click',()=>{startStudentFocus(live,{drawerIndex:studentDashboardIndex,originScroll:window.scrollY});goFromStudentDashboard('scores','combined');}); host.querySelector('[data-open-student-admission]')?.addEventListener('click',()=>{startStudentFocus(live,{drawerIndex:studentDashboardIndex,originScroll:window.scrollY});goFromStudentDashboard('admissions','combined');});"
"addEventListener","9970","host.querySelectorAll('[data-open-student-report]').forEach(button=>button.addEventListener('click',()=>openSubmittedProgramReport(button.dataset.openStudentReport,live))); host.querySelectorAll('[data-report-tag-detail]').forEach(button=>button.addEventListener('click',()=>openReportTagDetail(button.dataset.reportTagDetail))); host.querySelector('[data-open-student-consult]')?.addEventListener('click',()=>{startStudentFocus(live,{drawerIndex:studentDashboardIndex,originScroll:window.scrollY});goFromStudentDashboard('scores','combined');}); host.querySelector('[data-open-student-admission]')?.addEventListener('click',()=>{startStudentFocus(live,{drawerIndex:studentDashboardIndex,originScroll:window.scrollY});goFromStudentDashboard('admissions','combined');}); host.querySelectorAll('[data-student-route]').forEach(button=>button.addEventListener('click',()=>{startStudentFocus(live,{drawerIndex:studentDashboardIndex,originScroll:window.scrollY});const target=button.dataset.recordTarget==='curriculum'?'curriculum':'activities';goFromStudentDashboard('records',target);}));"
"addEventListener","9971","host.querySelectorAll('[data-report-tag-detail]').forEach(button=>button.addEventListener('click',()=>openReportTagDetail(button.dataset.reportTagDetail))); host.querySelector('[data-open-student-consult]')?.addEventListener('click',()=>{startStudentFocus(live,{drawerIndex:studentDashboardIndex,originScroll:window.scrollY});goFromStudentDashboard('scores','combined');}); host.querySelector('[data-open-student-admission]')?.addEventListener('click',()=>{startStudentFocus(live,{drawerIndex:studentDashboardIndex,originScroll:window.scrollY});goFromStudentDashboard('admissions','combined');}); host.querySelectorAll('[data-student-route]').forEach(button=>button.addEventListener('click',()=>{startStudentFocus(live,{drawerIndex:studentDashboardIndex,originScroll:window.scrollY});const target=button.dataset.recordTarget==='curriculum'?'curriculum':'activities';goFromStudentDashboard('records',target);})); host.querySelectorAll('[data-student-attendance-target]').forEach(button=>button.addEventListener('click',()=>{const target=button.dataset.studentAttendanceTarget;startStudentFocus(live,{drawerIndex:studentDashboardIndex,originScroll:window.scrollY});goFromStudentDashboard(target==='program'?'programs':'attendance',target);}));"
"addEventListener","9972","host.querySelector('[data-open-student-consult]')?.addEventListener('click',()=>{startStudentFocus(live,{drawerIndex:studentDashboardIndex,originScroll:window.scrollY});goFromStudentDashboard('scores','combined');}); host.querySelector('[data-open-student-admission]')?.addEventListener('click',()=>{startStudentFocus(live,{drawerIndex:studentDashboardIndex,originScroll:window.scrollY});goFromStudentDashboard('admissions','combined');}); host.querySelectorAll('[data-student-route]').forEach(button=>button.addEventListener('click',()=>{startStudentFocus(live,{drawerIndex:studentDashboardIndex,originScroll:window.scrollY});const target=button.dataset.recordTarget==='curriculum'?'curriculum':'activities';goFromStudentDashboard('records',target);})); host.querySelectorAll('[data-student-attendance-target]').forEach(button=>button.addEventListener('click',()=>{const target=button.dataset.studentAttendanceTarget;startStudentFocus(live,{drawerIndex:studentDashboardIndex,originScroll:window.scrollY});goFromStudentDashboard(target==='program'?'programs':'attendance',target);})); host.querySelectorAll('[data-student-counsel-add]').forEach(button=>button.addEventListener('click',()=>{const candidate=findDashboardCounselCandidate(live.id)||{student:live,group:'student',stage:'interest'};openCounselSidePanel(live.id);}));"
"addEventListener","9973","host.querySelector('[data-open-student-admission]')?.addEventListener('click',()=>{startStudentFocus(live,{drawerIndex:studentDashboardIndex,originScroll:window.scrollY});goFromStudentDashboard('admissions','combined');}); host.querySelectorAll('[data-student-route]').forEach(button=>button.addEventListener('click',()=>{startStudentFocus(live,{drawerIndex:studentDashboardIndex,originScroll:window.scrollY});const target=button.dataset.recordTarget==='curriculum'?'curriculum':'activities';goFromStudentDashboard('records',target);})); host.querySelectorAll('[data-student-attendance-target]').forEach(button=>button.addEventListener('click',()=>{const target=button.dataset.studentAttendanceTarget;startStudentFocus(live,{drawerIndex:studentDashboardIndex,originScroll:window.scrollY});goFromStudentDashboard(target==='program'?'programs':'attendance',target);})); host.querySelectorAll('[data-student-counsel-add]').forEach(button=>button.addEventListener('click',()=>{const candidate=findDashboardCounselCandidate(live.id)||{student:live,group:'student',stage:'interest'};openCounselSidePanel(live.id);})); host.querySelectorAll('[data-student-counsel-edit]').forEach(button=>button.addEventListener('click',()=>openCounselSidePanel(live.id,button.dataset.studentCounselEdit)));"
"addEventListener","9974","host.querySelectorAll('[data-student-route]').forEach(button=>button.addEventListener('click',()=>{startStudentFocus(live,{drawerIndex:studentDashboardIndex,originScroll:window.scrollY});const target=button.dataset.recordTarget==='curriculum'?'curriculum':'activities';goFromStudentDashboard('records',target);})); host.querySelectorAll('[data-student-attendance-target]').forEach(button=>button.addEventListener('click',()=>{const target=button.dataset.studentAttendanceTarget;startStudentFocus(live,{drawerIndex:studentDashboardIndex,originScroll:window.scrollY});goFromStudentDashboard(target==='program'?'programs':'attendance',target);})); host.querySelectorAll('[data-student-counsel-add]').forEach(button=>button.addEventListener('click',()=>{const candidate=findDashboardCounselCandidate(live.id)||{student:live,group:'student',stage:'interest'};openCounselSidePanel(live.id);})); host.querySelectorAll('[data-student-counsel-edit]').forEach(button=>button.addEventListener('click',()=>openCounselSidePanel(live.id,button.dataset.studentCounselEdit))); host.querySelector('#printStudentDashboard')?.addEventListener('click',()=>printStudentDashboard(live));"
"addEventListener","9975","host.querySelectorAll('[data-student-attendance-target]').forEach(button=>button.addEventListener('click',()=>{const target=button.dataset.studentAttendanceTarget;startStudentFocus(live,{drawerIndex:studentDashboardIndex,originScroll:window.scrollY});goFromStudentDashboard(target==='program'?'programs':'attendance',target);})); host.querySelectorAll('[data-student-counsel-add]').forEach(button=>button.addEventListener('click',()=>{const candidate=findDashboardCounselCandidate(live.id)||{student:live,group:'student',stage:'interest'};openCounselSidePanel(live.id);})); host.querySelectorAll('[data-student-counsel-edit]').forEach(button=>button.addEventListener('click',()=>openCounselSidePanel(live.id,button.dataset.studentCounselEdit))); host.querySelector('#printStudentDashboard')?.addEventListener('click',()=>printStudentDashboard(live)); host.querySelectorAll('[data-student-badge-detail]').forEach(button=>button.addEventListener('click',()=>openStudentBadgeDetail(button.dataset.badgeStudentId,button.dataset.studentBadgeDetail,button.dataset.badgeUniversity||button.dataset.badgeGroup||'')));"
"addEventListener","9976","host.querySelectorAll('[data-student-counsel-add]').forEach(button=>button.addEventListener('click',()=>{const candidate=findDashboardCounselCandidate(live.id)||{student:live,group:'student',stage:'interest'};openCounselSidePanel(live.id);})); host.querySelectorAll('[data-student-counsel-edit]').forEach(button=>button.addEventListener('click',()=>openCounselSidePanel(live.id,button.dataset.studentCounselEdit))); host.querySelector('#printStudentDashboard')?.addEventListener('click',()=>printStudentDashboard(live)); host.querySelectorAll('[data-student-badge-detail]').forEach(button=>button.addEventListener('click',()=>openStudentBadgeDetail(button.dataset.badgeStudentId,button.dataset.studentBadgeDetail,button.dataset.badgeUniversity||button.dataset.badgeGroup||''))); host.querySelectorAll('[data-student-admission-badge]').forEach(button=>button.addEventListener('click',()=>openAdmissionStageBadge(button.dataset.admissionStudentId,button.dataset.studentAdmissionBadge,button.dataset.admissionStage)));"
"addEventListener","9977","host.querySelectorAll('[data-student-counsel-edit]').forEach(button=>button.addEventListener('click',()=>openCounselSidePanel(live.id,button.dataset.studentCounselEdit))); host.querySelector('#printStudentDashboard')?.addEventListener('click',()=>printStudentDashboard(live)); host.querySelectorAll('[data-student-badge-detail]').forEach(button=>button.addEventListener('click',()=>openStudentBadgeDetail(button.dataset.badgeStudentId,button.dataset.studentBadgeDetail,button.dataset.badgeUniversity||button.dataset.badgeGroup||''))); host.querySelectorAll('[data-student-admission-badge]').forEach(button=>button.addEventListener('click',()=>openAdmissionStageBadge(button.dataset.admissionStudentId,button.dataset.studentAdmissionBadge,button.dataset.admissionStage))); host.querySelectorAll('[data-university-badge-list]').forEach(button=>button.addEventListener('click',()=>openUniversityBadgeList(button.dataset.universityBadgeList)));"
"addEventListener","9978","host.querySelector('#printStudentDashboard')?.addEventListener('click',()=>printStudentDashboard(live)); host.querySelectorAll('[data-student-badge-detail]').forEach(button=>button.addEventListener('click',()=>openStudentBadgeDetail(button.dataset.badgeStudentId,button.dataset.studentBadgeDetail,button.dataset.badgeUniversity||button.dataset.badgeGroup||''))); host.querySelectorAll('[data-student-admission-badge]').forEach(button=>button.addEventListener('click',()=>openAdmissionStageBadge(button.dataset.admissionStudentId,button.dataset.studentAdmissionBadge,button.dataset.admissionStage))); host.querySelectorAll('[data-university-badge-list]').forEach(button=>button.addEventListener('click',()=>openUniversityBadgeList(button.dataset.universityBadgeList))); host.querySelectorAll('[data-copy-student-email]').forEach(button=>button.addEventListener('click',async()=>{try{await navigator.clipboard.writeText(button.dataset.copyStudentEmail||'');toast('학생 이메일을 복사했습니다.');}catch{toast('이메일 복사에 실패했습니다.');}}));"
"addEventListener","9979","host.querySelectorAll('[data-student-badge-detail]').forEach(button=>button.addEventListener('click',()=>openStudentBadgeDetail(button.dataset.badgeStudentId,button.dataset.studentBadgeDetail,button.dataset.badgeUniversity||button.dataset.badgeGroup||''))); host.querySelectorAll('[data-student-admission-badge]').forEach(button=>button.addEventListener('click',()=>openAdmissionStageBadge(button.dataset.admissionStudentId,button.dataset.studentAdmissionBadge,button.dataset.admissionStage))); host.querySelectorAll('[data-university-badge-list]').forEach(button=>button.addEventListener('click',()=>openUniversityBadgeList(button.dataset.universityBadgeList))); host.querySelectorAll('[data-copy-student-email]').forEach(button=>button.addEventListener('click',async()=>{try{await navigator.clipboard.writeText(button.dataset.copyStudentEmail||'');toast('학생 이메일을 복사했습니다.');}catch{toast('이메일 복사에 실패했습니다.');}})); host.querySelectorAll('[data-edit-contact]').forEach(button=>button.addEventListener('click',()=>{const field=button.dataset.editContact;const labels={phone:'학생 휴대전화번호',email:'학생 이메일',guardian1Phone:`${live.guardian1Relation||'보호자1'} 휴대전화번호`,guardian2Phone:`${live.guardian2Relation||'보호자2'} 휴대전화번호`};editStudentContact(live,field,labels[field]||'연락정보',studentDashboardIndex,button);}));"
"addEventListener","9980","host.querySelectorAll('[data-student-admission-badge]').forEach(button=>button.addEventListener('click',()=>openAdmissionStageBadge(button.dataset.admissionStudentId,button.dataset.studentAdmissionBadge,button.dataset.admissionStage))); host.querySelectorAll('[data-university-badge-list]').forEach(button=>button.addEventListener('click',()=>openUniversityBadgeList(button.dataset.universityBadgeList))); host.querySelectorAll('[data-copy-student-email]').forEach(button=>button.addEventListener('click',async()=>{try{await navigator.clipboard.writeText(button.dataset.copyStudentEmail||'');toast('학생 이메일을 복사했습니다.');}catch{toast('이메일 복사에 실패했습니다.');}})); host.querySelectorAll('[data-edit-contact]').forEach(button=>button.addEventListener('click',()=>{const field=button.dataset.editContact;const labels={phone:'학생 휴대전화번호',email:'학생 이메일',guardian1Phone:`${live.guardian1Relation||'보호자1'} 휴대전화번호`,guardian2Phone:`${live.guardian2Relation||'보호자2'} 휴대전화번호`};editStudentContact(live,field,labels[field]||'연락정보',studentDashboardIndex,button);})); host.querySelectorAll('[data-reveal-student-card]').forEach(button=>button.addEventListener('click',()=>{studentSensitiveRevealKeys.add(sensitiveRevealKey(live,button.dataset.revealStudentCard));showEmbeddedDashboard('dashboard');}));"
"addEventListener","9981","host.querySelectorAll('[data-university-badge-list]').forEach(button=>button.addEventListener('click',()=>openUniversityBadgeList(button.dataset.universityBadgeList))); host.querySelectorAll('[data-copy-student-email]').forEach(button=>button.addEventListener('click',async()=>{try{await navigator.clipboard.writeText(button.dataset.copyStudentEmail||'');toast('학생 이메일을 복사했습니다.');}catch{toast('이메일 복사에 실패했습니다.');}})); host.querySelectorAll('[data-edit-contact]').forEach(button=>button.addEventListener('click',()=>{const field=button.dataset.editContact;const labels={phone:'학생 휴대전화번호',email:'학생 이메일',guardian1Phone:`${live.guardian1Relation||'보호자1'} 휴대전화번호`,guardian2Phone:`${live.guardian2Relation||'보호자2'} 휴대전화번호`};editStudentContact(live,field,labels[field]||'연락정보',studentDashboardIndex,button);})); host.querySelectorAll('[data-reveal-student-card]').forEach(button=>button.addEventListener('click',()=>{studentSensitiveRevealKeys.add(sensitiveRevealKey(live,button.dataset.revealStudentCard));showEmbeddedDashboard('dashboard');})); };"
"addEventListener","9982","host.querySelectorAll('[data-copy-student-email]').forEach(button=>button.addEventListener('click',async()=>{try{await navigator.clipboard.writeText(button.dataset.copyStudentEmail||'');toast('학생 이메일을 복사했습니다.');}catch{toast('이메일 복사에 실패했습니다.');}})); host.querySelectorAll('[data-edit-contact]').forEach(button=>button.addEventListener('click',()=>{const field=button.dataset.editContact;const labels={phone:'학생 휴대전화번호',email:'학생 이메일',guardian1Phone:`${live.guardian1Relation||'보호자1'} 휴대전화번호`,guardian2Phone:`${live.guardian2Relation||'보호자2'} 휴대전화번호`};editStudentContact(live,field,labels[field]||'연락정보',studentDashboardIndex,button);})); host.querySelectorAll('[data-reveal-student-card]').forEach(button=>button.addEventListener('click',()=>{studentSensitiveRevealKeys.add(sensitiveRevealKey(live,button.dataset.revealStudentCard));showEmbeddedDashboard('dashboard');})); }; const showEmbeddedDashboard=(mode=studentDashboardSubmode||""dashboard"")=>{"
"addEventListener","10024","$$(""[data-output-home-card]"").forEach(button=>button.onclick=()=>{outputCenterState.home=false;outputCenterState.tab=button.dataset.outputHomeCard;outputCenterState.selected.clear();render(""outputs"");}); $$(""#pageContent [data-page]"").forEach(button=>button.onclick=()=>navigate(button.dataset.page)); $(""#settingsDiagnosticsButton"")?.addEventListener(""click"",()=>openDrawer(""diagnostics"")); $(""#settingsInfoButton"")?.addEventListener(""click"",()=>openDrawer(""info"")); $(""[data-output-home-back]"")?.addEventListener(""click"",()=>{outputCenterState.home=true;outputCenterState.program=""all"";outputCenterState.classNo=""1"";outputCenterState.session=""all"";outputCenterState.selected.clear();render(""outputs"");});"
"addEventListener","10025","$$(""#pageContent [data-page]"").forEach(button=>button.onclick=()=>navigate(button.dataset.page)); $(""#settingsDiagnosticsButton"")?.addEventListener(""click"",()=>openDrawer(""diagnostics"")); $(""#settingsInfoButton"")?.addEventListener(""click"",()=>openDrawer(""info"")); $(""[data-output-home-back]"")?.addEventListener(""click"",()=>{outputCenterState.home=true;outputCenterState.program=""all"";outputCenterState.classNo=""1"";outputCenterState.session=""all"";outputCenterState.selected.clear();render(""outputs"");}); $$(""[data-output-tab]"").forEach(b=>b.onclick=()=>{outputCenterState.tab=b.dataset.outputTab;outputCenterState.selected.clear();render(""outputs"");});"
"addEventListener","10026","$(""#settingsDiagnosticsButton"")?.addEventListener(""click"",()=>openDrawer(""diagnostics"")); $(""#settingsInfoButton"")?.addEventListener(""click"",()=>openDrawer(""info"")); $(""[data-output-home-back]"")?.addEventListener(""click"",()=>{outputCenterState.home=true;outputCenterState.program=""all"";outputCenterState.classNo=""1"";outputCenterState.session=""all"";outputCenterState.selected.clear();render(""outputs"");}); $$(""[data-output-tab]"").forEach(b=>b.onclick=()=>{outputCenterState.tab=b.dataset.outputTab;outputCenterState.selected.clear();render(""outputs"");}); $$(""[data-output-filter]"").forEach(el=>el.onchange=()=>{outputCenterState[el.dataset.outputFilter]=el.value;outputCenterState.selected.clear();render(""outputs"");});"
"addEventListener","10036","$$(""[data-output-session-card]"").forEach(b=>b.onclick=()=>{outputCenterState.session=b.dataset.outputSessionCard;render(""outputs"");}); $$(""[data-output-report-scope]"").forEach(b=>b.onclick=()=>{outputCenterState.reportScope=b.dataset.outputReportScope||""program"";outputCenterState.selected.clear();render(""outputs"");}); $(""[data-output-student-reports-all]"")?.addEventListener(""click"",()=>{const s=outputSelectedStudent();if(s)printStudentReportPackage(s,studentAllReports(s));}); $$(""[data-output-single-report]"").forEach(b=>b.onclick=()=>{const s=outputSelectedStudent(),r=s?studentCanonicalReports(s).find(x=>String(x.id)===String(b.dataset.outputSingleReport)):null;if(s&&r)printStudentReportPackage(s,[r]);}); $(""[data-output-subject-personal]"")?.addEventListener(""click"",()=>printSubjectPersonal(outputSelectedStudent()));"
"addEventListener","10038","$(""[data-output-student-reports-all]"")?.addEventListener(""click"",()=>{const s=outputSelectedStudent();if(s)printStudentReportPackage(s,studentAllReports(s));}); $$(""[data-output-single-report]"").forEach(b=>b.onclick=()=>{const s=outputSelectedStudent(),r=s?studentCanonicalReports(s).find(x=>String(x.id)===String(b.dataset.outputSingleReport)):null;if(s&&r)printStudentReportPackage(s,[r]);}); $(""[data-output-subject-personal]"")?.addEventListener(""click"",()=>printSubjectPersonal(outputSelectedStudent())); $$(""[data-output-record-package]"").forEach(b=>b.onclick=()=>{outputCenterState.recordPackage=b.dataset.outputRecordPackage;render(""outputs"");}); $(""[data-output-record-print]"")?.addEventListener(""click"",()=>printRecordPackage(outputSelectedStudent(),outputCenterState.recordPackage));"
"addEventListener","10040","$(""[data-output-subject-personal]"")?.addEventListener(""click"",()=>printSubjectPersonal(outputSelectedStudent())); $$(""[data-output-record-package]"").forEach(b=>b.onclick=()=>{outputCenterState.recordPackage=b.dataset.outputRecordPackage;render(""outputs"");}); $(""[data-output-record-print]"")?.addEventListener(""click"",()=>printRecordPackage(outputSelectedStudent(),outputCenterState.recordPackage)); $$(""[data-output-score-mode]"").forEach(b=>b.onclick=()=>{outputCenterState.scoreMode=b.dataset.outputScoreMode;render(""outputs"");}); $(""[data-output-score-print]"")?.addEventListener(""click"",()=>{const student=outputSelectedStudent();if(outputCenterState.scoreMode===""admission-summary"")printAdmissionSummaryPackage(student);else printScorePackage(student,""combined"");});"
"addEventListener","10042","$(""[data-output-record-print]"")?.addEventListener(""click"",()=>printRecordPackage(outputSelectedStudent(),outputCenterState.recordPackage)); $$(""[data-output-score-mode]"").forEach(b=>b.onclick=()=>{outputCenterState.scoreMode=b.dataset.outputScoreMode;render(""outputs"");}); $(""[data-output-score-print]"")?.addEventListener(""click"",()=>{const student=outputSelectedStudent();if(outputCenterState.scoreMode===""admission-summary"")printAdmissionSummaryPackage(student);else printScorePackage(student,""combined"");}); $$(""[data-output-select]"").forEach(el=>el.onchange=()=>{el.checked?outputCenterState.selected.add(String(el.dataset.outputSelect)):outputCenterState.selected.delete(String(el.dataset.outputSelect));}); $(""[data-output-select-visible]"")?.addEventListener(""click"",()=>{document.querySelectorAll(""[data-output-select]"").forEach(el=>{el.checked=true;outputCenterState.selected.add(String(el.dataset.outputSelect));});render(""outputs"");});"
"addEventListener","10044","$(""[data-output-score-print]"")?.addEventListener(""click"",()=>{const student=outputSelectedStudent();if(outputCenterState.scoreMode===""admission-summary"")printAdmissionSummaryPackage(student);else printScorePackage(student,""combined"");}); $$(""[data-output-select]"").forEach(el=>el.onchange=()=>{el.checked?outputCenterState.selected.add(String(el.dataset.outputSelect)):outputCenterState.selected.delete(String(el.dataset.outputSelect));}); $(""[data-output-select-visible]"")?.addEventListener(""click"",()=>{document.querySelectorAll(""[data-output-select]"").forEach(el=>{el.checked=true;outputCenterState.selected.add(String(el.dataset.outputSelect));});render(""outputs"");}); $(""[data-output-clear-selected]"")?.addEventListener(""click"",()=>{outputCenterState.selected.clear();render(""outputs"");}); $(""[data-output-bulk-report-print]"")?.addEventListener(""click"",()=>printMultipleReports(selectedOutputReports()));"
"addEventListener","10045","$$(""[data-output-select]"").forEach(el=>el.onchange=()=>{el.checked?outputCenterState.selected.add(String(el.dataset.outputSelect)):outputCenterState.selected.delete(String(el.dataset.outputSelect));}); $(""[data-output-select-visible]"")?.addEventListener(""click"",()=>{document.querySelectorAll(""[data-output-select]"").forEach(el=>{el.checked=true;outputCenterState.selected.add(String(el.dataset.outputSelect));});render(""outputs"");}); $(""[data-output-clear-selected]"")?.addEventListener(""click"",()=>{outputCenterState.selected.clear();render(""outputs"");}); $(""[data-output-bulk-report-print]"")?.addEventListener(""click"",()=>printMultipleReports(selectedOutputReports())); $(""[data-output-bulk-report-excel]"")?.addEventListener(""click"",()=>exportReportStatusExcel(outputReportRows().filter(r=>outputCenterState.program===""all""||(r.reportGroup||r.programName)===outputCenterState.program)));"
"addEventListener","10046","$(""[data-output-select-visible]"")?.addEventListener(""click"",()=>{document.querySelectorAll(""[data-output-select]"").forEach(el=>{el.checked=true;outputCenterState.selected.add(String(el.dataset.outputSelect));});render(""outputs"");}); $(""[data-output-clear-selected]"")?.addEventListener(""click"",()=>{outputCenterState.selected.clear();render(""outputs"");}); $(""[data-output-bulk-report-print]"")?.addEventListener(""click"",()=>printMultipleReports(selectedOutputReports())); $(""[data-output-bulk-report-excel]"")?.addEventListener(""click"",()=>exportReportStatusExcel(outputReportRows().filter(r=>outputCenterState.program===""all""||(r.reportGroup||r.programName)===outputCenterState.program))); $(""[data-output-subject-print]"")?.addEventListener(""click"",printSelectionCounseling);"
"addEventListener","10047","$(""[data-output-clear-selected]"")?.addEventListener(""click"",()=>{outputCenterState.selected.clear();render(""outputs"");}); $(""[data-output-bulk-report-print]"")?.addEventListener(""click"",()=>printMultipleReports(selectedOutputReports())); $(""[data-output-bulk-report-excel]"")?.addEventListener(""click"",()=>exportReportStatusExcel(outputReportRows().filter(r=>outputCenterState.program===""all""||(r.reportGroup||r.programName)===outputCenterState.program))); $(""[data-output-subject-print]"")?.addEventListener(""click"",printSelectionCounseling); $(""[data-output-subject-excel]"")?.addEventListener(""click"",exportSelectionSubjectsExcel);"
"addEventListener","10048","$(""[data-output-bulk-report-print]"")?.addEventListener(""click"",()=>printMultipleReports(selectedOutputReports())); $(""[data-output-bulk-report-excel]"")?.addEventListener(""click"",()=>exportReportStatusExcel(outputReportRows().filter(r=>outputCenterState.program===""all""||(r.reportGroup||r.programName)===outputCenterState.program))); $(""[data-output-subject-print]"")?.addEventListener(""click"",printSelectionCounseling); $(""[data-output-subject-excel]"")?.addEventListener(""click"",exportSelectionSubjectsExcel); $$(""[data-open-student-report]"").forEach(button=>button.onclick=()=>openSubmittedProgramReport(button.dataset.openStudentReport));"
"addEventListener","10049","$(""[data-output-bulk-report-excel]"")?.addEventListener(""click"",()=>exportReportStatusExcel(outputReportRows().filter(r=>outputCenterState.program===""all""||(r.reportGroup||r.programName)===outputCenterState.program))); $(""[data-output-subject-print]"")?.addEventListener(""click"",printSelectionCounseling); $(""[data-output-subject-excel]"")?.addEventListener(""click"",exportSelectionSubjectsExcel); $$(""[data-open-student-report]"").forEach(button=>button.onclick=()=>openSubmittedProgramReport(button.dataset.openStudentReport)); $$(""[data-attendance-mode]"").forEach((button) => {"
"addEventListener","10061","$$(""[data-common-program-class]"").forEach(button=>button.onclick=()=>{commonProgramClassNo=button.dataset.commonProgramClass||""1"";render(""programs"");}); $$(""[data-common-career-term]"").forEach(button=>button.onclick=()=>{commonCareerTerm=button.dataset.commonCareerTerm||""1학기"";render(""programs"");}); $(""[data-common-career-scan]"")?.addEventListener(""click"",async()=>{ const student=commonProgramClassStudent(); const all=(readonlyCache?.programs||[]).filter(p=>p.kind===""common""&&recordProgramArea(p)===""career"");"
"addEventListener","10124","if (summary) summary.textContent = `수강자 ${data.total}명 기준 · 1등급 ${data.cumulative[0]}등까지`; }; $(""#fiveGradeApply"")?.addEventListener(""click"", refreshFiveGradeBoundary); $(""#fiveGradeEnrollment"")?.addEventListener(""keydown"", event => { if (event.key === ""Enter"") { event.preventDefault(); refreshFiveGradeBoundary(); } }); $$('[data-score-stat-type]').forEach(button=>button.onclick=()=>{scoreStatisticsType=button.dataset.scoreStatType||""mock"";scoreStatisticsExam="""";render(""scores"");});"
"addEventListener","10125","}; $(""#fiveGradeApply"")?.addEventListener(""click"", refreshFiveGradeBoundary); $(""#fiveGradeEnrollment"")?.addEventListener(""keydown"", event => { if (event.key === ""Enter"") { event.preventDefault(); refreshFiveGradeBoundary(); } }); $$('[data-score-stat-type]').forEach(button=>button.onclick=()=>{scoreStatisticsType=button.dataset.scoreStatType||""mock"";scoreStatisticsExam="""";render(""scores"");}); $('[data-score-stat-run]')?.addEventListener(""click"",()=>{scoreStatisticsExam=$(""#scoreStatisticsExam"")?.value||"""";scoreStatisticsClass=$(""#scoreStatisticsClass"")?.value||""all"";render(""scores"");});"
"addEventListener","10127","$(""#fiveGradeEnrollment"")?.addEventListener(""keydown"", event => { if (event.key === ""Enter"") { event.preventDefault(); refreshFiveGradeBoundary(); } }); $$('[data-score-stat-type]').forEach(button=>button.onclick=()=>{scoreStatisticsType=button.dataset.scoreStatType||""mock"";scoreStatisticsExam="""";render(""scores"");}); $('[data-score-stat-run]')?.addEventListener(""click"",()=>{scoreStatisticsExam=$(""#scoreStatisticsExam"")?.value||"""";scoreStatisticsClass=$(""#scoreStatisticsClass"")?.value||""all"";render(""scores"");}); $$('[data-score-stat-student]').forEach(button=>button.onclick=()=>openStudentCombinedScore(button.dataset.scoreStatStudent)); $$('[data-admission-mode]').forEach((button) => {"
"addEventListener","10172","const attendanceStatStudentSelect=$(""#attendanceStatStudentFilter""); if(attendanceStatStudentSelect)attendanceStatStudentSelect.onchange=()=>{attendanceStatStudentFilter=attendanceStatStudentSelect.value||""all"";render(""attendance"");}; $(""#officialAttendanceAdd"")?.addEventListener(""click"",()=>{if(currentRoleId()!==""admin"")return toast(""공결 등록·수정은 관리자만 가능합니다."");openOfficialAttendanceEditor();}); $$(`[data-official-edit]`).forEach(button=>button.onclick=()=>{if(currentRoleId()!==""admin"")return toast(""공결 수정은 관리자만 가능합니다."");const row=(readonlyCache?.officialAttendance||[]).find(item=>String(item.id)===String(button.dataset.officialEdit));if(row)openOfficialAttendanceEditor(row);}); $$(`[data-official-delete]`).forEach(button=>button.onclick=()=>{if(currentRoleId()!==""admin"")return toast(""공결 삭제는 관리자만 가능합니다."");const row=(readonlyCache?.officialAttendance||[]).find(item=>String(item.id)===String(button.dataset.officialDelete));if(row)deleteOfficialAttendanceRow(row);});"
"addEventListener","10176","$$(`[data-official-delete]`).forEach(button=>button.onclick=()=>{if(currentRoleId()!==""admin"")return toast(""공결 삭제는 관리자만 가능합니다."");const row=(readonlyCache?.officialAttendance||[]).find(item=>String(item.id)===String(button.dataset.officialDelete));if(row)deleteOfficialAttendanceRow(row);}); $$(`[data-late-class]`).forEach((button) => { button.onclick = () => { lateClassFilter = button.dataset.lateClass || ""all""; render(""attendance""); }; }); $(""#lateAttendanceAdd"")?.addEventListener(""click"",()=>openLateAttendanceEditor()); $$(`[data-night-class]`).forEach((button) => { button.onclick = () => { nightClassFilter = button.dataset.nightClass || ""1""; render(""attendance""); }; }); const selectedNightDate = document.querySelector('.night-month-matrix th.selected-day');"
"addEventListener","10191","if(studentSelect)studentSelect.onchange=()=>{selectedStudentId=studentSelect.value||selectedStudentId;updateStudentSignalIndicator();}; if(scope)scope.onchange=()=>{$(""#scoreStudentLabel"")?.classList.toggle(""hidden"",scope.value!==""individual"");updateStudentSignalIndicator();}; $(""#scoreQueryButton"")?.addEventListener(""click"",runScoreQuery); $(""#scoreQueryReset"")?.addEventListener(""click"",()=>{if(scope)scope.value=""class"";if(classSelect)classSelect.value="""";updateStudents();const exam=$(""#scoreExam"");if(exam)exam.value="""";$(""#scoreStudentLabel"")?.classList.add(""hidden"");$(""#scoreQueryResult"").innerHTML=`<div class=""query-empty""><span>⌁</span><b>성적 조회 대상을 선택하세요.</b><small>조회 전에는 학생 명단과 성적이 표시되지 않습니다.</small></div>`;}); }"
"addEventListener","10192","if(scope)scope.onchange=()=>{$(""#scoreStudentLabel"")?.classList.toggle(""hidden"",scope.value!==""individual"");updateStudentSignalIndicator();}; $(""#scoreQueryButton"")?.addEventListener(""click"",runScoreQuery); $(""#scoreQueryReset"")?.addEventListener(""click"",()=>{if(scope)scope.value=""class"";if(classSelect)classSelect.value="""";updateStudents();const exam=$(""#scoreExam"");if(exam)exam.value="""";$(""#scoreStudentLabel"")?.classList.add(""hidden"");$(""#scoreQueryResult"").innerHTML=`<div class=""query-empty""><span>⌁</span><b>성적 조회 대상을 선택하세요.</b><small>조회 전에는 학생 명단과 성적이 표시되지 않습니다.</small></div>`;}); } if (page === ""admissions"") {"
"addEventListener","10208","if(scope)scope.onchange=()=>{updateScope();updateStudentSignalIndicator();}; updateScope(); $(""#admissionQueryButton"")?.addEventListener(""click"",runAdmissionQuery); $(""#admissionQueryReset"")?.addEventListener(""click"",()=>{if(scope)scope.value=""individual"";if(classSelect)classSelect.value="""";updateStudents();const university=$(""#admissionUniversity"");if(university)university.value="""";updateScope();$(""#admissionQueryResult"").innerHTML=`<div class=""query-empty""><span>◎</span><b>입시 조회 대상을 선택하세요.</b><small>조회 전에는 입시자료가 표시되지 않습니다.</small></div>`;}); }"
"addEventListener","10209","updateScope(); $(""#admissionQueryButton"")?.addEventListener(""click"",runAdmissionQuery); $(""#admissionQueryReset"")?.addEventListener(""click"",()=>{if(scope)scope.value=""individual"";if(classSelect)classSelect.value="""";updateStudents();const university=$(""#admissionUniversity"");if(university)university.value="""";updateScope();$(""#admissionQueryResult"").innerHTML=`<div class=""query-empty""><span>◎</span><b>입시 조회 대상을 선택하세요.</b><small>조회 전에는 입시자료가 표시되지 않습니다.</small></div>`;}); } if (page === ""records"" || page === ""sdgs"") {"
"addEventListener","10215","$$('[data-record-query]').forEach(button=>button.onclick=()=>{recordQueryMode=button.dataset.recordQuery||'class';render('records');}); $$('[data-record-class]').forEach(button=>button.onclick=()=>{recordClassNo=button.dataset.recordClass||'1';const first=(readonlyCache?.students||[]).find(s=>recordStudentClass(s)===recordClassNo);if(first)recordStudentId=first.id;render('records');}); $('[data-curriculum-error-only]')?.addEventListener('click',()=>{recordCurriculumErrorOnly=!recordCurriculumErrorOnly;render('records');}); $('[data-generate-bulk-curriculum-message]')?.addEventListener('click',()=>{const students=(readonlyCache?.students||[]).filter(s=>recordStudentClass(s)===String(recordClassNo)&&selectionErrorsForStudent(s).length>0).sort((a,b)=>Number(a.number||0)-Number(b.number||0));const panel=$('#curriculumBulkPanel'),box=$('#curriculumBulkMessageText');if(!students.length)return toast('현재 반에 오류학생이 없습니다.');if(box)box.value=buildBulkCurriculumMessages(students);if(panel){panel.hidden=false;panel.scrollIntoView({behavior:'smooth',block:'start'});}toast(`${students.length}명의 안내문을 생성했습니다.`);}); $('[data-copy-bulk-curriculum-message]')?.addEventListener('click',async()=>{const text=$('#curriculumBulkMessageText')?.value||'';if(!text)return toast('먼저 일괄 문구를 생성해 주세요.');try{await navigator.clipboard.writeText(text);toast('오류학생 전체 안내문을 복사했습니다.');}catch{const box=$('#curriculumBulkMessageText');box?.select();document.execCommand('copy');toast('오류학생 전체 안내문을 복사했습니다.');}});"
"addEventListener","10216","$$('[data-record-class]').forEach(button=>button.onclick=()=>{recordClassNo=button.dataset.recordClass||'1';const first=(readonlyCache?.students||[]).find(s=>recordStudentClass(s)===recordClassNo);if(first)recordStudentId=first.id;render('records');}); $('[data-curriculum-error-only]')?.addEventListener('click',()=>{recordCurriculumErrorOnly=!recordCurriculumErrorOnly;render('records');}); $('[data-generate-bulk-curriculum-message]')?.addEventListener('click',()=>{const students=(readonlyCache?.students||[]).filter(s=>recordStudentClass(s)===String(recordClassNo)&&selectionErrorsForStudent(s).length>0).sort((a,b)=>Number(a.number||0)-Number(b.number||0));const panel=$('#curriculumBulkPanel'),box=$('#curriculumBulkMessageText');if(!students.length)return toast('현재 반에 오류학생이 없습니다.');if(box)box.value=buildBulkCurriculumMessages(students);if(panel){panel.hidden=false;panel.scrollIntoView({behavior:'smooth',block:'start'});}toast(`${students.length}명의 안내문을 생성했습니다.`);}); $('[data-copy-bulk-curriculum-message]')?.addEventListener('click',async()=>{const text=$('#curriculumBulkMessageText')?.value||'';if(!text)return toast('먼저 일괄 문구를 생성해 주세요.');try{await navigator.clipboard.writeText(text);toast('오류학생 전체 안내문을 복사했습니다.');}catch{const box=$('#curriculumBulkMessageText');box?.select();document.execCommand('copy');toast('오류학생 전체 안내문을 복사했습니다.');}}); $$('[data-record-student]').forEach(button=>button.onclick=()=>{recordStudentId=button.dataset.recordStudent;recordQueryMode='student';render('records');});"
"addEventListener","10217","$('[data-curriculum-error-only]')?.addEventListener('click',()=>{recordCurriculumErrorOnly=!recordCurriculumErrorOnly;render('records');}); $('[data-generate-bulk-curriculum-message]')?.addEventListener('click',()=>{const students=(readonlyCache?.students||[]).filter(s=>recordStudentClass(s)===String(recordClassNo)&&selectionErrorsForStudent(s).length>0).sort((a,b)=>Number(a.number||0)-Number(b.number||0));const panel=$('#curriculumBulkPanel'),box=$('#curriculumBulkMessageText');if(!students.length)return toast('현재 반에 오류학생이 없습니다.');if(box)box.value=buildBulkCurriculumMessages(students);if(panel){panel.hidden=false;panel.scrollIntoView({behavior:'smooth',block:'start'});}toast(`${students.length}명의 안내문을 생성했습니다.`);}); $('[data-copy-bulk-curriculum-message]')?.addEventListener('click',async()=>{const text=$('#curriculumBulkMessageText')?.value||'';if(!text)return toast('먼저 일괄 문구를 생성해 주세요.');try{await navigator.clipboard.writeText(text);toast('오류학생 전체 안내문을 복사했습니다.');}catch{const box=$('#curriculumBulkMessageText');box?.select();document.execCommand('copy');toast('오류학생 전체 안내문을 복사했습니다.');}}); $$('[data-record-student]').forEach(button=>button.onclick=()=>{recordStudentId=button.dataset.recordStudent;recordQueryMode='student';render('records');}); $$('[data-record-back-class]').forEach(button=>button.onclick=()=>{recordQueryMode='class';render('records');});"
"addEventListener","10221","$$('[data-record-back-class]').forEach(button=>button.onclick=()=>{recordQueryMode='class';render('records');}); const select=$(""#recordStudentSelect""); if(select) select.onchange=()=>{recordStudentId=select.value;render('records');}; $('[data-copy-curriculum-message]')?.addEventListener('click',async()=>{const text=$('#curriculumMessageText')?.value||'';if(!text)return toast('복사할 안내문이 없습니다.');try{await navigator.clipboard.writeText(text);toast('선택과목 안내문을 복사했습니다.');}catch{const box=$('#curriculumMessageText');box?.select();document.execCommand('copy');toast('선택과목 안내문을 복사했습니다.');}}); $$('[data-open-student-dashboard]').forEach(button=>button.onclick=()=>{const index=(readonlyCache?.students||[]).findIndex(s=>s.id===button.dataset.openStudentDashboard);if(index>=0)openStudentDrawer(index);}); $$('[data-record-writer-area]').forEach(button=>button.onclick=()=>{recordWriterArea=button.dataset.recordWriterArea||""autonomy"";recordWriterSelected.clear();render(""records"");});"
"addEventListener","10225","$$('[data-record-writer-area]').forEach(button=>button.onclick=()=>{recordWriterArea=button.dataset.recordWriterArea||""autonomy"";recordWriterSelected.clear();render(""records"");}); $$('[data-record-evidence]').forEach(box=>box.onchange=()=>{box.checked?recordWriterSelected.add(box.dataset.recordEvidence):recordWriterSelected.delete(box.dataset.recordEvidence);const counter=document.querySelector("".record-evidence-actions span"");if(counter)counter.textContent=`${recordWriterSelected.size}건 선택`;}); $(""[data-record-evidence-all]"")?.addEventListener(""click"",()=>{document.querySelectorAll(""[data-record-evidence]"").forEach(box=>{box.checked=true;recordWriterSelected.add(box.dataset.recordEvidence);});render(""records"");}); $(""[data-record-evidence-clear]"")?.addEventListener(""click"",()=>{recordWriterSelected.clear();render(""records"");}); const draft=$(""#recordDraftText"");if(draft)draft.oninput=()=>{const count=$(""#recordCharCount"");if(count)count.textContent=`${draft.value.length}/${recordAreaLimit(recordWriterArea)}자`;};"
"addEventListener","10226","$$('[data-record-evidence]').forEach(box=>box.onchange=()=>{box.checked?recordWriterSelected.add(box.dataset.recordEvidence):recordWriterSelected.delete(box.dataset.recordEvidence);const counter=document.querySelector("".record-evidence-actions span"");if(counter)counter.textContent=`${recordWriterSelected.size}건 선택`;}); $(""[data-record-evidence-all]"")?.addEventListener(""click"",()=>{document.querySelectorAll(""[data-record-evidence]"").forEach(box=>{box.checked=true;recordWriterSelected.add(box.dataset.recordEvidence);});render(""records"");}); $(""[data-record-evidence-clear]"")?.addEventListener(""click"",()=>{recordWriterSelected.clear();render(""records"");}); const draft=$(""#recordDraftText"");if(draft)draft.oninput=()=>{const count=$(""#recordCharCount"");if(count)count.textContent=`${draft.value.length}/${recordAreaLimit(recordWriterArea)}자`;}; $(""[data-record-generate]"")?.addEventListener(""click"",()=>{const student=(readonlyCache?.students||[]).find(s=>s.id===recordStudentId);if(!student)return;const bundle=studentRecordBundle(student);const allRows=recordEvidenceRows(student,bundle,recordWriterArea);let selected=allRows.filter(row=>recordWriterSelected.has(row.id));if(!selected.length){if(recordWriterArea===""behavior""){selected=allRows.filter(row=>row.kind===""activity""||row.report).slice(0,12);}else return toast(""초안에 사용할 프로그램이나 보고서를 선택하세요."");}const result=buildIntegratedRecordDraft(student,bundle,selected,recordWriterArea,recordAreaLimit(recordWriterArea));if(!result)return toast(""확인 가능한 근거가 부족합니다. 담임 관찰 항목을 확인하세요."");if(draft){draft.value=result;draft.dispatchEvent(new Event(""input""));}const issues=runRecordRuleCheck(result,recordWriterArea);const target=$(""#recordRuleResult"");if(target)target.innerHTML=issues.length?`<b>초안 생성 · 검토 필요 ${issues.length}건</b><span>${issues.map(escapeHtml).join("" · "")}</span>`:`<b>규칙 기반 초안 생성 완료</b><span>학교 검증 절대규칙·금지표현 및 교사 관찰형 종결을 적용했습니다.</span>`;toast(""학생 해석과 선택 근거를 결합해 규칙 기반 초안을 만들었습니다."");});"
"addEventListener","10228","$(""[data-record-evidence-clear]"")?.addEventListener(""click"",()=>{recordWriterSelected.clear();render(""records"");}); const draft=$(""#recordDraftText"");if(draft)draft.oninput=()=>{const count=$(""#recordCharCount"");if(count)count.textContent=`${draft.value.length}/${recordAreaLimit(recordWriterArea)}자`;}; $(""[data-record-generate]"")?.addEventListener(""click"",()=>{const student=(readonlyCache?.students||[]).find(s=>s.id===recordStudentId);if(!student)return;const bundle=studentRecordBundle(student);const allRows=recordEvidenceRows(student,bundle,recordWriterArea);let selected=allRows.filter(row=>recordWriterSelected.has(row.id));if(!selected.length){if(recordWriterArea===""behavior""){selected=allRows.filter(row=>row.kind===""activity""||row.report).slice(0,12);}else return toast(""초안에 사용할 프로그램이나 보고서를 선택하세요."");}const result=buildIntegratedRecordDraft(student,bundle,selected,recordWriterArea,recordAreaLimit(recordWriterArea));if(!result)return toast(""확인 가능한 근거가 부족합니다. 담임 관찰 항목을 확인하세요."");if(draft){draft.value=result;draft.dispatchEvent(new Event(""input""));}const issues=runRecordRuleCheck(result,recordWriterArea);const target=$(""#recordRuleResult"");if(target)target.innerHTML=issues.length?`<b>초안 생성 · 검토 필요 ${issues.length}건</b><span>${issues.map(escapeHtml).join("" · "")}</span>`:`<b>규칙 기반 초안 생성 완료</b><span>학교 검증 절대규칙·금지표현 및 교사 관찰형 종결을 적용했습니다.</span>`;toast(""학생 해석과 선택 근거를 결합해 규칙 기반 초안을 만들었습니다."");}); $$(""[data-record-adopt-report]"").forEach(button=>button.onclick=()=>{const report=allConnectedReports().find(r=>String(r.id)===String(button.dataset.recordAdoptReport));if(!report||!draft)return;const row={id:`report:${report.id}`,kind:""report"",title:report.reportGroup||report.programName,report};draft.value=buildMultiRecordDraft([row],recordWriterArea,recordAreaLimit(recordWriterArea));draft.dispatchEvent(new Event(""input""));toast(""보고서 내용을 최종 초안으로 채택했습니다."");}); window.schoolBoard?.aiStatus?.().then(status=>{recordAiConfigured=Boolean(status?.configured);}).catch(()=>{recordAiConfigured=false;});"
"addEventListener","10231","$$(""[data-record-adopt-report]"").forEach(button=>button.onclick=()=>{const report=allConnectedReports().find(r=>String(r.id)===String(button.dataset.recordAdoptReport));if(!report||!draft)return;const row={id:`report:${report.id}`,kind:""report"",title:report.reportGroup||report.programName,report};draft.value=buildMultiRecordDraft([row],recordWriterArea,recordAreaLimit(recordWriterArea));draft.dispatchEvent(new Event(""input""));toast(""보고서 내용을 최종 초안으로 채택했습니다."");}); window.schoolBoard?.aiStatus?.().then(status=>{recordAiConfigured=Boolean(status?.configured);}).catch(()=>{recordAiConfigured=false;}); $(""[data-record-ai-generate]"")?.addEventListener(""click"",async()=>{ const student=(readonlyCache?.students||[]).find(s=>s.id===recordStudentId); if(!student||!draft)return;"
"addEventListener","10248","draft.dispatchEvent(new Event(""input""));toast(""AI 초안을 생성했습니다.""); }); $(""[data-record-feedback-message]"")?.addEventListener(""click"",()=>{ const student=(readonlyCache?.students||[]).find(s=>s.id===recordStudentId);if(!student)return; const bundle=studentRecordBundle(student);"
"addEventListener","10262","localStorage.setItem(recordObservationKey(student.id,recordWriterArea),JSON.stringify(checked)); }); $(""[data-record-rule-check]"")?.addEventListener(""click"",()=>{if(!draft)return;const issues=runRecordRuleCheck(draft.value,recordWriterArea),target=$(""#recordRuleResult"");if(target)target.innerHTML=issues.length?`<b>수정 권고 ${issues.length}건</b><span>${issues.map(escapeHtml).join("" · "")}</span>`:`<b>규칙 검토 정상</b><span>현재 연결된 규칙과 글자 수 기준에서 확인된 문제가 없습니다.</span>`;}); $(""[data-record-save-draft]"")?.addEventListener(""click"",()=>{if(!draft)return;draft.value=enforceTeacherEnding(draft.value);draft.dispatchEvent(new Event(""input""));localStorage.setItem(recordDraftKey(recordStudentId,recordWriterArea),draft.value);toast(""교사 관찰형 종결을 확인하고 이 PC에 초안을 저장했습니다."");}); $(""[data-record-copy]"")?.addEventListener(""click"",async()=>{if(!draft)return;try{await navigator.clipboard.writeText(draft.value);toast(""최종 문장을 복사했습니다."");}catch{toast(""복사하지 못했습니다."");}});"
"addEventListener","10263","}); $(""[data-record-rule-check]"")?.addEventListener(""click"",()=>{if(!draft)return;const issues=runRecordRuleCheck(draft.value,recordWriterArea),target=$(""#recordRuleResult"");if(target)target.innerHTML=issues.length?`<b>수정 권고 ${issues.length}건</b><span>${issues.map(escapeHtml).join("" · "")}</span>`:`<b>규칙 검토 정상</b><span>현재 연결된 규칙과 글자 수 기준에서 확인된 문제가 없습니다.</span>`;}); $(""[data-record-save-draft]"")?.addEventListener(""click"",()=>{if(!draft)return;draft.value=enforceTeacherEnding(draft.value);draft.dispatchEvent(new Event(""input""));localStorage.setItem(recordDraftKey(recordStudentId,recordWriterArea),draft.value);toast(""교사 관찰형 종결을 확인하고 이 PC에 초안을 저장했습니다."");}); $(""[data-record-copy]"")?.addEventListener(""click"",async()=>{if(!draft)return;try{await navigator.clipboard.writeText(draft.value);toast(""최종 문장을 복사했습니다."");}catch{toast(""복사하지 못했습니다."");}}); }"
"addEventListener","10264","$(""[data-record-rule-check]"")?.addEventListener(""click"",()=>{if(!draft)return;const issues=runRecordRuleCheck(draft.value,recordWriterArea),target=$(""#recordRuleResult"");if(target)target.innerHTML=issues.length?`<b>수정 권고 ${issues.length}건</b><span>${issues.map(escapeHtml).join("" · "")}</span>`:`<b>규칙 검토 정상</b><span>현재 연결된 규칙과 글자 수 기준에서 확인된 문제가 없습니다.</span>`;}); $(""[data-record-save-draft]"")?.addEventListener(""click"",()=>{if(!draft)return;draft.value=enforceTeacherEnding(draft.value);draft.dispatchEvent(new Event(""input""));localStorage.setItem(recordDraftKey(recordStudentId,recordWriterArea),draft.value);toast(""교사 관찰형 종결을 확인하고 이 PC에 초안을 저장했습니다."");}); $(""[data-record-copy]"")?.addEventListener(""click"",async()=>{if(!draft)return;try{await navigator.clipboard.writeText(draft.value);toast(""최종 문장을 복사했습니다."");}catch{toast(""복사하지 못했습니다."");}}); } if (page === ""programs"") {"
"addEventListener","10305","run(); }; $(""#dutyReset"")?.addEventListener(""click"", () => { if (input) input.value = """"; if (department) department.value = """";"
"addEventListener","10597","}; inlineForm.onsubmit=async event=>{event.preventDefault();await inlineQuery(true);}; $(""[data-inline-timetable-prev]"")?.addEventListener(""click"",()=>inlineQuery(true,shiftTimetableDate($(""#inlineTimetableDate"")?.value,-7))); $(""[data-inline-timetable-next]"")?.addEventListener(""click"",()=>inlineQuery(true,shiftTimetableDate($(""#inlineTimetableDate"")?.value,7))); $(""[data-inline-neis-today]"")?.addEventListener(""click"",()=>inlineQuery(true,dateKey(new Date())));"
"addEventListener","10598","inlineForm.onsubmit=async event=>{event.preventDefault();await inlineQuery(true);}; $(""[data-inline-timetable-prev]"")?.addEventListener(""click"",()=>inlineQuery(true,shiftTimetableDate($(""#inlineTimetableDate"")?.value,-7))); $(""[data-inline-timetable-next]"")?.addEventListener(""click"",()=>inlineQuery(true,shiftTimetableDate($(""#inlineTimetableDate"")?.value,7))); $(""[data-inline-neis-today]"")?.addEventListener(""click"",()=>inlineQuery(true,dateKey(new Date()))); $(""[data-inline-neis-refresh]"")?.addEventListener(""click"",()=>inlineQuery(true));"
"addEventListener","10599","$(""[data-inline-timetable-prev]"")?.addEventListener(""click"",()=>inlineQuery(true,shiftTimetableDate($(""#inlineTimetableDate"")?.value,-7))); $(""[data-inline-timetable-next]"")?.addEventListener(""click"",()=>inlineQuery(true,shiftTimetableDate($(""#inlineTimetableDate"")?.value,7))); $(""[data-inline-neis-today]"")?.addEventListener(""click"",()=>inlineQuery(true,dateKey(new Date()))); $(""[data-inline-neis-refresh]"")?.addEventListener(""click"",()=>inlineQuery(true)); }"
"addEventListener","10600","$(""[data-inline-timetable-next]"")?.addEventListener(""click"",()=>inlineQuery(true,shiftTimetableDate($(""#inlineTimetableDate"")?.value,7))); $(""[data-inline-neis-today]"")?.addEventListener(""click"",()=>inlineQuery(true,dateKey(new Date()))); $(""[data-inline-neis-refresh]"")?.addEventListener(""click"",()=>inlineQuery(true)); } $$('[data-neis-refresh], [data-neis-retry]').forEach((x) => (x.onclick = () => loadNeisDashboard(true)));"
"addEventListener","10605","$$('[data-meal-open]').forEach((x) => (x.onclick = openMealDrawer)); $$('[data-widget-retry]').forEach((x) => (x.onclick = () => x.dataset.widgetRetry === ""meal"" || x.dataset.widgetRetry === ""timetable"" ? loadNeisDashboard(true) : render(page))); $(""[data-setup-wizard]"")?.addEventListener(""click"",()=>openSetupWizard(0)); const neisForm = $(""#neisSettingsForm""); if (neisForm) neisForm.onsubmit = async (event) => {"
"addEventListener","10636","$$('[data-access-control]').forEach(button=>button.onclick=()=>openAccessControlPanel()); $$('[data-inline-access-refresh]').forEach(button=>button.onclick=async()=>{const result=await window.schoolBoard?.readReadonlyCache?.();if(result?.ok){readonlyCache=result.data;render('settings');toast('사용자 계정표를 새로고침했습니다.');}else toast(result?.reason||'사용자 계정표를 새로고침하지 못했습니다.');}); $$('[data-inline-access-user]').forEach(row=>{const id=row.dataset.inlineAccessUser,account=(readonlyCache?.userAccounts||[]).find(a=>String(a.id)===String(id));if(!account)return;row.querySelector('[data-inline-access-toggle]')?.addEventListener('click',async()=>{const p=currentUserProfile();if(account.active!==false&&String(account.id)===String(p.id))return toast('현재 로그인한 관리자 계정은 자기 자신을 중지할 수 없습니다.');const active=account.active===false;const result=await window.schoolBoard?.updateUserAccount?.({id,active});if(!result?.ok)return toast(result?.reason||'사용자 승인 상태를 저장하지 못했습니다.');const refreshed=await window.schoolBoard?.readReadonlyCache?.();if(refreshed?.ok)readonlyCache=refreshed.data;render('settings');toast(active?'사용 승인을 완료했습니다.':'사용을 중지했습니다.');});row.querySelector('[data-inline-access-save]')?.addEventListener('click',async()=>{const role=row.querySelector('[data-inline-access-role]')?.value||'',grade=row.querySelector('[data-inline-access-grade]')?.value||'1',classNo=row.querySelector('[data-inline-access-class]')?.value||'';const admin=role==='관리자';const result=await window.schoolBoard?.updateUserAccount?.({id,role:admin?'관리자':role,admin,grade,classNo,active:account.active!==false});if(!result?.ok)return toast(result?.reason||'권한을 저장하지 못했습니다.');const refreshed=await window.schoolBoard?.readReadonlyCache?.();if(refreshed?.ok)readonlyCache=refreshed.data;render('settings');toast('사용자 권한을 저장했습니다.');});}); $$('[data-check-update]').forEach(button=>button.onclick=async()=>{const url=$(""#updateManifestUrl"")?.value.trim()||state.settings.updateManifestUrl||"""";if(!url)return toast(""업데이트 정보 JSON 주소를 먼저 입력하세요."");button.disabled=true;button.textContent=""확인 중…"";const result=await window.schoolBoard?.checkUpdate?.(url,APP_VERSION);button.disabled=false;button.textContent=""업데이트 확인"";const box=$(""#updateCheckResult"");if(!result?.ok){if(box)box.innerHTML=`<b>확인 실패</b><small>${escapeHtml(result?.reason||'업데이트 정보를 읽지 못했습니다.')}</small>`;return;}if(box)box.innerHTML=result.updateAvailable?`<b>새 버전 ${escapeHtml(result.version)} 사용 가능</b><small>${escapeHtml(result.notes||'새 버전이 있습니다.')} · 확인경로 ${escapeHtml(result.source||'자동')}</small><button class=""btn primary"" data-apply-update>업데이트 적용</button>`:`<b>최신 버전입니다</b><small>현재 ${APP_VERSION} · 확인경로 ${escapeHtml(result.source||'자동')}</small>`;const apply=$(""[data-apply-update]"");if(apply)apply.onclick=async()=>{if(!result.sha256)return toast(""업데이트 정보에 SHA-256이 없어 자동 적용할 수 없습니다."");if(!confirm(`UEP ${result.version} 업데이트를 적용할까요?\n\n현재 설정·인증·연결 정보는 그대로 유지됩니다. 적용 후 UEP가 자동으로 다시 실행됩니다.`))return;apply.disabled=true;apply.textContent=""다운로드·검증 중…"";const applied=await window.schoolBoard?.applyUpdate?.({version:result.version,downloadUrl:result.downloadUrl,sha256:result.sha256});if(!applied?.ok){apply.disabled=false;apply.textContent=""업데이트 적용"";return toast(applied?.reason||""업데이트 적용에 실패했습니다."");}toast(""업데이트 검증 완료 · UEP를 재시작하여 적용합니다."");};}); const timetableForm = $(""#timetableNeisForm"");"
"addEventListener","10636","$$('[data-access-control]').forEach(button=>button.onclick=()=>openAccessControlPanel()); $$('[data-inline-access-refresh]').forEach(button=>button.onclick=async()=>{const result=await window.schoolBoard?.readReadonlyCache?.();if(result?.ok){readonlyCache=result.data;render('settings');toast('사용자 계정표를 새로고침했습니다.');}else toast(result?.reason||'사용자 계정표를 새로고침하지 못했습니다.');}); $$('[data-inline-access-user]').forEach(row=>{const id=row.dataset.inlineAccessUser,account=(readonlyCache?.userAccounts||[]).find(a=>String(a.id)===String(id));if(!account)return;row.querySelector('[data-inline-access-toggle]')?.addEventListener('click',async()=>{const p=currentUserProfile();if(account.active!==false&&String(account.id)===String(p.id))return toast('현재 로그인한 관리자 계정은 자기 자신을 중지할 수 없습니다.');const active=account.active===false;const result=await window.schoolBoard?.updateUserAccount?.({id,active});if(!result?.ok)return toast(result?.reason||'사용자 승인 상태를 저장하지 못했습니다.');const refreshed=await window.schoolBoard?.readReadonlyCache?.();if(refreshed?.ok)readonlyCache=refreshed.data;render('settings');toast(active?'사용 승인을 완료했습니다.':'사용을 중지했습니다.');});row.querySelector('[data-inline-access-save]')?.addEventListener('click',async()=>{const role=row.querySelector('[data-inline-access-role]')?.value||'',grade=row.querySelector('[data-inline-access-grade]')?.value||'1',classNo=row.querySelector('[data-inline-access-class]')?.value||'';const admin=role==='관리자';const result=await window.schoolBoard?.updateUserAccount?.({id,role:admin?'관리자':role,admin,grade,classNo,active:account.active!==false});if(!result?.ok)return toast(result?.reason||'권한을 저장하지 못했습니다.');const refreshed=await window.schoolBoard?.readReadonlyCache?.();if(refreshed?.ok)readonlyCache=refreshed.data;render('settings');toast('사용자 권한을 저장했습니다.');});}); $$('[data-check-update]').forEach(button=>button.onclick=async()=>{const url=$(""#updateManifestUrl"")?.value.trim()||state.settings.updateManifestUrl||"""";if(!url)return toast(""업데이트 정보 JSON 주소를 먼저 입력하세요."");button.disabled=true;button.textContent=""확인 중…"";const result=await window.schoolBoard?.checkUpdate?.(url,APP_VERSION);button.disabled=false;button.textContent=""업데이트 확인"";const box=$(""#updateCheckResult"");if(!result?.ok){if(box)box.innerHTML=`<b>확인 실패</b><small>${escapeHtml(result?.reason||'업데이트 정보를 읽지 못했습니다.')}</small>`;return;}if(box)box.innerHTML=result.updateAvailable?`<b>새 버전 ${escapeHtml(result.version)} 사용 가능</b><small>${escapeHtml(result.notes||'새 버전이 있습니다.')} · 확인경로 ${escapeHtml(result.source||'자동')}</small><button class=""btn primary"" data-apply-update>업데이트 적용</button>`:`<b>최신 버전입니다</b><small>현재 ${APP_VERSION} · 확인경로 ${escapeHtml(result.source||'자동')}</small>`;const apply=$(""[data-apply-update]"");if(apply)apply.onclick=async()=>{if(!result.sha256)return toast(""업데이트 정보에 SHA-256이 없어 자동 적용할 수 없습니다."");if(!confirm(`UEP ${result.version} 업데이트를 적용할까요?\n\n현재 설정·인증·연결 정보는 그대로 유지됩니다. 적용 후 UEP가 자동으로 다시 실행됩니다.`))return;apply.disabled=true;apply.textContent=""다운로드·검증 중…"";const applied=await window.schoolBoard?.applyUpdate?.({version:result.version,downloadUrl:result.downloadUrl,sha256:result.sha256});if(!applied?.ok){apply.disabled=false;apply.textContent=""업데이트 적용"";return toast(applied?.reason||""업데이트 적용에 실패했습니다."");}toast(""업데이트 검증 완료 · UEP를 재시작하여 적용합니다."");};}); const timetableForm = $(""#timetableNeisForm"");"
"addEventListener","10713","function bindFormsPage() { $(""[data-draft-focus]"").onclick = () => $(""#draftAssistant"").scrollIntoView({ behavior: ""smooth"" }); $(""[data-draft-load-program]"")?.addEventListener(""click"",()=>{ const id=$(""#draftProgramSource"")?.value||""""; const p=(readonlyCache?.programs||[]).find(x=>String(x.id||x.programId||"""")===String(id));"
"addEventListener","10888","$(""#drawerBody"").innerHTML=`<div class=""night-program-summary-card""><div class=""program-name-pair""><div><small>표시 구분</small><b>${escapeHtml(display.label)}</b></div><div><small>프로그램명</small><b>${escapeHtml(program.actualTitle||program.title||""-"")}</b></div></div><div class=""program-summary afterschool-program-summary""><div><b>학생</b><span>${escapeHtml(student?`${student.studentNo} ${student.name}`:""-"")}</span></div><div><b>해당 차시</b><span>${escapeHtml(day||program.date||""-"")} ${escapeHtml(weekdayLabelFromKey(day||program.date,true))}</span></div><div><b>시간대</b><span>${escapeHtml(slot||""-"")}</span></div><div><b>운영시간</b><span>${escapeHtml(program.time||""-"")}</span></div><div><b>운영요일</b><span>${escapeHtml(program.weekdays||weekdayLabelFromKey(program.date,true)||""-"")}</span></div><div><b>장소</b><span>${escapeHtml(program.place||""-"")}</span></div><div><b>담당교사</b><span>${escapeHtml(program.teacher||""-"")}</span></div><div><b>유형</b><span>${escapeHtml(program.afterType||program.type||""프로그램"")}</span></div><div><b>참여상태</b><span>${escapeHtml(participant?.attendance||participant?.participation||participant?.result||""참여"")}</span></div><div><b>확인방식</b><span>${escapeHtml(participant?.checkMethod||""출석부 연결"")}</span></div></div><div class=""program-notice attendance-linked""><b>표시 기준</b><p>11_방과후학교의 강좌, 12_차시일정의 실제수업일·야자영향타임, 13_출석부의 학생 등록이 모두 일치한 경우에만 표시됩니다.</p></div><div class=""program-actions""><button class=""btn primary"" id=""openNightProgramFull"">전체 프로그램 상세</button></div></div>`; $(""#drawer"").classList.remove(""program-expanded"",""hidden""); $(""#drawerBackdrop"").classList.remove(""hidden""); $(""#openNightProgramFull"")?.addEventListener(""click"",()=>openAfterschoolProgramDrawer(id)); }"
"addEventListener","10922","$(""#drawer"").classList.add(""program-expanded""); $(""#drawer"").classList.remove(""hidden""); $(""#drawerBackdrop"").classList.remove(""hidden""); bindProgramRosterGradeFilter(); $$("".after-attendance-select"").forEach(select=>select.addEventListener(""change"",async()=>{ const student=students.find(row=>String(row.studentId||row.studentNo||row.number||row.name||"""")===String(select.dataset.afterAttendanceStudent||"""")); if(!student)return;"
"addEventListener","10931","toast(`${student.studentNo||""""} ${student.name||""학생""} · ${select.value}`); })); $(""#overrideAfterProgramButton"")?.addEventListener(""click"",()=>openConnectedProgramOverrideEditor(id,program,true)); $(""#programEmailButton"")?.addEventListener(""click"",()=>openProgramMessageComposer({...program,students},'email')); $(""#programIndividualNoticeButton"")?.addEventListener(""click"",()=>openProgramMessageComposer({...program,students},'individual'));"
"addEventListener","10932","})); $(""#overrideAfterProgramButton"")?.addEventListener(""click"",()=>openConnectedProgramOverrideEditor(id,program,true)); $(""#programEmailButton"")?.addEventListener(""click"",()=>openProgramMessageComposer({...program,students},'email')); $(""#programIndividualNoticeButton"")?.addEventListener(""click"",()=>openProgramMessageComposer({...program,students},'individual')); $(""#programSmsButton"")?.addEventListener(""click"",()=>openProgramMessageComposer({...program,students},'sms'));"
"addEventListener","10933","$(""#overrideAfterProgramButton"")?.addEventListener(""click"",()=>openConnectedProgramOverrideEditor(id,program,true)); $(""#programEmailButton"")?.addEventListener(""click"",()=>openProgramMessageComposer({...program,students},'email')); $(""#programIndividualNoticeButton"")?.addEventListener(""click"",()=>openProgramMessageComposer({...program,students},'individual')); $(""#programSmsButton"")?.addEventListener(""click"",()=>openProgramMessageComposer({...program,students},'sms')); $(""#programRiroButton"")?.addEventListener(""click"",()=>openProgramMessageComposer({...program,students},'riro'));"
"addEventListener","10934","$(""#programEmailButton"")?.addEventListener(""click"",()=>openProgramMessageComposer({...program,students},'email')); $(""#programIndividualNoticeButton"")?.addEventListener(""click"",()=>openProgramMessageComposer({...program,students},'individual')); $(""#programSmsButton"")?.addEventListener(""click"",()=>openProgramMessageComposer({...program,students},'sms')); $(""#programRiroButton"")?.addEventListener(""click"",()=>openProgramMessageComposer({...program,students},'riro')); $(""#programFamilyLetterButton"")?.addEventListener(""click"",()=>openProgramMessageComposer({...program,students},'family'));"
"addEventListener","10935","$(""#programIndividualNoticeButton"")?.addEventListener(""click"",()=>openProgramMessageComposer({...program,students},'individual')); $(""#programSmsButton"")?.addEventListener(""click"",()=>openProgramMessageComposer({...program,students},'sms')); $(""#programRiroButton"")?.addEventListener(""click"",()=>openProgramMessageComposer({...program,students},'riro')); $(""#programFamilyLetterButton"")?.addEventListener(""click"",()=>openProgramMessageComposer({...program,students},'family')); $(""#printAfterProgramButton"")?.addEventListener(""click"",()=>printProgram({...program,students}));"
"addEventListener","10936","$(""#programSmsButton"")?.addEventListener(""click"",()=>openProgramMessageComposer({...program,students},'sms')); $(""#programRiroButton"")?.addEventListener(""click"",()=>openProgramMessageComposer({...program,students},'riro')); $(""#programFamilyLetterButton"")?.addEventListener(""click"",()=>openProgramMessageComposer({...program,students},'family')); $(""#printAfterProgramButton"")?.addEventListener(""click"",()=>printProgram({...program,students})); $(""#excelAfterProgramButton"")?.addEventListener(""click"",()=>exportProgramAttendanceExcel({...program,students}));"
"addEventListener","10937","$(""#programRiroButton"")?.addEventListener(""click"",()=>openProgramMessageComposer({...program,students},'riro')); $(""#programFamilyLetterButton"")?.addEventListener(""click"",()=>openProgramMessageComposer({...program,students},'family')); $(""#printAfterProgramButton"")?.addEventListener(""click"",()=>printProgram({...program,students})); $(""#excelAfterProgramButton"")?.addEventListener(""click"",()=>exportProgramAttendanceExcel({...program,students})); }"
"addEventListener","10938","$(""#programFamilyLetterButton"")?.addEventListener(""click"",()=>openProgramMessageComposer({...program,students},'family')); $(""#printAfterProgramButton"")?.addEventListener(""click"",()=>printProgram({...program,students})); $(""#excelAfterProgramButton"")?.addEventListener(""click"",()=>exportProgramAttendanceExcel({...program,students})); }"
"addEventListener","11135","const smsButton=$(""#programSmsButton""); if(smsButton) smsButton.onclick=()=>openProgramMessageComposer({...program,students},'sms'); const reportButton=$(""#programReportButton""); if(reportButton) reportButton.onclick=()=>openProgramReportForm({...program,students}); $(""#programAlertCenterButton"")?.addEventListener(""click"",()=>{closeDrawer();studentAlertMode=""report"";studentAlertClass=""all"";navigate(""alerts"");}); const riroButton=$(""#programRiroButton""); if(riroButton) riroButton.onclick=()=>openProgramMessageComposer({...program,students},'riro'); const familyButton=$(""#programFamilyLetterButton""); if(familyButton) familyButton.onclick=()=>openProgramMessageComposer({...program,students},'family');"
"addEventListener","11285","const applyKind=()=>{const k=$(""#noticeKind"").value;if(k==='긴급')$(""#noticeTopAlert"").checked=true;};$(""#noticeKind"").onchange=applyKind;applyKind(); $(""#noticeEditorForm"").onsubmit=async(e)=>{e.preventDefault();const k=$(""#noticeKind"").value;if($(""#noticeDeadlineType"").value&&!$(""#noticeDeadline"").value)return toast('마감 유형을 선택한 경우 마감일시도 입력해 주세요.');const payload={id:item.id||'',schoolYear:new Date().getFullYear(),noticeKind:k,type:'공지',title:$(""#noticeTitle"").value.trim(),content:$(""#noticeContent"").value.trim(),targetGrade:$(""#noticeTargetGrade"").value.trim(),targetClass:$(""#noticeTargetClass"").value.trim(),postDate:$(""#noticePostDate"").value,endDate:$(""#noticeEndDate"").value,deadlineType:$(""#noticeDeadlineType"").value,deadline:$(""#noticeDeadlineType"").value?$(""#noticeDeadline"").value:'',department:$(""#noticeDepartment"").value.trim(),author:$(""#noticeAuthor"").value.trim(),confirmRequired:['확인요청','제출요청','종례전달','긴급'].includes(k),submitRequired:k==='제출요청',homeroomNotice:k==='종례전달',important:k==='긴급',topAlert:$(""#noticeTopAlert"").checked||k==='긴급'};const result=await window.schoolBoard?.saveNotice?.(payload);if(!result?.ok)return toast(result?.reason||'공지를 저장하지 못했습니다.');await refreshReadonlyAfterNotice();closeDrawer();workBoardMode='notice';render(state.activePage==='work'?'work':'dashboard');toast(isEdit?'공지를 수정했습니다.':'학교업무 공지를 등록했습니다.');}; $(""#noticeDelete"")?.addEventListener('click',async()=>{if(!confirm('이 공지를 삭제할까요?'))return;const result=await window.schoolBoard?.deleteNotice?.(item.id);if(!result?.ok)return toast(result?.reason||'공지 삭제 실패');await refreshReadonlyAfterNotice();closeDrawer();workBoardMode='notice';render(state.activePage==='work'?'work':'dashboard');toast('공지를 삭제했습니다.');}); }"
"addEventListener","11513","openDormOutingDrawer(); }; $(""[data-outing-teacher-add]"")?.addEventListener(""click"",openDormOutingTeacherEditor); $(""[data-outing-print]"")?.addEventListener(""click"",()=>{ if(!items.length)return toast(""출력할 오늘 학사외출 명단이 없습니다."");"
"addEventListener","11514","}; $(""[data-outing-teacher-add]"")?.addEventListener(""click"",openDormOutingTeacherEditor); $(""[data-outing-print]"")?.addEventListener(""click"",()=>{ if(!items.length)return toast(""출력할 오늘 학사외출 명단이 없습니다.""); const popup=window.open("""",""_blank"",""width=1100,height=800"");"
"addEventListener","11536","}); $(""[data-outing-email-all]"")?.addEventListener(""click"",()=>{ const emails=[...new Set(items.map(outingEmail).filter(Boolean))]; if(!emails.length)return toast(""학생 이메일 정보가 없습니다."");"
"addEventListener","11543","window.open(`mailto:?bcc=${encodeURIComponent(emails.join("",""))}&subject=${subject}&body=${body}`,'_self'); }); $(""[data-outing-supervisor-copy]"")?.addEventListener(""click"",()=>{ if(!items.length)return toast(""오늘 외출·퇴소 현황이 없습니다.""); openDormOutingCopyPreview(""전문사감 보고문"", supervisorReportText(), ""전문사감 선생님 보고용 문구를 복사했습니다."");"
"addEventListener","11547","openDormOutingCopyPreview(""전문사감 보고문"", supervisorReportText(), ""전문사감 선생님 보고용 문구를 복사했습니다.""); }); $(""[data-outing-supervisor-email]"")?.addEventListener(""click"",()=>{ const text=supervisorReportText(),subject=encodeURIComponent(`[운호고등학교] ${displayDate} 1학년 학사 귀가 학생`),body=encodeURIComponent(text); window.open(`mailto:?subject=${subject}&body=${body}`,'_self');"
"addEventListener","11550","const text=supervisorReportText(),subject=encodeURIComponent(`[운호고등학교] ${displayDate} 1학년 학사 귀가 학생`),body=encodeURIComponent(text); window.open(`mailto:?subject=${subject}&body=${body}`,'_self'); }); $(""[data-outing-copy-all]"")?.addEventListener(""click"",()=>{ if(!items.length)return toast(""확인할 문자내용이 없습니다.""); const text=items.map(item=>`${outingStudentNo(item)} ${item.name}\n${smsText(item)}`).join(""\n\n----------------\n\n"");"
"addEventListener","11576","$(""#drawerBackdrop"").classList.remove(""hidden""); $(""#dormOutingCopyPreviewBack"")?.addEventListener(""click"",()=>openDormOutingDrawer()); $(""#dormOutingCopyPreviewExecute"")?.addEventListener(""click"",async()=>{ const value=$(""#dormOutingCopyPreviewText"")?.value||"""";"
"addEventListener","11577","$(""#dormOutingCopyPreviewBack"")?.addEventListener(""click"",()=>openDormOutingDrawer()); $(""#dormOutingCopyPreviewExecute"")?.addEventListener(""click"",async()=>{ const value=$(""#dormOutingCopyPreviewText"")?.value||""""; if(!value.trim()) return toast(""복사할 내용이 없습니다."");"
"addEventListener","11613","$$(""[data-page]"").forEach((x) => (x.onclick = () => navigate(x.dataset.page))); $(""#syncButton"")?.addEventListener(""click"", () => openDrawer(""sync"")); $(""#noticeButton"")?.addEventListener(""click"", openWorkAlertsDrawer); $(""#approvalButton"")?.addEventListener(""click"", () => currentRoleId()===""admin"" ? openAccessControlPanel() : openDrawer(""approval""));"
"addEventListener","11614","$$(""[data-page]"").forEach((x) => (x.onclick = () => navigate(x.dataset.page))); $(""#syncButton"")?.addEventListener(""click"", () => openDrawer(""sync"")); $(""#noticeButton"")?.addEventListener(""click"", openWorkAlertsDrawer); $(""#approvalButton"")?.addEventListener(""click"", () => currentRoleId()===""admin"" ? openAccessControlPanel() : openDrawer(""approval"")); $(""#appInfoButton"")?.addEventListener(""click"", () => openDrawer(""info""));"
"addEventListener","11615","$(""#syncButton"")?.addEventListener(""click"", () => openDrawer(""sync"")); $(""#noticeButton"")?.addEventListener(""click"", openWorkAlertsDrawer); $(""#approvalButton"")?.addEventListener(""click"", () => currentRoleId()===""admin"" ? openAccessControlPanel() : openDrawer(""approval"")); $(""#appInfoButton"")?.addEventListener(""click"", () => openDrawer(""info"")); if (!window.__uepStudentSignalBound) {"
"addEventListener","11616","$(""#noticeButton"")?.addEventListener(""click"", openWorkAlertsDrawer); $(""#approvalButton"")?.addEventListener(""click"", () => currentRoleId()===""admin"" ? openAccessControlPanel() : openDrawer(""approval"")); $(""#appInfoButton"")?.addEventListener(""click"", () => openDrawer(""info"")); if (!window.__uepStudentSignalBound) { window.__uepStudentSignalBound = true;"
"addEventListener","11619","if (!window.__uepStudentSignalBound) { window.__uepStudentSignalBound = true; document.addEventListener('click',(event)=>{const button=event.target?.closest?.('#studentSignalButton');if(!button)return;event.preventDefault();event.stopPropagation();openStudentSignalDialog();},true); } if (!window.__uepStudentGuidanceBound) {"
"addEventListener","11623","if (!window.__uepStudentGuidanceBound) { window.__uepStudentGuidanceBound = true; document.addEventListener('click', (event) => { const button=event.target?.closest?.('#studentGuidanceButton'); if(!button)return;"
"addEventListener","11631","} if ($(""#dormOutingButton"")) $(""#dormOutingButton"").onclick = openDormOutingDrawer; $(""#weatherButton"")?.addEventListener(""click"", openWeatherDrawer); $(""#drawerClose"")?.addEventListener(""click"", closeDrawer); $(""#drawerBackdrop"")?.addEventListener(""click"", closeDrawer);"
"addEventListener","11632","if ($(""#dormOutingButton"")) $(""#dormOutingButton"").onclick = openDormOutingDrawer; $(""#weatherButton"")?.addEventListener(""click"", openWeatherDrawer); $(""#drawerClose"")?.addEventListener(""click"", closeDrawer); $(""#drawerBackdrop"")?.addEventListener(""click"", closeDrawer); if ($(""#quickSearchButton"")) $(""#quickSearchButton"").onclick = () => {"
"addEventListener","11633","$(""#weatherButton"")?.addEventListener(""click"", openWeatherDrawer); $(""#drawerClose"")?.addEventListener(""click"", closeDrawer); $(""#drawerBackdrop"")?.addEventListener(""click"", closeDrawer); if ($(""#quickSearchButton"")) $(""#quickSearchButton"").onclick = () => { navigate(""students"");"
"addEventListener","11638","setTimeout(() => $("".search"")?.focus(), 50); }; $(""#quickAdd"")?.addEventListener(""click"", openModal); $(""#modalClose"")?.addEventListener(""click"", closeModal); $(""#modalCancel"")?.addEventListener(""click"", closeModal);"
"addEventListener","11639","}; $(""#quickAdd"")?.addEventListener(""click"", openModal); $(""#modalClose"")?.addEventListener(""click"", closeModal); $(""#modalCancel"")?.addEventListener(""click"", closeModal); if ($(""#entryForm"")) $(""#entryForm"").onsubmit = async (e) => {"
"addEventListener","11640","$(""#quickAdd"")?.addEventListener(""click"", openModal); $(""#modalClose"")?.addEventListener(""click"", closeModal); $(""#modalCancel"")?.addEventListener(""click"", closeModal); if ($(""#entryForm"")) $(""#entryForm"").onsubmit = async (e) => { e.preventDefault();"
"addEventListener","11728","if ($(""#noticeAction"")) $(""#noticeAction"").onclick = () => openOutputDialog(contextNoticeText(), `${$(""#pageTitle"")?.textContent||""현재 화면""} 안내문`); if ($(""#printAction"")) $(""#printAction"").onclick = () => printCurrentContext(); $(""#minButton"")?.addEventListener(""click"", () => window.schoolBoard?.minimize?.()); $(""#maxButton"")?.addEventListener(""click"", () => window.schoolBoard?.maximize?.()); $(""#closeButton"")?.addEventListener(""click"", () => window.schoolBoard?.close?.());"
"addEventListener","11729","if ($(""#printAction"")) $(""#printAction"").onclick = () => printCurrentContext(); $(""#minButton"")?.addEventListener(""click"", () => window.schoolBoard?.minimize?.()); $(""#maxButton"")?.addEventListener(""click"", () => window.schoolBoard?.maximize?.()); $(""#closeButton"")?.addEventListener(""click"", () => window.schoolBoard?.close?.()); let weatherState = null;"
"addEventListener","11730","$(""#minButton"")?.addEventListener(""click"", () => window.schoolBoard?.minimize?.()); $(""#maxButton"")?.addEventListener(""click"", () => window.schoolBoard?.maximize?.()); $(""#closeButton"")?.addEventListener(""click"", () => window.schoolBoard?.close?.()); let weatherState = null; async function loadWeather() {"
"addEventListener","11835","const profileBox=document.querySelector('.profile'); if(profileBox){profileBox.addEventListener('click',openAccountPopover);profileBox.addEventListener('keydown',event=>{if(event.key==='Enter'||event.key===' '){event.preventDefault();openAccountPopover();}});} setInterval(updateHeroClock, 1000); setInterval(checkPeriodAlerts, 30000);"
"addEventListener","11835","const profileBox=document.querySelector('.profile'); if(profileBox){profileBox.addEventListener('click',openAccountPopover);profileBox.addEventListener('keydown',event=>{if(event.key==='Enter'||event.key===' '){event.preventDefault();openAccountPopover();}});} setInterval(updateHeroClock, 1000); setInterval(checkPeriodAlerts, 30000);"
"addEventListener","12139","const obs=new MutationObserver(()=>requestAnimationFrame(applyFix)); obs.observe(document.documentElement,{childList:true,subtree:true}); window.addEventListener('resize',applyFix); setTimeout(applyFix,250); })();"
"addEventListener","12222","const obs=new MutationObserver(()=>requestAnimationFrame(applyFix)); obs.observe(document.documentElement,{childList:true,subtree:true}); window.addEventListener('resize',applyFix); setTimeout(applyFix,250); })();"
"addEventListener","12283","const obs=new MutationObserver(()=>requestAnimationFrame(apply)); obs.observe(document.documentElement,{childList:true,subtree:true}); window.addEventListener('resize',apply); setTimeout(apply,200); })();"
"addEventListener","12333","if(!googleConnectionStatus?.setupRequired && !text.includes('Google 시트 연결 승인') && !text.includes('학교 공용 연결 확인'))return; if(drawer.querySelector('[data-uep-google-oauth]'))return; const button=document.createElement('button');button.type='button';button.className='btn primary';button.dataset.uepGoogleOauth='1';button.textContent='학교 공용 연결 확인';button.addEventListener('click',connectGoogleUser); const actions=[...drawer.querySelectorAll('div')].find(el=>{const t=String(el.textContent||'');return t.includes('연결 설정')&&t.includes('새로고침')&&el.querySelector('button');}); if(actions)actions.appendChild(button);else{const wrap=document.createElement('div');wrap.className='connection-actions';wrap.style.marginTop='12px';wrap.appendChild(button);drawer.appendChild(wrap);}"
"addEventListener","12598","$$('[data-record-query]').forEach(b=>b.onclick=()=>{recordQueryMode=b.dataset.recordQuery||'class';render('records');}); $$('[data-record-student]').forEach(b=>b.onclick=()=>{recordStudentId=b.dataset.recordStudent;recordQueryMode='student';render('records');}); $('[data-curriculum-error-only]')?.addEventListener('click',()=>{curriculumErrorOnly=!curriculumErrorOnly;render('records');}); $('[data-curriculum-error-type]')?.addEventListener('change',e=>{curriculumErrorType=e.target.value;render('records');}); $$('[data-curriculum-term]').forEach(b=>b.onclick=()=>{curriculumTermFilter=b.dataset.curriculumTerm;curriculumSubjectKey='';render('records');});"
"addEventListener","12599","$$('[data-record-student]').forEach(b=>b.onclick=()=>{recordStudentId=b.dataset.recordStudent;recordQueryMode='student';render('records');}); $('[data-curriculum-error-only]')?.addEventListener('click',()=>{curriculumErrorOnly=!curriculumErrorOnly;render('records');}); $('[data-curriculum-error-type]')?.addEventListener('change',e=>{curriculumErrorType=e.target.value;render('records');}); $$('[data-curriculum-term]').forEach(b=>b.onclick=()=>{curriculumTermFilter=b.dataset.curriculumTerm;curriculumSubjectKey='';render('records');}); $$('[data-curriculum-subject]').forEach(b=>b.onclick=()=>{curriculumSubjectKey=b.dataset.curriculumSubject;render('records');});"
"addEventListener","12603","$$('[data-curriculum-subject]').forEach(b=>b.onclick=()=>{curriculumSubjectKey=b.dataset.curriculumSubject;render('records');}); $$('[data-roster-sort]').forEach(b=>b.onclick=()=>{curriculumRosterSort=b.dataset.rosterSort;render('records');}); $('[data-copy-current-selection-sms]')?.addEventListener('click',async()=>{try{await navigator.clipboard.writeText($('#currentSelectionSms')?.value||'');toast('보완 문자메시지를 복사했습니다.');}catch{toast('문자 복사에 실패했습니다.');}}); $('[data-open-student-picker]')?.addEventListener('click',()=>{const m=$('.uep-picker-menu');if(m)m.hidden=!m.hidden;}); $('[data-uep-student-search]')?.addEventListener('input',e=>{$$('.uep-picker-menu [data-record-student]').forEach(b=>b.hidden=!b.textContent.includes(e.target.value));});"
"addEventListener","12604","$$('[data-roster-sort]').forEach(b=>b.onclick=()=>{curriculumRosterSort=b.dataset.rosterSort;render('records');}); $('[data-copy-current-selection-sms]')?.addEventListener('click',async()=>{try{await navigator.clipboard.writeText($('#currentSelectionSms')?.value||'');toast('보완 문자메시지를 복사했습니다.');}catch{toast('문자 복사에 실패했습니다.');}}); $('[data-open-student-picker]')?.addEventListener('click',()=>{const m=$('.uep-picker-menu');if(m)m.hidden=!m.hidden;}); $('[data-uep-student-search]')?.addEventListener('input',e=>{$$('.uep-picker-menu [data-record-student]').forEach(b=>b.hidden=!b.textContent.includes(e.target.value));}); const classRows=uepActiveSelectionRows().filter(r=>recordStudentClass(r.__student)===String(recordClassNo));const idx=classRows.findIndex(r=>r.__student.id===recordStudentId);$('[data-uep-student-prev]')?.addEventListener('click',()=>{if(classRows.length){recordStudentId=classRows[(idx-1+classRows.length)%classRows.length].__student.id;render('records');}});$('[data-uep-student-next]')?.addEventListener('click',()=>{if(classRows.length){recordStudentId=classRows[(idx+1)%classRows.length].__student.id;render('records');}});"
"addEventListener","12605","$('[data-copy-current-selection-sms]')?.addEventListener('click',async()=>{try{await navigator.clipboard.writeText($('#currentSelectionSms')?.value||'');toast('보완 문자메시지를 복사했습니다.');}catch{toast('문자 복사에 실패했습니다.');}}); $('[data-open-student-picker]')?.addEventListener('click',()=>{const m=$('.uep-picker-menu');if(m)m.hidden=!m.hidden;}); $('[data-uep-student-search]')?.addEventListener('input',e=>{$$('.uep-picker-menu [data-record-student]').forEach(b=>b.hidden=!b.textContent.includes(e.target.value));}); const classRows=uepActiveSelectionRows().filter(r=>recordStudentClass(r.__student)===String(recordClassNo));const idx=classRows.findIndex(r=>r.__student.id===recordStudentId);$('[data-uep-student-prev]')?.addEventListener('click',()=>{if(classRows.length){recordStudentId=classRows[(idx-1+classRows.length)%classRows.length].__student.id;render('records');}});$('[data-uep-student-next]')?.addEventListener('click',()=>{if(classRows.length){recordStudentId=classRows[(idx+1)%classRows.length].__student.id;render('records');}}); $('[data-copy-sdgs-supplement]')?.addEventListener('click',async()=>{try{await navigator.clipboard.writeText($('#sdgsSupplementText')?.value||'');toast('SDGs 근거 보완 질문을 복사했습니다.');}catch{toast('복사에 실패했습니다.');}});"
"addEventListener","12606","$('[data-open-student-picker]')?.addEventListener('click',()=>{const m=$('.uep-picker-menu');if(m)m.hidden=!m.hidden;}); $('[data-uep-student-search]')?.addEventListener('input',e=>{$$('.uep-picker-menu [data-record-student]').forEach(b=>b.hidden=!b.textContent.includes(e.target.value));}); const classRows=uepActiveSelectionRows().filter(r=>recordStudentClass(r.__student)===String(recordClassNo));const idx=classRows.findIndex(r=>r.__student.id===recordStudentId);$('[data-uep-student-prev]')?.addEventListener('click',()=>{if(classRows.length){recordStudentId=classRows[(idx-1+classRows.length)%classRows.length].__student.id;render('records');}});$('[data-uep-student-next]')?.addEventListener('click',()=>{if(classRows.length){recordStudentId=classRows[(idx+1)%classRows.length].__student.id;render('records');}}); $('[data-copy-sdgs-supplement]')?.addEventListener('click',async()=>{try{await navigator.clipboard.writeText($('#sdgsSupplementText')?.value||'');toast('SDGs 근거 보완 질문을 복사했습니다.');}catch{toast('복사에 실패했습니다.');}}); }"
"addEventListener","12606","$('[data-open-student-picker]')?.addEventListener('click',()=>{const m=$('.uep-picker-menu');if(m)m.hidden=!m.hidden;}); $('[data-uep-student-search]')?.addEventListener('input',e=>{$$('.uep-picker-menu [data-record-student]').forEach(b=>b.hidden=!b.textContent.includes(e.target.value));}); const classRows=uepActiveSelectionRows().filter(r=>recordStudentClass(r.__student)===String(recordClassNo));const idx=classRows.findIndex(r=>r.__student.id===recordStudentId);$('[data-uep-student-prev]')?.addEventListener('click',()=>{if(classRows.length){recordStudentId=classRows[(idx-1+classRows.length)%classRows.length].__student.id;render('records');}});$('[data-uep-student-next]')?.addEventListener('click',()=>{if(classRows.length){recordStudentId=classRows[(idx+1)%classRows.length].__student.id;render('records');}}); $('[data-copy-sdgs-supplement]')?.addEventListener('click',async()=>{try{await navigator.clipboard.writeText($('#sdgsSupplementText')?.value||'');toast('SDGs 근거 보완 질문을 복사했습니다.');}catch{toast('복사에 실패했습니다.');}}); }"
"addEventListener","12607","$('[data-uep-student-search]')?.addEventListener('input',e=>{$$('.uep-picker-menu [data-record-student]').forEach(b=>b.hidden=!b.textContent.includes(e.target.value));}); const classRows=uepActiveSelectionRows().filter(r=>recordStudentClass(r.__student)===String(recordClassNo));const idx=classRows.findIndex(r=>r.__student.id===recordStudentId);$('[data-uep-student-prev]')?.addEventListener('click',()=>{if(classRows.length){recordStudentId=classRows[(idx-1+classRows.length)%classRows.length].__student.id;render('records');}});$('[data-uep-student-next]')?.addEventListener('click',()=>{if(classRows.length){recordStudentId=classRows[(idx+1)%classRows.length].__student.id;render('records');}}); $('[data-copy-sdgs-supplement]')?.addEventListener('click',async()=>{try{await navigator.clipboard.writeText($('#sdgsSupplementText')?.value||'');toast('SDGs 근거 보완 질문을 복사했습니다.');}catch{toast('복사에 실패했습니다.');}}); }"
"addEventListener","12627","if(!window.__UEP_RECORD_MAIN_TAB_BIND_08114__){ window.__UEP_RECORD_MAIN_TAB_BIND_08114__=true; document.addEventListener('click',event=>{ const button=event.target?.closest?.('[data-record-mode]'); if(!button)return;"
"render","529","if(rerender && !setupWizardActive){ const scrollY=window.scrollY; render(state.activePage||'dashboard'); requestAnimationFrame(()=>window.scrollTo(0,scrollY)); }"
"render","589","if (neisLoading) return; neisLoading = true; if (state.activePage === ""dashboard"" || state.activePage === ""timetable"" || state.activePage === ""settings"") render(state.activePage); const options = { schoolName: state.settings.neis.schoolName,"
"render","618","neisLoading = false; updateTopSyncStatus(); if ([""dashboard"", ""timetable"", ""settings""].includes(state.activePage)) render(state.activePage); } }"
"render","625","state.settings.layoutLocked = !state.settings.layoutLocked; save(); render(""dashboard""); toast(state.settings.layoutLocked ? ""대시보드 배치를 저장하고 잠갔습니다."" : ""위젯을 끌어서 순서를 바꾸고 크기를 조절하세요.""); }"
"render","641","await save(); openWidgetManager(); if (state.activePage === ""dashboard"") render(""dashboard""); }); $(""#drawerBody"").querySelectorAll(""[data-widget-settings]"").forEach((button) => button.onclick = () => openWidgetSettings(button.dataset.widgetSettings));"
"render","665","state.settings.widgetSettings[key] = { ...state.settings.widgetSettings[key], width: next }; await save(); render(""dashboard""); }; strip.querySelector(""[data-widget-hide]"").onclick = async (event) => {"
"render","672","state.settings.widgetSettings[key] = { ...state.settings.widgetSettings[key], visible: false }; await save(); render(""dashboard""); }; }"
"render","695","state.settings.dashboardOrder = order; await save(); render(""dashboard""); toast(""위젯 순서를 저장했습니다.""); };"
"render","859","lockSensitiveSession(); toast('민감정보 열람 비밀번호를 저장했습니다.'); if(state.activePage==='settings')render('settings'); } async function unlockSensitiveInfo(){"
"render","959","studentFocusContext={studentId:student.id,studentNo:student.studentNo,name:student.name,className:String(student.className||classNumberOf(student)||'').replace(/반/g,''),drawerIndex:Number.isFinite(origin.drawerIndex)?origin.drawerIndex:null,originScroll:Number(origin.originScroll||0),originSection:origin.originSection||'',originPage:origin.originPage||''}; } function endStudentFocus(){studentFocusContext=null;render(state.activePage);} function returnToFocusedStudent(){ const student=studentFocusStudent();"
"render","969","$$('[data-page]').forEach(x=>x.classList.toggle('active',x.dataset.page==='students')); $('#pageKicker').textContent='학생 기본정보 기준 원장'; $('#pageTitle').textContent='학생정보'; render('students'); requestAnimationFrame(()=>window.scrollTo(0,originScroll)); studentFocusContext=null; return; } const index=(readonlyCache?.students||[]).findIndex(item=>String(item.id)===String(student.id));"
"render","974","studentDashboardIndex=index>=0?index:0; studentPageMode=""dashboard""; state.activePage=""students""; save(); $$('[data-page]').forEach(x=>x.classList.toggle('active',x.dataset.page==='students')); $('#pageKicker').textContent='학생 기본정보 기준 원장'; $('#pageTitle').textContent='학생정보'; render('students'); window.scrollTo(0,originScroll); studentFocusContext=null; }"
"render","1013","recordQueryMode='student'; if(student){recordStudentId=student.id;recordClassNo=recordStudentClass(student)||recordClassNo;} render('records'); } if(page==='attendance'){"
"render","1018","attendanceMode=['official','late','night'].includes(target)?target:'statistics'; if(student)attendanceStatStudentFilter=attendanceStudentKey(student); render('attendance'); window.scrollTo(0,0); }"
"render","1103","const counselAction=$(""#counselAction"");if(counselAction)counselAction.hidden=!['students','scores','admissions','programs'].includes(page); [$(""#noticeAction""),$(""#printAction""),$(""#layoutButton""),$(""#quickAdd"")].forEach(btn=>{if(btn)btn.classList.toggle('page-action-muted',page==='programs');}); render(page); window.scrollTo(0, 0); }"
"render","1106","window.scrollTo(0, 0); } function render(page) { if(setupWizardActive){ renderSetupWizard(); return; } const views = {"
"render","1538","function refreshDormRulesFromReadonly({rerender=true,silent=true}={}){ const rules=Array.isArray(readonlyCache?.dormRules)?readonlyCache.dormRules:[]; if(rerender&&dormMode==='outing')render('dorm'); if(!silent)toast(rules.length?`학사운영규칙 ${rules.length}건이 연결되어 있습니다.`:'학사운영규칙을 찾지 못했습니다.'); return rules.length>0;"
"render","1677","const saved=result.record||{...out,id:result.id||out.id}; const next=(Array.isArray(readonlyCache?.dormRules)?readonlyCache.dormRules:rules).filter(x=>String(x.id)!==String(saved.id)); next.push(saved);setDormRuleCache(next);closeDrawer();render('dorm');toast(copyMode?'규칙 복사본을 시트에 저장했습니다.':existing?'학사외출 규칙을 시트에 수정 저장했습니다.':'학사외출 규칙을 시트에 추가했습니다.'); }catch(error){if(button){button.disabled=false;button.textContent=copyMode?'복사본 저장':existing?'수정 저장':'규칙 추가';}toast(error?.message||'학사외출 규칙 저장에 실패했습니다.');} };"
"render","1687","const result=await window.schoolBoard?.saveDormRule?.({...rule,active:true,writer:currentLoginTeacherName()||'UEP',source:'UEP 규칙센터 활성화'}); if(!result?.ok)throw new Error(result?.reason||'활성화 실패'); const saved=result.record||{...rule,active:true};const next=(readonlyCache?.dormRules||rules).filter(x=>String(x.id)!==String(ruleId));next.push(saved);setDormRuleCache(next);render('dorm');toast('학사외출 규칙을 활성화했습니다.'); }catch(error){toast(error?.message||'학사외출 규칙 활성화에 실패했습니다.');} }"
"render","1696","const result=await window.schoolBoard?.deleteDormRule?.(ruleId); if(!result?.ok)throw new Error(result?.reason||'삭제 실패'); setDormRuleCache((readonlyCache?.dormRules||rules).filter(x=>String(x.id)!==String(ruleId)));render('dorm');toast('학사외출 규칙을 시트에서 삭제했습니다.'); }catch(error){toast(error?.message||'학사외출 규칙 삭제에 실패했습니다.');} }"
"render","2327","try{ const result=await window.schoolBoard.saveOfficialAttendance(payload); readonlyCache=result?.data||readonlyCache; attendanceViewDate=payload.date; officialClassFilter=""all""; officialStudentFilter=""all""; closeDrawer(); render(""attendance""); toast(row?""공결 기록을 수정했습니다."":""공결 기록을 등록했습니다.""); }catch(error){toast(error?.message||""공결 저장에 실패했습니다."");} };"
"render","2334","if(!row?.id)return; if(!confirm(`${row.date} ${row.studentNo} ${row.name} 공결 기록을 삭제할까요?`))return; try{const result=await window.schoolBoard.deleteOfficialAttendance(row.id);readonlyCache=result?.data||readonlyCache;render(""attendance"");toast(""공결 기록을 삭제했습니다."");}catch(error){toast(error?.message||""공결 삭제에 실패했습니다."");} }"
"render","2354","const minutes=Number($(""#lateMinutes"").value||0), cumulativeCount=previous.length+1, cumulativeMinutes=previous.reduce((sum,x)=>sum+Number(x.minutes||0),0)+minutes; const payload={id:row?.id||"""",studentId:student.id,studentNo:student.studentNo,name:student.name,grade:String(student.studentNo||"""").slice(0,1),className:classNumberOf(student),date:$(""#lateDate"").value,time:$(""#lateTime"").value,reason:$(""#lateReason"").value.trim(),minutes,cumulativeCount,cumulativeMinutes,guidance:$(""#lateGuidance"").value,note:$(""#lateNote"").value.trim(),editor:currentLoginTeacherName()}; try{const result=await window.schoolBoard.saveLateAttendance(payload);readonlyCache=result?.data||readonlyCache;attendanceViewDate=payload.date;closeDrawer();render(""attendance"");toast(row?""지각 기록을 수정했습니다."":""지각 기록을 등록했습니다."");}catch(error){toast(error?.message||""지각 저장에 실패했습니다."");} }; }"
"render","2360","if(currentRoleId()!==""admin""||!row?.id)return; if(!confirm(`${row.date} ${row.studentNo} ${row.name} 지각 기록을 삭제할까요?`))return; try{const result=await window.schoolBoard.deleteLateAttendance(row.id);readonlyCache=result?.data||readonlyCache;render(""attendance"");toast(""지각 기록을 삭제했습니다."");}catch(error){toast(error?.message||""지각 삭제에 실패했습니다."");} }"
"render","2882","async function inputCenterRunAutoOCR(drafts){ const targets=[];for(const d of drafts){d.ocrStatus='OCR처리중';d.ocrError='';const pages=Array.isArray(d.pages)&&d.pages.length?d.pages:[{filePath:d.filePath}];pages.forEach((p,i)=>{if(p.filePath)targets.push({key:`${d.draftId}::${i}`,path:p.filePath});});} render('inputs');if(!targets.length)return; const result=await window.schoolBoard?.runInputOCR?.({files:targets});if(!result?.ok){drafts.forEach(d=>{d.ocrStatus='OCR오류';d.ocrError=result?.reason||'로컬 OCR 호출 실패';});render('inputs');return;} const byKey=new Map((result.results||[]).map(x=>[x.key,x]));"
"render","2883","const targets=[];for(const d of drafts){d.ocrStatus='OCR처리중';d.ocrError='';const pages=Array.isArray(d.pages)&&d.pages.length?d.pages:[{filePath:d.filePath}];pages.forEach((p,i)=>{if(p.filePath)targets.push({key:`${d.draftId}::${i}`,path:p.filePath});});} render('inputs');if(!targets.length)return; const result=await window.schoolBoard?.runInputOCR?.({files:targets});if(!result?.ok){drafts.forEach(d=>{d.ocrStatus='OCR오류';d.ocrError=result?.reason||'로컬 OCR 호출 실패';});render('inputs');return;} const byKey=new Map((result.results||[]).map(x=>[x.key,x])); for(const d of drafts){const pages=Array.isArray(d.pages)&&d.pages.length?d.pages:[{filePath:d.filePath}];const texts=[],engines=new Set(),errors=[];pages.forEach((p,i)=>{const r=byKey.get(`${d.draftId}::${i}`);if(!r)return;if(r.ok&&r.text)texts.push(`[${i+1}페이지]\n${r.text}`);if(r.engine)engines.add(r.engine);if(!r.ok)errors.push(`${i+1}p ${r.reason||r.status||'OCR 실패'}`);});d.text=texts.join('\n\n').trim();d.rawText=d.text;d.ocrEngine=[...engines].join(' + ');d.ocrError=errors.join(' / ');d.ocrStatus=errors.length?(d.text?'OCR확인필요':'OCR오류'):(d.text?'OCR완료':'OCR확인필요');inputCenterApplyOcrMatch(d);}"
"render","2886","const byKey=new Map((result.results||[]).map(x=>[x.key,x])); for(const d of drafts){const pages=Array.isArray(d.pages)&&d.pages.length?d.pages:[{filePath:d.filePath}];const texts=[],engines=new Set(),errors=[];pages.forEach((p,i)=>{const r=byKey.get(`${d.draftId}::${i}`);if(!r)return;if(r.ok&&r.text)texts.push(`[${i+1}페이지]\n${r.text}`);if(r.engine)engines.add(r.engine);if(!r.ok)errors.push(`${i+1}p ${r.reason||r.status||'OCR 실패'}`);});d.text=texts.join('\n\n').trim();d.rawText=d.text;d.ocrEngine=[...engines].join(' + ');d.ocrError=errors.join(' / ');d.ocrStatus=errors.length?(d.text?'OCR확인필요':'OCR오류'):(d.text?'OCR완료':'OCR확인필요');inputCenterApplyOcrMatch(d);} render('inputs');toast(`로컬 OCR 완료 · 자동매칭 ${drafts.filter(x=>x.studentNo).length}건 · 확인필요 ${drafts.filter(x=>!x.studentNo||/오류|확인필요/.test(String(x.ocrStatus||''))).length}건`); } async function inputCenterSelectFiles(){"
"render","2895","const target=inputCenterBatchExpectedCount(), per=Math.max(1,Number(inputCenterConfig.pagesPerStudent||1)); const expected=({'Excel·CSV':'교사 파일','문서 파일':'교사 파일'}[inputCenterConfig.source]||inputCenterConfig.source)==='수기 스캔'&&target?target*per:0; render('inputs'); if(expected&&incoming.length!==expected) toast(`배치 예상 ${expected}파일과 실제 ${incoming.length}파일이 다릅니다. 자료는 가져왔으며 확인 필요 항목에서 검수할 수 있습니다.`); else toast(({'Excel·CSV':'교사 파일','문서 파일':'교사 파일'}[inputCenterConfig.source]||inputCenterConfig.source)==='수기 스캔'?`${incoming.length}장 → ${Math.ceil(incoming.length/per)}개 학생 보고서 묶음으로 가져왔습니다.`:`${incoming.length}개 파일을 배치로 가져왔습니다.`);"
"render","2920","} if(inputCenterConfig.storageMode==='local') inputCenterLocalHistory.unshift(...rows.map(r=>({...r,source:payload.source,type:payload.type,subtype:payload.subtype,title:payload.title||r.fileName,storageMode:'local',savedAt:new Date().toISOString(),createdAt:new Date().toISOString()}))); inputCenterDrafts=[]; await refreshReadonlyCacheSilently({force:true,rerender:false}); if(inputCenterConfig.storageMode==='uep'){inputCenterConfig.tab='library';inputCenterConfig.batchFilter=batchId;inputCenterConfig.historyMode='active';} render('inputs'); if(inputCenterConfig.storageMode==='uep') toast(`입력센터 원본 저장 완료 · 신규 ${result.newCount||0} · 갱신 ${result.updateCount||0} · 중복 제외 ${result.duplicateCount||0} · 02 검수·분류로 이동했습니다.`); else toast(`${result.count||rows.length}건을 내 PC 로컬에 저장했습니다.`);"
"render","2955","$$('[data-input-rotate]').forEach(b=>b.onclick=()=>{const i=Number(b.dataset.inputRotate),img=$(`[data-input-page-img=""${i}""]`);if(!img)return;assets[i].rotation=(assets[i].rotation+90)%360;img.style.transform=`rotate(${assets[i].rotation}deg)`;}); $$('[data-input-open-asset]').forEach(b=>b.onclick=()=>window.schoolBoard?.openInputAsset?.(assets[Number(b.dataset.inputOpenAsset)]?.path||'')); $('[data-input-detail-save]')?.addEventListener('click',()=>{row.reviewText=$('[data-input-review-text]')?.value||'';row.status=row.reviewText?'텍스트검수완료':row.status;toast('확인한 내용을 저장했습니다.');closeDrawer();render('inputs');}); }"
"render","2975","let result=await window.schoolBoard?.normalizeInputBatch?.(payload);if(!result?.ok)return toast(result?.reason||'UEP 정규화 사전검사에 실패했습니다.'); if(result.requiresConfirmation){const summary=`정규화 대상: ${result.targetSheet||''}\n${result.programName||payload.programName||''}\n\n신규 ${result.newCount||0}건 · 중복 ${result.duplicateCount||0}건 · 갱신 ${result.updateCount||0}건\n\n계속 UEP에 적용할까요?`;if(!confirm(summary))return toast('UEP 적용을 취소했습니다.');result=await window.schoolBoard?.normalizeInputBatch?.({...payload,confirmed:true});if(!result?.ok)return toast(result?.reason||'UEP 정규화 적용에 실패했습니다.');} await refreshReadonlyCacheSilently({force:true,rerender:false});inputCenterConfig.historyMode='active';inputCenterConfig.batchFilter='latest';toast(`${result.targetSheet||'UEP'} 적용 완료 · 신규 ${result.newCount||0} · 갱신 ${result.updateCount||0} · 중복 ${result.duplicateCount||0} · 작업목록에서 완료 배치를 내렸습니다.`);render('inputs'); }"
"render","2985","} function bindInputCenter(){ $$('[data-input-tab]').forEach(b=>b.onclick=()=>{inputCenterConfig.tab=b.dataset.inputTab;render('inputs');}); $$('[data-input-history-mode]').forEach(b=>b.onclick=()=>{inputCenterConfig.historyMode=b.dataset.inputHistoryMode||'active';inputCenterConfig.batchFilter='latest';render('inputs');}); $('[data-input-batch-filter]')?.addEventListener('change',e=>{inputCenterConfig.batchFilter=e.target.value;render('inputs');});"
"render","2986","function bindInputCenter(){ $$('[data-input-tab]').forEach(b=>b.onclick=()=>{inputCenterConfig.tab=b.dataset.inputTab;render('inputs');}); $$('[data-input-history-mode]').forEach(b=>b.onclick=()=>{inputCenterConfig.historyMode=b.dataset.inputHistoryMode||'active';inputCenterConfig.batchFilter='latest';render('inputs');}); $('[data-input-batch-filter]')?.addEventListener('change',e=>{inputCenterConfig.batchFilter=e.target.value;render('inputs');}); $$('[data-input-scope]').forEach(b=>b.onclick=()=>{inputCenterConfig.libraryScope=b.dataset.inputScope;render('inputs');});"
"render","2987","$$('[data-input-tab]').forEach(b=>b.onclick=()=>{inputCenterConfig.tab=b.dataset.inputTab;render('inputs');}); $$('[data-input-history-mode]').forEach(b=>b.onclick=()=>{inputCenterConfig.historyMode=b.dataset.inputHistoryMode||'active';inputCenterConfig.batchFilter='latest';render('inputs');}); $('[data-input-batch-filter]')?.addEventListener('change',e=>{inputCenterConfig.batchFilter=e.target.value;render('inputs');}); $$('[data-input-scope]').forEach(b=>b.onclick=()=>{inputCenterConfig.libraryScope=b.dataset.inputScope;render('inputs');}); $$('[data-input-grade-filter]').forEach(b=>b.onclick=()=>{inputCenterConfig.gradeFilter=b.dataset.inputGradeFilter;inputCenterConfig.classFilter='all';render('inputs');});"
"render","2988","$$('[data-input-history-mode]').forEach(b=>b.onclick=()=>{inputCenterConfig.historyMode=b.dataset.inputHistoryMode||'active';inputCenterConfig.batchFilter='latest';render('inputs');}); $('[data-input-batch-filter]')?.addEventListener('change',e=>{inputCenterConfig.batchFilter=e.target.value;render('inputs');}); $$('[data-input-scope]').forEach(b=>b.onclick=()=>{inputCenterConfig.libraryScope=b.dataset.inputScope;render('inputs');}); $$('[data-input-grade-filter]').forEach(b=>b.onclick=()=>{inputCenterConfig.gradeFilter=b.dataset.inputGradeFilter;inputCenterConfig.classFilter='all';render('inputs');}); $$('[data-input-class-filter]').forEach(b=>b.onclick=()=>{inputCenterConfig.classFilter=b.dataset.inputClassFilter;render('inputs');});"
"render","2989","$('[data-input-batch-filter]')?.addEventListener('change',e=>{inputCenterConfig.batchFilter=e.target.value;render('inputs');}); $$('[data-input-scope]').forEach(b=>b.onclick=()=>{inputCenterConfig.libraryScope=b.dataset.inputScope;render('inputs');}); $$('[data-input-grade-filter]').forEach(b=>b.onclick=()=>{inputCenterConfig.gradeFilter=b.dataset.inputGradeFilter;inputCenterConfig.classFilter='all';render('inputs');}); $$('[data-input-class-filter]').forEach(b=>b.onclick=()=>{inputCenterConfig.classFilter=b.dataset.inputClassFilter;render('inputs');}); $$('[data-input-match-filter]').forEach(b=>b.onclick=()=>{inputCenterConfig.matchFilter=b.dataset.inputMatchFilter;render('inputs');});"
"render","2990","$$('[data-input-scope]').forEach(b=>b.onclick=()=>{inputCenterConfig.libraryScope=b.dataset.inputScope;render('inputs');}); $$('[data-input-grade-filter]').forEach(b=>b.onclick=()=>{inputCenterConfig.gradeFilter=b.dataset.inputGradeFilter;inputCenterConfig.classFilter='all';render('inputs');}); $$('[data-input-class-filter]').forEach(b=>b.onclick=()=>{inputCenterConfig.classFilter=b.dataset.inputClassFilter;render('inputs');}); $$('[data-input-match-filter]').forEach(b=>b.onclick=()=>{inputCenterConfig.matchFilter=b.dataset.inputMatchFilter;render('inputs');}); $$('[data-input-source-filter]').forEach(b=>b.onclick=()=>{inputCenterConfig.sourceFilter=b.dataset.inputSourceFilter;render('inputs');});"
"render","2991","$$('[data-input-grade-filter]').forEach(b=>b.onclick=()=>{inputCenterConfig.gradeFilter=b.dataset.inputGradeFilter;inputCenterConfig.classFilter='all';render('inputs');}); $$('[data-input-class-filter]').forEach(b=>b.onclick=()=>{inputCenterConfig.classFilter=b.dataset.inputClassFilter;render('inputs');}); $$('[data-input-match-filter]').forEach(b=>b.onclick=()=>{inputCenterConfig.matchFilter=b.dataset.inputMatchFilter;render('inputs');}); $$('[data-input-source-filter]').forEach(b=>b.onclick=()=>{inputCenterConfig.sourceFilter=b.dataset.inputSourceFilter;render('inputs');}); $$('[data-input-view]').forEach(b=>b.onclick=()=>{const rows=inputCenterLibraryRows().filter(x=>inputCenterConfig.libraryScope==='local'?x.storageMode==='local':inputCenterConfig.libraryScope==='uep'?x.storageMode!=='local':true);const row=rows[Number(b.dataset.inputView)];if(row)inputCenterOpenDetail(row);});"
"render","2992","$$('[data-input-class-filter]').forEach(b=>b.onclick=()=>{inputCenterConfig.classFilter=b.dataset.inputClassFilter;render('inputs');}); $$('[data-input-match-filter]').forEach(b=>b.onclick=()=>{inputCenterConfig.matchFilter=b.dataset.inputMatchFilter;render('inputs');}); $$('[data-input-source-filter]').forEach(b=>b.onclick=()=>{inputCenterConfig.sourceFilter=b.dataset.inputSourceFilter;render('inputs');}); $$('[data-input-view]').forEach(b=>b.onclick=()=>{const rows=inputCenterLibraryRows().filter(x=>inputCenterConfig.libraryScope==='local'?x.storageMode==='local':inputCenterConfig.libraryScope==='uep'?x.storageMode!=='local':true);const row=rows[Number(b.dataset.inputView)];if(row)inputCenterOpenDetail(row);});"
"render","2995","$$('[data-input-view]').forEach(b=>b.onclick=()=>{const rows=inputCenterLibraryRows().filter(x=>inputCenterConfig.libraryScope==='local'?x.storageMode==='local':inputCenterConfig.libraryScope==='uep'?x.storageMode!=='local':true);const row=rows[Number(b.dataset.inputView)];if(row)inputCenterOpenDetail(row);}); $('[data-input-confirm-classification]')?.addEventListener('click',async()=>{const rows=filtered;if(!rows.length)return toast('확정할 배치가 없습니다.');const nature=$('[data-input-review-nature]')?.value||'기타';const programId=$('[data-input-review-program]')?.value||'';const program=(readonlyCache?.programs||[]).find(v=>String(v.id||v.programId||'')===String(programId))||{};const result=await window.schoolBoard?.classifyInputBatch?.({batchId:activeBatchId,nature,programId,programKind:program.kind||'',programName:program.actualTitle||program.title||'',programSemester:program.semester||program.term||''});if(!result?.ok)return toast(result?.reason||'검수·분류 저장에 실패했습니다.');await refreshReadonlyCacheSilently({force:true,rerender:false});inputCenterConfig.tab='review';toast(`${result.count||rows.length}건 검수·분류 확정 · 03 UEP 적용으로 이동합니다.`);render('inputs');}); $('[data-input-export-csv]')?.addEventListener('click',inputCenterExportCsv); $('[data-input-apply-local]')?.addEventListener('click',()=>inputCenterApply('local'));"
"render","3000","$('[data-input-apply-uep]')?.addEventListener('click',()=>inputCenterApply('uep')); $$('[data-input-review-view]').forEach(b=>b.onclick=()=>{const row=inputCenterReviewRowsCache[Number(b.dataset.inputReviewView)];if(row)inputCenterOpenDetail(row);}); $$('[data-input-purpose]').forEach(b=>b.onclick=()=>{inputCenterConfig.purpose=b.dataset.inputPurpose;const map={'보고서 연결':'보고서·탐구보고서','프로그램 참가신청':'프로그램 신청서','만족도조사':'만족도·설문조사','텍스트 추출·기타':'기타'};inputCenterConfig.type=map[inputCenterConfig.purpose]||'기타';inputCenterConfig.programId='';render('inputs');}); $$('[data-input-source]').forEach(b=>b.onclick=()=>{inputCenterConfig.source=b.dataset.inputSource;const actual={'Excel·CSV':'교사 파일','문서 파일':'교사 파일'}[inputCenterConfig.source]||inputCenterConfig.source;if(actual==='리로스쿨'&&inputCenterConfig.purpose==='보고서 연결')inputCenterConfig.subtype='보고서 제출';else if(actual==='리로스쿨'&&inputCenterConfig.purpose==='프로그램 참가신청')inputCenterConfig.subtype='참가신청 명단';render('inputs');}); $('[data-input-subtype]')?.addEventListener('change',e=>inputCenterConfig.subtype=e.target.value);"
"render","3001","$$('[data-input-review-view]').forEach(b=>b.onclick=()=>{const row=inputCenterReviewRowsCache[Number(b.dataset.inputReviewView)];if(row)inputCenterOpenDetail(row);}); $$('[data-input-purpose]').forEach(b=>b.onclick=()=>{inputCenterConfig.purpose=b.dataset.inputPurpose;const map={'보고서 연결':'보고서·탐구보고서','프로그램 참가신청':'프로그램 신청서','만족도조사':'만족도·설문조사','텍스트 추출·기타':'기타'};inputCenterConfig.type=map[inputCenterConfig.purpose]||'기타';inputCenterConfig.programId='';render('inputs');}); $$('[data-input-source]').forEach(b=>b.onclick=()=>{inputCenterConfig.source=b.dataset.inputSource;const actual={'Excel·CSV':'교사 파일','문서 파일':'교사 파일'}[inputCenterConfig.source]||inputCenterConfig.source;if(actual==='리로스쿨'&&inputCenterConfig.purpose==='보고서 연결')inputCenterConfig.subtype='보고서 제출';else if(actual==='리로스쿨'&&inputCenterConfig.purpose==='프로그램 참가신청')inputCenterConfig.subtype='참가신청 명단';render('inputs');}); $('[data-input-subtype]')?.addEventListener('change',e=>inputCenterConfig.subtype=e.target.value); $$('input[name=""input-storage""]').forEach(r=>r.addEventListener('change',e=>inputCenterConfig.storageMode=e.target.value));"
"render","3004","$('[data-input-subtype]')?.addEventListener('change',e=>inputCenterConfig.subtype=e.target.value); $$('input[name=""input-storage""]').forEach(r=>r.addEventListener('change',e=>inputCenterConfig.storageMode=e.target.value)); $('[data-input-semester]')?.addEventListener('change',e=>{inputCenterConfig.semester=e.target.value;inputCenterConfig.programId='';render('inputs');}); const titleInput=$('[data-input-title]'); if(titleInput){titleInput.readOnly=false;titleInput.disabled=false;titleInput.addEventListener('input',e=>{inputCenterConfig.title=e.target.value;});titleInput.addEventListener('change',e=>{inputCenterConfig.title=e.target.value;});titleInput.addEventListener('keydown',e=>{e.stopPropagation();});} $('[data-input-batch-scope]')?.addEventListener('change',e=>{inputCenterConfig.batchScope=e.target.value;render('inputs');});"
"render","3006","$('[data-input-semester]')?.addEventListener('change',e=>{inputCenterConfig.semester=e.target.value;inputCenterConfig.programId='';render('inputs');}); const titleInput=$('[data-input-title]'); if(titleInput){titleInput.readOnly=false;titleInput.disabled=false;titleInput.addEventListener('input',e=>{inputCenterConfig.title=e.target.value;});titleInput.addEventListener('change',e=>{inputCenterConfig.title=e.target.value;});titleInput.addEventListener('keydown',e=>{e.stopPropagation();});} $('[data-input-batch-scope]')?.addEventListener('change',e=>{inputCenterConfig.batchScope=e.target.value;render('inputs');}); $('[data-input-batch-grade]')?.addEventListener('change',e=>{inputCenterConfig.batchGrade=e.target.value;render('inputs');}); $('[data-input-batch-class]')?.addEventListener('change',e=>{inputCenterConfig.batchClass=e.target.value;render('inputs');});"
"render","3007","const titleInput=$('[data-input-title]'); if(titleInput){titleInput.readOnly=false;titleInput.disabled=false;titleInput.addEventListener('input',e=>{inputCenterConfig.title=e.target.value;});titleInput.addEventListener('change',e=>{inputCenterConfig.title=e.target.value;});titleInput.addEventListener('keydown',e=>{e.stopPropagation();});} $('[data-input-batch-scope]')?.addEventListener('change',e=>{inputCenterConfig.batchScope=e.target.value;render('inputs');}); $('[data-input-batch-grade]')?.addEventListener('change',e=>{inputCenterConfig.batchGrade=e.target.value;render('inputs');}); $('[data-input-batch-class]')?.addEventListener('change',e=>{inputCenterConfig.batchClass=e.target.value;render('inputs');}); $('[data-input-batch-student]')?.addEventListener('input',e=>{inputCenterConfig.batchStudentNo=e.target.value;});"
"render","3008","$('[data-input-batch-scope]')?.addEventListener('change',e=>{inputCenterConfig.batchScope=e.target.value;render('inputs');}); $('[data-input-batch-grade]')?.addEventListener('change',e=>{inputCenterConfig.batchGrade=e.target.value;render('inputs');}); $('[data-input-batch-class]')?.addEventListener('change',e=>{inputCenterConfig.batchClass=e.target.value;render('inputs');}); $('[data-input-batch-student]')?.addEventListener('input',e=>{inputCenterConfig.batchStudentNo=e.target.value;}); $('[data-input-expected-count]')?.addEventListener('input',e=>{inputCenterConfig.expectedCount=e.target.value;render('inputs');});"
"render","3010","$('[data-input-batch-class]')?.addEventListener('change',e=>{inputCenterConfig.batchClass=e.target.value;render('inputs');}); $('[data-input-batch-student]')?.addEventListener('input',e=>{inputCenterConfig.batchStudentNo=e.target.value;}); $('[data-input-expected-count]')?.addEventListener('input',e=>{inputCenterConfig.expectedCount=e.target.value;render('inputs');}); $('[data-input-pages-per-student]')?.addEventListener('change',e=>{inputCenterConfig.pagesPerStudent=e.target.value;render('inputs');}); $('[data-input-paste]')?.addEventListener('input',e=>inputCenterConfig.manualText=e.target.value);"
"render","3011","$('[data-input-batch-student]')?.addEventListener('input',e=>{inputCenterConfig.batchStudentNo=e.target.value;}); $('[data-input-expected-count]')?.addEventListener('input',e=>{inputCenterConfig.expectedCount=e.target.value;render('inputs');}); $('[data-input-pages-per-student]')?.addEventListener('change',e=>{inputCenterConfig.pagesPerStudent=e.target.value;render('inputs');}); $('[data-input-paste]')?.addEventListener('input',e=>inputCenterConfig.manualText=e.target.value); $('[data-input-program]')?.addEventListener('change',e=>{inputCenterConfig.programId=e.target.value;const p=(readonlyCache?.programs||[]).find(v=>String(v.id||v.programId||'')===String(e.target.value))||{};const sem=String(p.semester||p.term||'');if(/1/.test(sem))inputCenterConfig.semester='1';else if(/2/.test(sem))inputCenterConfig.semester='2';});"
"render","3016","$('[data-input-files]')?.addEventListener('click',inputCenterSelectFiles); $('[data-input-open-folder]')?.addEventListener('click',()=>window.schoolBoard?.openInputFolder?.()); $('[data-input-add-text]')?.addEventListener('click',()=>{const raw=$('[data-input-paste]')?.value||'';if(!raw.trim())return toast('붙여넣을 내용을 입력해 주세요.');const fake={name:'직접입력.txt',extension:'txt',size:new Blob([raw]).size,text:raw,path:''};inputCenterDrafts.push(...inputCenterExpandTextFile(fake));inputCenterConfig.manualText='';render('inputs');}); $('[data-input-clear]')?.addEventListener('click',()=>{if(inputCenterDrafts.length&&confirm('현재 대기목록을 비울까요?')){inputCenterDrafts=[];render('inputs');}}); $('[data-input-save]')?.addEventListener('click',inputCenterSave);"
"render","3017","$('[data-input-open-folder]')?.addEventListener('click',()=>window.schoolBoard?.openInputFolder?.()); $('[data-input-add-text]')?.addEventListener('click',()=>{const raw=$('[data-input-paste]')?.value||'';if(!raw.trim())return toast('붙여넣을 내용을 입력해 주세요.');const fake={name:'직접입력.txt',extension:'txt',size:new Blob([raw]).size,text:raw,path:''};inputCenterDrafts.push(...inputCenterExpandTextFile(fake));inputCenterConfig.manualText='';render('inputs');}); $('[data-input-clear]')?.addEventListener('click',()=>{if(inputCenterDrafts.length&&confirm('현재 대기목록을 비울까요?')){inputCenterDrafts=[];render('inputs');}}); $('[data-input-save]')?.addEventListener('click',inputCenterSave); $$('[data-input-draft]').forEach(row=>{const draft=inputCenterDrafts.find(d=>d.draftId===row.dataset.inputDraft);if(!draft)return;row.querySelector('[data-input-select]')?.addEventListener('change',e=>draft.selected=e.target.checked);});"
"render","3927","layer.querySelectorAll('[data-issue-close]').forEach(b=>b.onclick=()=>layer.remove()); layer.onclick=e=>{if(e.target===layer)layer.remove();}; layer.querySelector('#issueReportForm').onsubmit=async e=>{e.preventDefault();state.issueReports.unshift({id:`ISS-${Date.now()}`,createdAt:new Date().toISOString(),reporter:roleName(currentRoleId()),page:layer.querySelector('#issuePage').value.trim(),type:layer.querySelector('#issueType').value,description:layer.querySelector('#issueDescription').value.trim(),steps:layer.querySelector('#issueSteps').value.trim(),version:APP_VERSION,status:'new',adminNote:'',updatedAt:''});await save();layer.remove();toast('오류 신고를 이 PC에 저장했습니다. 관리자 화면에서 확인할 수 있습니다.');if(state.activePage==='settings')render('settings');}; setTimeout(()=>layer.querySelector('#issueDescription')?.focus(),30); }"
"render","4442","scoreMode=""combined""; scorePeriod=""all""; render(""scores""); setTimeout(()=>{ const scope=$(""#scoreScope""),classSelect=$(""#scoreClass""),studentSelect=$(""#scoreStudent"");"
"render","5251","const weekKey=`${classNo}:${dates[0]}`; const busyKey=`${activityId}:${classNo}`; if(!options.silent){recordCareerDateBusy=busyKey;render(""records"");} try{ let result=recordCareerWeekCache.get(weekKey);"
"render","5289","return value; }finally{ if(!options.silent){recordCareerDateBusy="""";render(""records"");} } }"
"render","5306","}finally{ recordCareerAutoRunning=false; render(""records""); toast(`${recordStudentClass(student)}반 진로활동 주간 조회를 완료했습니다. 노란색 날짜를 담임이 확인해 주세요.`); }"
"render","5347","recordCareerSemesterScanRunning=true; recordCareerSemesterScanProgress=`${range.label} 시간표 0/${mondays.length}주`; render(state.activePage||""programs""); const slots=[],sourceIssues=[]; try{"
"render","5352","for(let i=0;i<mondays.length;i++){ recordCareerSemesterScanProgress=`${range.label} 시간표 ${i+1}/${mondays.length}주`; render(state.activePage||""programs""); const weekKey=`${classNo}:${mondays[i]}`; let result=recordCareerWeekCache.get(weekKey);"
"render","5415","recordCareerSemesterScanRunning=false; recordCareerSemesterScanProgress=""""; render(state.activePage||""programs""); } }"
"render","6489","const now=new Date().toISOString(),by=currentLoginTeacherName()||'관리자'; rows.forEach(item=>{state.autoNoticeGovernance[autoNoticeGovernanceKey(item.source,item.id)]={status,note:`관리자 일괄 ${label}`,by,at:now};}); await save();render(state.activePage||'dashboard');toast(`자동공지 ${rows.length}건을 ${label} 처리했습니다.`); }"
"render","6512","async function acknowledgeAutoAlert(itemId){ const item=teacherAutoWorkAlerts({includeAcked:true}).find(x=>String(x.id)===String(itemId));if(!item)return; state.autoAlertAcks=state.autoAlertAcks||{};state.autoAlertAcks[autoAlertAckKey(item)]={at:new Date().toISOString(),title:item.title};await save();render(state.activePage);toast(""오늘 확인한 자동알림으로 처리했습니다.""); }"
"render","6647","$(""#drawer"").classList.remove(""hidden"");$(""#drawerBackdrop"").classList.remove(""hidden""); $(""[data-auto-alert-related]"")?.addEventListener(""click"",()=>{const category=item.category;closeDrawer();studentAlertMode=category||""all"";studentAlertClass=""all"";navigate(""alerts"");}); $(""[data-auto-alert-confirm]"")?.addEventListener(""click"",async()=>{await acknowledgeAutoAlert(item.id);closeDrawer();if(state.activePage===""dashboard""||state.activePage===""work"")render(state.activePage);}); }"
"render","6742","else if(type===""deadline""){target.department=group||""담당부서"";target.due=date;target.dueTime=$(""#workDueTime"")?.value||""17:00"";if(!isEdit)state.schoolDeadlines.push(target);} else {target.department=group||""담당부서"";target.date=date;if(!isEdit)state.workNotices.push(target);} await save();closeDrawer();render(""work"");toast(isEdit?""수정했습니다."":""대상별 배포 설정으로 등록했습니다.""); }); $(""[data-work-editor-delete]"")?.addEventListener(""click"",async()=>{if(!confirm(""이 항목을 삭제할까요?""))return;await deleteWorkBoardItem(type,id);closeDrawer();});"
"render","6750","else if(type===""deadline"")state.schoolDeadlines=workBoardData(type).filter(x=>String(x.id)!==String(id)); else state.tasks=(state.tasks||[]).filter(x=>String(x.id)!==String(id)); await save();render(""work"");toast(""삭제했습니다.""); }"
"render","7081","state.settings.schoolHours=state.settings.schoolHours.map((row,i)=>[row[0],$(`[data-inline-hour-start=""${i}""]`)?.value||row[1],$(`[data-inline-hour-end=""${i}""]`)?.value||row[2]]); await save();toast(""일과운영시간을 저장했습니다.""); if(popup)openSchoolHoursPopup();else render(""timetable""); }; const reset=$(""#inlineResetSchoolHours"");"
"render","7087","state.settings.schoolHours=structuredClone(baseState.settings.schoolHours); await save();toast(""기본 일과운영시간으로 되돌렸습니다.""); if(popup)openSchoolHoursPopup();else render(""timetable""); }; }"
"render","7419","if(!result?.ok)throw new Error(result?.reason||'저장하지 못했습니다.'); readonlyCache=result.data||readonlyCache; renderDutyCalendarDrawer('lunch'); render('dashboard'); toast('급식지도 담당을 변경했습니다.'); }catch(error){toast(error?.message||'급식지도 변경 실패'); if(submit){submit.disabled=false;submit.textContent='시트에 저장';}} };"
"render","7448","if(!result?.ok)throw new Error(result?.reason||'저장하지 못했습니다.'); readonlyCache=result.data||readonlyCache; renderDutyCalendarDrawer('night'); render('dashboard'); toast('야자감독 교사를 변경했습니다.'); }catch(error){toast(error?.message||'야자감독 변경 실패'); if(submit){submit.disabled=false;submit.textContent='시트에 저장';}} };"
"render","7479","$(""#drawer"").classList.remove(""hidden"");$(""#drawerBackdrop"").classList.remove(""hidden""); $(""[data-close-drawer]"")?.addEventListener(""click"",closeDrawer); $(""#lunchDutyForm"").onsubmit=async event=>{event.preventDefault();const date=$(""#lunchDutyDate"").value||key;state.settings.lunchDutyOverrides=state.settings.lunchDutyOverrides||{};state.settings.lunchDutyOverrides[date]={enabled:$(""#lunchDutyEnabled"").value===""1"",time:$(""#lunchDutyTime"").value.trim(),place:$(""#lunchDutyPlace"").value.trim(),partners:$(""#lunchDutyPartners"").value.trim()};await save();closeDrawer();render(""dashboard"");toast(""급식지도 일정을 저장했습니다."");}; } function openTodayNightSupervisorDrawer(){"
"render","7611","$(""#drawerBody"").innerHTML=`<div class=""history-summary positive""><span><small>기준일</small><b>${escapeHtml(day)}</b></span><span><small>시간대</small><b>${escapeHtml(slot)}</b></span><span><small>학생 수</small><b>${total}명</b></span></div><p class=""dashboard-night-guide"">반별 자습 인원을 한 화면에서 확인합니다.</p><div class=""dashboard-night-class-grid"">${classes.map(cls=>{const members=[...(groups.get(cls)?.values()||[])].sort((a,b)=>String(a.studentNo||'').localeCompare(String(b.studentNo||''),'ko'));return `<section><header><b>${cls}반</b><span>${members.length}명</span></header><div>${members.length?members.map(m=>`<button data-dashboard-night-student=""${escapeHtml(attendanceStudentKey(m))}"" data-dashboard-night-student-day=""${escapeHtml(day)}"" data-dashboard-night-student-slot=""${escapeHtml(slot)}""><b>${escapeHtml(m.studentNo||"""")} ${escapeHtml(m.name||"""")}</b></button>`).join(""""):'<small>참여 없음</small>'}</div></section>`;}).join("""")}</div><div class=""drawer-actions""><button class=""btn primary"" data-night-attendance-date=""${escapeHtml(day)}"">상세보기</button></div>`; $(""#drawer"").classList.remove(""hidden"");$(""#drawerBackdrop"").classList.remove(""hidden""); $(""#drawerBody [data-night-attendance-date]"")?.addEventListener(""click"",()=>{attendanceViewDate=day;nightViewMonth=day.slice(0,7);window.__uepNightRequestedSlot=slot;closeDrawer();navigate(""attendance"");attendanceMode=""night"";render(""attendance"");window.scrollTo(0,0);requestAnimationFrame(()=>toast(`${day} ${slot} 야자출결로 이동했습니다.`));}); $(""#drawerBody"").querySelectorAll('[data-dashboard-night-student]').forEach(btn=>btn.onclick=()=>openNightAttendanceDetail(btn.dataset.dashboardNightStudent,btn.dataset.dashboardNightStudentDay,btn.dataset.dashboardNightStudentSlot)); }"
"render","7986","if(!result?.ok)return toast(result?.reason||'공지를 내리지 못했습니다.'); if(Array.isArray(readonlyCache?.notices)){const target=readonlyCache.notices.find(x=>String(x.id)===String(item.id));if(target)target.status='종료';} closeDrawer();render(state.activePage||'dashboard');toast('공지를 내렸습니다. 기록은 그대로 보존됩니다.'); } function openWorkNoticeDetail(itemId,source=""connected""){"
"render","8002","$(""[data-notice-edit]"")?.addEventListener(""click"",()=>openNoticeEditor(item.id)); $(""[data-notice-close]"")?.addEventListener(""click"",()=>closePublishedNotice(item)); $(""[data-notice-confirm]"")?.addEventListener(""click"",async()=>{if(await saveCurrentNoticeReceipt(item,{confirmed:true})){closeDrawer();render(state.activePage);toast(""공지 확인을 기록했습니다."");}}); $(""[data-notice-submit]"")?.addEventListener(""click"",async()=>{if(await saveCurrentNoticeReceipt(item,{confirmed:true,submitted:true})){closeDrawer();render(state.activePage);toast(""제출 완료를 기록했습니다."");}}); }"
"render","8003","$(""[data-notice-close]"")?.addEventListener(""click"",()=>closePublishedNotice(item)); $(""[data-notice-confirm]"")?.addEventListener(""click"",async()=>{if(await saveCurrentNoticeReceipt(item,{confirmed:true})){closeDrawer();render(state.activePage);toast(""공지 확인을 기록했습니다."");}}); $(""[data-notice-submit]"")?.addEventListener(""click"",async()=>{if(await saveCurrentNoticeReceipt(item,{confirmed:true,submitted:true})){closeDrawer();render(state.activePage);toast(""제출 완료를 기록했습니다."");}}); }"
"render","8204","state.activePage='students'; save(); render('students'); requestAnimationFrame(()=>{ document.querySelector('.student-counsel-center')?.scrollIntoView({block:'start'});"
"render","8224","if(studentPageMode==='counsel' && (state.activePage==='students' || document.querySelector('.student-counsel-center'))){ studentCounselSelectedStudentId=button.dataset.counselStudent||''; render('students'); requestAnimationFrame(()=>document.querySelector('.counsel-right-column')?.scrollIntoView({block:'nearest'})); return;"
"render","8257","closeDrawer(); toast(`${student.name} 학생 상담 기록을 ${existing?'수정':'저장'}했습니다.`); render(state.activePage||'dashboard'); }catch(error){toast(error?.message||'상담기록 저장에 실패했습니다.');} };"
"render","8324","participantToggle?.addEventListener('click',()=>{const expanded=participantGrid?.classList.toggle('expanded');participantToggle.textContent=expanded?'명단 접기':`전체 명단 보기 · 외 ${Math.max(0,students.length-6)}명`;}); layer.querySelectorAll('[data-auto-program-student-index]').forEach(button=>button.addEventListener('click',event=>{event.preventDefault();event.stopPropagation();const st=students[Number(button.dataset.autoProgramStudentIndex)];if(st)openProgramStudentBasicDialog(st);})); layer.querySelector('[data-auto-basic-confirm]')?.addEventListener('click',async()=>{close();render(state.activePage||'dashboard');toast('자동공지를 확인했습니다.');await saveAutoNoticeReceipt(source,id,{confirmed:true,note:'자동공지 확인'});}); layer.querySelector('[data-auto-basic-dismiss]')?.addEventListener('click',async()=>{close();render(state.activePage||'dashboard');toast('내 대시보드에서 자동공지를 숨겼습니다.');await saveAutoNoticeReceipt(source,id,{dismissed:true,note:'자동공지 해제'});}); layer.querySelectorAll('[data-auto-governance]').forEach(button=>button.addEventListener('click',async()=>{const status=button.dataset.autoGovernance,label=status==='approved'?'승인':status==='handled'?'확인':'불가(해제)';if(await setAutoNoticeGovernance(source,id,status,`관리자 ${label}`)){close();render(state.activePage||'dashboard');toast(`자동공지를 ${label} 처리했습니다.`);}}));"
"render","8325","layer.querySelectorAll('[data-auto-program-student-index]').forEach(button=>button.addEventListener('click',event=>{event.preventDefault();event.stopPropagation();const st=students[Number(button.dataset.autoProgramStudentIndex)];if(st)openProgramStudentBasicDialog(st);})); layer.querySelector('[data-auto-basic-confirm]')?.addEventListener('click',async()=>{close();render(state.activePage||'dashboard');toast('자동공지를 확인했습니다.');await saveAutoNoticeReceipt(source,id,{confirmed:true,note:'자동공지 확인'});}); layer.querySelector('[data-auto-basic-dismiss]')?.addEventListener('click',async()=>{close();render(state.activePage||'dashboard');toast('내 대시보드에서 자동공지를 숨겼습니다.');await saveAutoNoticeReceipt(source,id,{dismissed:true,note:'자동공지 해제'});}); layer.querySelectorAll('[data-auto-governance]').forEach(button=>button.addEventListener('click',async()=>{const status=button.dataset.autoGovernance,label=status==='approved'?'승인':status==='handled'?'확인':'불가(해제)';if(await setAutoNoticeGovernance(source,id,status,`관리자 ${label}`)){close();render(state.activePage||'dashboard');toast(`자동공지를 ${label} 처리했습니다.`);}})); layer.querySelector('[data-auto-basic-detail]')?.addEventListener('click',async()=>{await saveAutoNoticeReceipt(source,id,{detailViewed:true,note:'자동공지 상세보기'});close();openProgramDrawer(pid,{returnTo:'dashboard'});});"
"render","8326","layer.querySelector('[data-auto-basic-confirm]')?.addEventListener('click',async()=>{close();render(state.activePage||'dashboard');toast('자동공지를 확인했습니다.');await saveAutoNoticeReceipt(source,id,{confirmed:true,note:'자동공지 확인'});}); layer.querySelector('[data-auto-basic-dismiss]')?.addEventListener('click',async()=>{close();render(state.activePage||'dashboard');toast('내 대시보드에서 자동공지를 숨겼습니다.');await saveAutoNoticeReceipt(source,id,{dismissed:true,note:'자동공지 해제'});}); layer.querySelectorAll('[data-auto-governance]').forEach(button=>button.addEventListener('click',async()=>{const status=button.dataset.autoGovernance,label=status==='approved'?'승인':status==='handled'?'확인':'불가(해제)';if(await setAutoNoticeGovernance(source,id,status,`관리자 ${label}`)){close();render(state.activePage||'dashboard');toast(`자동공지를 ${label} 처리했습니다.`);}})); layer.querySelector('[data-auto-basic-detail]')?.addEventListener('click',async()=>{await saveAutoNoticeReceipt(source,id,{detailViewed:true,note:'자동공지 상세보기'});close();openProgramDrawer(pid,{returnTo:'dashboard'});}); }"
"render","8887","$(""#drawer"").classList.remove(""hidden""); $(""#drawerBackdrop"").classList.remove(""hidden""); $(""#singleCalendarCancel"").onclick=closeDrawer; $(""#singleCalendarForm"").onsubmit=async event=>{event.preventDefault();const payload={date:$(""#singleCalendarDate"").value,start:$(""#singleCalendarStart"").value,end:$(""#singleCalendarEnd"").value,title:$(""#singleCalendarTitle"").value.trim(),target:$(""#singleCalendarTarget"").value.trim(),place:$(""#singleCalendarPlace"").value.trim(),department:$(""#singleCalendarDepartment"").value.trim(),manager:$(""#singleCalendarManager"").value.trim(),status:$(""#singleCalendarStatus"").value,note:$(""#singleCalendarNote"").value.trim()};const result=await window.schoolBoard?.savePersonalCalendar?.(payload);if(!result?.ok)return toast(result?.reason||""개인 일정을 저장하지 못했습니다."");const refreshed=await window.schoolBoard?.readReadonlyCache?.();if(refreshed?.ok)readonlyCache=refreshed.data;closeDrawer();render(state.activePage===""calendar""?""calendar"":""dashboard"");toast(""41_학교캘린더에 개인 일정을 저장했습니다."");}; }"
"render","8900","$(""#drawerBody"").innerHTML=`<form class=""calendar-single-editor calendar-single-editor-v430"" id=""calendarEditForm""><input type=""hidden"" id=""calendarEditId"" value=""${escapeHtml(event.id)}""><div class=""calendar-editor-grid""><label>날짜<input id=""calendarEditDate"" type=""date"" required value=""${escapeHtml(event.date||dateKey(today))}""></label><label>상태<select id=""calendarEditStatus"">${[""확정"",""예정"",""예약"",""미정"",""취소""].map(x=>`<option ${x===(event.status||"""")?""selected"":""""}>${x}</option>`).join("""")}</select></label><label>시작시각<input id=""calendarEditStart"" type=""time"" value=""${escapeHtml(start||"""")}""></label><label>종료시각<input id=""calendarEditEnd"" type=""time"" value=""${escapeHtml(end||"""")}""></label><label class=""wide"">일정명<input id=""calendarEditTitle"" required value=""${escapeHtml(event.title||"""")}""></label><label>대상<input id=""calendarEditTarget"" value=""${escapeHtml(event.target||"""")}""></label><label>장소<input id=""calendarEditPlace"" value=""${escapeHtml(event.place||"""")}""></label><label>부서<input id=""calendarEditDepartment"" value=""${escapeHtml(ownerParts[0]||"""")}""></label><label>담당자<input id=""calendarEditManager"" value=""${escapeHtml(ownerParts.slice(1).join("" · "")||"""")}""></label><label class=""wide"">보완 내용<textarea id=""calendarEditNote"" rows=""3"">${escapeHtml(event.detail||"""")}</textarea></label><label class=""calendar-check""><input id=""calendarEditLock"" type=""checkbox"" ${event.correctionLocked?""checked"":""""}> 원본 재동기화 때 이 보정값 보호</label><label class=""calendar-check""><input id=""calendarEditGrade1"" type=""checkbox"" ${event.firstGradeTarget?""checked"":""""}> 1학년 대상</label><label class=""calendar-check""><input id=""calendarEditTodayProgram"" type=""checkbox"" ${event.showTodayProgram?""checked"":""""}> 오늘의 프로그램에 표시</label><label class=""calendar-check""><input id=""calendarEditProgramLink"" type=""checkbox"" ${event.programLinked?""checked"":""""}> 프로그램 모듈과 연동</label></div><div class=""calendar-editor-actions""><button type=""button"" class=""btn secondary"" id=""calendarEditCancel"">취소</button><button class=""btn primary"">전체 화면에 저장</button></div><p class=""safe-note"">41_학교캘린더에 저장하며, 수정자·수정시각과 변경 이력을 남깁니다.</p></form>`; $(""#calendarEditCancel"").onclick=closeDrawer; $(""#calendarEditForm"").onsubmit=async(e)=>{e.preventDefault();const payload={id:$(""#calendarEditId"").value,date:$(""#calendarEditDate"").value,start:$(""#calendarEditStart"").value,end:$(""#calendarEditEnd"").value,title:$(""#calendarEditTitle"").value.trim(),target:$(""#calendarEditTarget"").value.trim(),place:$(""#calendarEditPlace"").value.trim(),department:$(""#calendarEditDepartment"").value.trim(),manager:$(""#calendarEditManager"").value.trim(),status:$(""#calendarEditStatus"").value,note:$(""#calendarEditNote"").value.trim(),correctionLocked:$(""#calendarEditLock"").checked,firstGradeTarget:$(""#calendarEditGrade1"").checked,showTodayProgram:$(""#calendarEditTodayProgram"").checked,programLinked:$(""#calendarEditProgramLink"").checked,expectedModifiedAt:event.modifiedAt||""""};const result=await window.schoolBoard?.updateCalendar?.(payload);if(!result?.ok)return toast(result?.reason||""일정을 저장하지 못했습니다."");const refreshed=await window.schoolBoard?.readReadonlyCache?.();if(refreshed?.ok)readonlyCache=refreshed.data;closeDrawer();render(state.activePage);toast(""일정 수정사항을 전체 화면에 반영했습니다."");}; }"
"render","8923","toast(`${imported.length}건의 일정을 저장했습니다.`); closeDrawer(); render(""dashboard""); }; }"
"render","9071","startReadonlyAutoRefresh(); toast(`${result.account || ""Google 서비스 계정""}으로 UEP 구글시트에 연결했습니다.`); render(""settings""); }"
"render","9107","} closeDrawer(); render(""dashboard""); }"
"render","9118","updateTopSyncStatus(); toast(googleConnectionError); render(""dashboard""); return; }"
"render","9131","} updateTopSyncStatus(); render(""dashboard""); }"
"render","9287","readonlyCache=result.data||readonlyCache; toast(`${label}를 UEP 기본정보 연결시트에 저장했습니다.`); if(embedded&&state.activePage==='students'){render('students');window.scrollTo(0,0);}else openStudentDrawer(index); }catch(error){toast(error?.message||`${label} 수정에 실패했습니다.`);if(embedded&&state.activePage==='students')render('students');else openStudentDrawer(index);} }"
"render","9288","toast(`${label}를 UEP 기본정보 연결시트에 저장했습니다.`); if(embedded&&state.activePage==='students'){render('students');window.scrollTo(0,0);}else openStudentDrawer(index); }catch(error){toast(error?.message||`${label} 수정에 실패했습니다.`);if(embedded&&state.activePage==='students')render('students');else openStudentDrawer(index);} } function editStudentContact(student,field,label,index,button){"
"render","9300","line.innerHTML=`<input class=""contact-inline-input"" type=""${type}"" value=""${escapeHtml(current==='-'?'':current)}"" aria-label=""${escapeHtml(label)}""><em class=""storage-badge sheet"">시트 저장</em><button type=""button"" class=""contact-inline-save"">저장</button><button type=""button"" class=""contact-inline-cancel"">취소</button>`; const input=line.querySelector('input'); input?.focus(); input?.select(); line.querySelector('.contact-inline-cancel').onclick=()=>{if(embedded&&state.activePage==='students')render('students');else openStudentDrawer(index);}; line.querySelector('.contact-inline-save').onclick=()=>saveStudentContactToSheet(student,field,String(input?.value||'').trim(),index,label,embedded); }"
"render","9648","$('#drawerBody').innerHTML=`<div class=""data-card badge-evidence-card""><div class=""card-head""><div><strong>${escapeHtml(title)}</strong></div><small>UEP 공통 배지 엔진 판정</small></div>${body}<button type=""button"" class=""btn primary badge-route-button"" data-badge-route=""${route}"" data-badge-route-student=""${escapeHtml(student.id||'')}"">해당 페이지로 이동</button></div>`; $('#drawer')?.classList.remove('hidden');$('#drawerBackdrop')?.classList.remove('hidden'); $('#drawerBody [data-badge-route]')?.addEventListener('click',e=>{selectedStudentId=student.id||student.studentNo||'';render(e.currentTarget.dataset.badgeRoute);$('#drawer')?.classList.add('hidden');$('#drawerBackdrop')?.classList.add('hidden');window.scrollTo(0,0);}); } function openAdmissionStageBadge(studentId,group,stage){"
"render","9672","$('#drawerBody').innerHTML=`<div class=""data-card badge-evidence-card""><div class=""card-head""><div><strong>${label}</strong></div><small>성적 기반 관리단계</small></div><div class=""badge-evidence-list""><span><b>내신</b><em>${row.base.actual9==null?'-':row.base.actual9.toFixed(2)} · ${row.internalOk?'기준 충족':'기준 미충족'}</em></span><span><b>최근 모의고사</b><em>${escapeHtml(row.mock.detail||'자료 없음')}</em></span></div><p><b>선정 근거</b> · ${row.reasons.map(escapeHtml).join(' · ')}</p>${stage!=='core'?`<div class=""badge-next-step""><b>핵심관리까지 부족한 부분</b>${gaps.map(x=>`<span>${escapeHtml(x)}</span>`).join('')}</div>`:''}<button type=""button"" class=""btn primary"" data-badge-route=""admissions"">해당 페이지로 이동</button></div>`; $('#drawer')?.classList.remove('hidden');$('#drawerBackdrop')?.classList.remove('hidden'); $('#drawerBody [data-badge-route]')?.addEventListener('click',()=>{selectedStudentId=student.id||student.studentNo||'';render('admissions');$('#drawer')?.classList.add('hidden');$('#drawerBackdrop')?.classList.add('hidden');window.scrollTo(0,0);}); } function routeStudentStatDetail(student,metric){"
"render","9684","nightClassFilter=String(classNumberOf(student)||'1'); state.activePage='attendance'; render('attendance'); }else if(metric==='after'){ startStudentFocus(student,{originScroll:window.scrollY,originPage:'student-stats'});"
"render","9690","if(typeof programViewMode!==""undefined"")programViewMode='list'; state.activePage='programs'; render('programs'); }else if(metric==='program'||metric==='report'){ startStudentFocus(student,{originScroll:window.scrollY,originPage:'student-stats'});"
"render","9697","studentPageMode='dashboard'; state.activePage='students'; render('students'); }else if(metric==='university'){ startStudentFocus(student,{originScroll:window.scrollY,originPage:'student-stats'});"
"render","9702","admissionMode='combined'; state.activePage='admissions'; render('admissions'); requestAnimationFrame(()=>applyStudentFocusToPage('admissions')); }else{"
"render","9710","studentPageMode='dashboard'; state.activePage='students'; render('students'); } $('#drawer')?.classList.add('hidden');$('#drawerBackdrop')?.classList.add('hidden');"
"render","9879","if(!window.__uepCounselV07717Bound){ window.__uepCounselV07717Bound=true; document.addEventListener('change',e=>{const sel=e.target.closest('[data-counsel-class-select]');if(!sel)return;studentCounselClassFilter=sel.value;studentCounselSelectedStudentId='';studentPageMode='counsel';render('students');}); document.addEventListener('click',e=>{const b=e.target.closest('[data-counsel-group]');if(!b)return;window.__uepCounselGroupFilter=b.dataset.counselGroup;studentCounselSelectedStudentId='';studentPageMode='counsel';render('students');}); document.addEventListener('click',e=>{const b=e.target.closest('[data-counsel-student-clear]');if(!b)return;studentCounselSelectedStudentId='';studentPageMode='counsel';render('students');});"
"render","9880","window.__uepCounselV07717Bound=true; document.addEventListener('change',e=>{const sel=e.target.closest('[data-counsel-class-select]');if(!sel)return;studentCounselClassFilter=sel.value;studentCounselSelectedStudentId='';studentPageMode='counsel';render('students');}); document.addEventListener('click',e=>{const b=e.target.closest('[data-counsel-group]');if(!b)return;window.__uepCounselGroupFilter=b.dataset.counselGroup;studentCounselSelectedStudentId='';studentPageMode='counsel';render('students');}); document.addEventListener('click',e=>{const b=e.target.closest('[data-counsel-student-clear]');if(!b)return;studentCounselSelectedStudentId='';studentPageMode='counsel';render('students');}); document.addEventListener('click',e=>{const b=e.target.closest('[data-counsel-write]');if(!b)return;openCounselSidePanel(b.dataset.counselWrite);});"
"render","9881","document.addEventListener('change',e=>{const sel=e.target.closest('[data-counsel-class-select]');if(!sel)return;studentCounselClassFilter=sel.value;studentCounselSelectedStudentId='';studentPageMode='counsel';render('students');}); document.addEventListener('click',e=>{const b=e.target.closest('[data-counsel-group]');if(!b)return;window.__uepCounselGroupFilter=b.dataset.counselGroup;studentCounselSelectedStudentId='';studentPageMode='counsel';render('students');}); document.addEventListener('click',e=>{const b=e.target.closest('[data-counsel-student-clear]');if(!b)return;studentCounselSelectedStudentId='';studentPageMode='counsel';render('students');}); document.addEventListener('click',e=>{const b=e.target.closest('[data-counsel-write]');if(!b)return;openCounselSidePanel(b.dataset.counselWrite);}); document.addEventListener('click',e=>{const b=e.target.closest('[data-counsel-open-dashboard]');if(!b)return;selectedStudentId=b.dataset.counselOpenDashboard||'';const idx=(readonlyCache?.students||[]).findIndex(x=>String(x.id)===String(selectedStudentId));if(idx>=0)studentDashboardIndex=idx;studentPageMode='dashboard';render('students');});"
"render","9883","document.addEventListener('click',e=>{const b=e.target.closest('[data-counsel-student-clear]');if(!b)return;studentCounselSelectedStudentId='';studentPageMode='counsel';render('students');}); document.addEventListener('click',e=>{const b=e.target.closest('[data-counsel-write]');if(!b)return;openCounselSidePanel(b.dataset.counselWrite);}); document.addEventListener('click',e=>{const b=e.target.closest('[data-counsel-open-dashboard]');if(!b)return;selectedStudentId=b.dataset.counselOpenDashboard||'';const idx=(readonlyCache?.students||[]).findIndex(x=>String(x.id)===String(selectedStudentId));if(idx>=0)studentDashboardIndex=idx;studentPageMode='dashboard';render('students');}); let dragged=null; document.addEventListener('dragstart',e=>{const c=e.target.closest('.uep-quick-card-v0755');if(!c)return;dragged=c;e.dataTransfer.effectAllowed='move';});"
"render","9914","const current=(readonlyCache?.students||[])[studentDashboardIndex]; if(current&&String(current.id||current.studentNo||'')!==previous)touchStudentCardHeat(current); render('students'); window.scrollTo(0,0); return true;"
"render","9922","if(page===""inputs"")bindInputCenter(); if(page===""records""&&(recordMode===""curriculum""||recordMode===""sdgs""))requestAnimationFrame(()=>{ $$('[data-curriculum-workspace]').forEach(b=>b.onclick=()=>{curriculumWorkspaceMode=b.dataset.curriculumWorkspace;render('records');}); $$('[data-record-class]').forEach(b=>b.onclick=()=>{recordClassNo=b.dataset.recordClass;recordStudentId='';render('records');}); $$('[data-record-query]').forEach(b=>b.onclick=()=>{recordQueryMode=b.dataset.recordQuery||'class';render('records');});"
"render","9923","if(page===""records""&&(recordMode===""curriculum""||recordMode===""sdgs""))requestAnimationFrame(()=>{ $$('[data-curriculum-workspace]').forEach(b=>b.onclick=()=>{curriculumWorkspaceMode=b.dataset.curriculumWorkspace;render('records');}); $$('[data-record-class]').forEach(b=>b.onclick=()=>{recordClassNo=b.dataset.recordClass;recordStudentId='';render('records');}); $$('[data-record-query]').forEach(b=>b.onclick=()=>{recordQueryMode=b.dataset.recordQuery||'class';render('records');}); $$('[data-record-student]').forEach(b=>b.onclick=()=>{recordStudentId=b.dataset.recordStudent;recordQueryMode='student';render('records');});"
"render","9924","$$('[data-curriculum-workspace]').forEach(b=>b.onclick=()=>{curriculumWorkspaceMode=b.dataset.curriculumWorkspace;render('records');}); $$('[data-record-class]').forEach(b=>b.onclick=()=>{recordClassNo=b.dataset.recordClass;recordStudentId='';render('records');}); $$('[data-record-query]').forEach(b=>b.onclick=()=>{recordQueryMode=b.dataset.recordQuery||'class';render('records');}); $$('[data-record-student]').forEach(b=>b.onclick=()=>{recordStudentId=b.dataset.recordStudent;recordQueryMode='student';render('records');}); $('[data-curriculum-error-only]')?.addEventListener('click',()=>{curriculumErrorOnly=!curriculumErrorOnly;render('records');});"
"render","9925","$$('[data-record-class]').forEach(b=>b.onclick=()=>{recordClassNo=b.dataset.recordClass;recordStudentId='';render('records');}); $$('[data-record-query]').forEach(b=>b.onclick=()=>{recordQueryMode=b.dataset.recordQuery||'class';render('records');}); $$('[data-record-student]').forEach(b=>b.onclick=()=>{recordStudentId=b.dataset.recordStudent;recordQueryMode='student';render('records');}); $('[data-curriculum-error-only]')?.addEventListener('click',()=>{curriculumErrorOnly=!curriculumErrorOnly;render('records');}); $('[data-curriculum-error-type]')?.addEventListener('change',e=>{curriculumErrorType=e.target.value;render('records');});"
"render","9926","$$('[data-record-query]').forEach(b=>b.onclick=()=>{recordQueryMode=b.dataset.recordQuery||'class';render('records');}); $$('[data-record-student]').forEach(b=>b.onclick=()=>{recordStudentId=b.dataset.recordStudent;recordQueryMode='student';render('records');}); $('[data-curriculum-error-only]')?.addEventListener('click',()=>{curriculumErrorOnly=!curriculumErrorOnly;render('records');}); $('[data-curriculum-error-type]')?.addEventListener('change',e=>{curriculumErrorType=e.target.value;render('records');}); $$('[data-curriculum-term]').forEach(b=>b.onclick=()=>{curriculumTermFilter=b.dataset.curriculumTerm;curriculumSubjectKey='';render('records');});"
"render","9927","$$('[data-record-student]').forEach(b=>b.onclick=()=>{recordStudentId=b.dataset.recordStudent;recordQueryMode='student';render('records');}); $('[data-curriculum-error-only]')?.addEventListener('click',()=>{curriculumErrorOnly=!curriculumErrorOnly;render('records');}); $('[data-curriculum-error-type]')?.addEventListener('change',e=>{curriculumErrorType=e.target.value;render('records');}); $$('[data-curriculum-term]').forEach(b=>b.onclick=()=>{curriculumTermFilter=b.dataset.curriculumTerm;curriculumSubjectKey='';render('records');}); $$('[data-curriculum-subject]').forEach(b=>b.onclick=()=>{curriculumSubjectKey=b.dataset.curriculumSubject;render('records');});"
"render","9928","$('[data-curriculum-error-only]')?.addEventListener('click',()=>{curriculumErrorOnly=!curriculumErrorOnly;render('records');}); $('[data-curriculum-error-type]')?.addEventListener('change',e=>{curriculumErrorType=e.target.value;render('records');}); $$('[data-curriculum-term]').forEach(b=>b.onclick=()=>{curriculumTermFilter=b.dataset.curriculumTerm;curriculumSubjectKey='';render('records');}); $$('[data-curriculum-subject]').forEach(b=>b.onclick=()=>{curriculumSubjectKey=b.dataset.curriculumSubject;render('records');}); $$('[data-roster-sort]').forEach(b=>b.onclick=()=>{curriculumRosterSort=b.dataset.rosterSort;render('records');});"
"render","9929","$('[data-curriculum-error-type]')?.addEventListener('change',e=>{curriculumErrorType=e.target.value;render('records');}); $$('[data-curriculum-term]').forEach(b=>b.onclick=()=>{curriculumTermFilter=b.dataset.curriculumTerm;curriculumSubjectKey='';render('records');}); $$('[data-curriculum-subject]').forEach(b=>b.onclick=()=>{curriculumSubjectKey=b.dataset.curriculumSubject;render('records');}); $$('[data-roster-sort]').forEach(b=>b.onclick=()=>{curriculumRosterSort=b.dataset.rosterSort;render('records');}); $('[data-copy-current-selection-sms]')?.addEventListener('click',async()=>{try{await navigator.clipboard.writeText($('#currentSelectionSms')?.value||'');toast('보완 문자메시지를 복사했습니다.');}catch{toast('문자 복사에 실패했습니다.');}});"
"render","9930","$$('[data-curriculum-term]').forEach(b=>b.onclick=()=>{curriculumTermFilter=b.dataset.curriculumTerm;curriculumSubjectKey='';render('records');}); $$('[data-curriculum-subject]').forEach(b=>b.onclick=()=>{curriculumSubjectKey=b.dataset.curriculumSubject;render('records');}); $$('[data-roster-sort]').forEach(b=>b.onclick=()=>{curriculumRosterSort=b.dataset.rosterSort;render('records');}); $('[data-copy-current-selection-sms]')?.addEventListener('click',async()=>{try{await navigator.clipboard.writeText($('#currentSelectionSms')?.value||'');toast('보완 문자메시지를 복사했습니다.');}catch{toast('문자 복사에 실패했습니다.');}}); $('[data-copy-sdgs-supplement]')?.addEventListener('click',async()=>{try{await navigator.clipboard.writeText($('#sdgsSupplementText')?.value||'');toast('SDGs 근거 보완 질문을 복사했습니다.');}catch{toast('복사에 실패했습니다.');}});"
"render","9935","}); if(page===""recordcheck"")requestAnimationFrame(()=>{const mount=document.getElementById(""standaloneRecordcheckMount"");if(mount&&window.uepMountRecordbookValidator)window.uepMountRecordbookValidator(mount);}); $$('[data-student-page-mode]').forEach(button=>button.onclick=()=>{studentPageMode=button.dataset.studentPageMode||""list"";render(""students"");window.scrollTo(0,0);}); $$('[data-student-counsel-history]').forEach(button=>button.onclick=()=>{const id=button.dataset.studentCounselHistory;selectedStudentId=id;const idx=(readonlyCache?.students||[]).findIndex(s=>String(s.id)===String(id));if(idx>=0)studentDashboardIndex=idx;studentPageMode='dashboard';render('students');requestAnimationFrame(()=>setTimeout(()=>openCounselSidePanel(id),80));}); $$('[data-student-counsel-class]').forEach(button=>button.onclick=()=>{const next=String(button.dataset.studentCounselClass||'');studentCounselClassFilter=String(studentCounselClassFilter)===next?'':next;studentPageMode='counsel';render('students');window.scrollTo(0,0);});"
"render","9936","if(page===""recordcheck"")requestAnimationFrame(()=>{const mount=document.getElementById(""standaloneRecordcheckMount"");if(mount&&window.uepMountRecordbookValidator)window.uepMountRecordbookValidator(mount);}); $$('[data-student-page-mode]').forEach(button=>button.onclick=()=>{studentPageMode=button.dataset.studentPageMode||""list"";render(""students"");window.scrollTo(0,0);}); $$('[data-student-counsel-history]').forEach(button=>button.onclick=()=>{const id=button.dataset.studentCounselHistory;selectedStudentId=id;const idx=(readonlyCache?.students||[]).findIndex(s=>String(s.id)===String(id));if(idx>=0)studentDashboardIndex=idx;studentPageMode='dashboard';render('students');requestAnimationFrame(()=>setTimeout(()=>openCounselSidePanel(id),80));}); $$('[data-student-counsel-class]').forEach(button=>button.onclick=()=>{const next=String(button.dataset.studentCounselClass||'');studentCounselClassFilter=String(studentCounselClassFilter)===next?'':next;studentPageMode='counsel';render('students');window.scrollTo(0,0);}); $$('[data-student-stats-class]').forEach(button=>button.onclick=()=>{studentStatsClassFilter=button.dataset.studentStatsClass||'all';render('students');window.scrollTo(0,0);});"
"render","9937","$$('[data-student-page-mode]').forEach(button=>button.onclick=()=>{studentPageMode=button.dataset.studentPageMode||""list"";render(""students"");window.scrollTo(0,0);}); $$('[data-student-counsel-history]').forEach(button=>button.onclick=()=>{const id=button.dataset.studentCounselHistory;selectedStudentId=id;const idx=(readonlyCache?.students||[]).findIndex(s=>String(s.id)===String(id));if(idx>=0)studentDashboardIndex=idx;studentPageMode='dashboard';render('students');requestAnimationFrame(()=>setTimeout(()=>openCounselSidePanel(id),80));}); $$('[data-student-counsel-class]').forEach(button=>button.onclick=()=>{const next=String(button.dataset.studentCounselClass||'');studentCounselClassFilter=String(studentCounselClassFilter)===next?'':next;studentPageMode='counsel';render('students');window.scrollTo(0,0);}); $$('[data-student-stats-class]').forEach(button=>button.onclick=()=>{studentStatsClassFilter=button.dataset.studentStatsClass||'all';render('students');window.scrollTo(0,0);}); $$('[data-stat-student]').forEach(button=>button.onclick=()=>openStudentStatDetail(button.dataset.statStudent,button.dataset.statMetric));"
"render","9938","$$('[data-student-counsel-history]').forEach(button=>button.onclick=()=>{const id=button.dataset.studentCounselHistory;selectedStudentId=id;const idx=(readonlyCache?.students||[]).findIndex(s=>String(s.id)===String(id));if(idx>=0)studentDashboardIndex=idx;studentPageMode='dashboard';render('students');requestAnimationFrame(()=>setTimeout(()=>openCounselSidePanel(id),80));}); $$('[data-student-counsel-class]').forEach(button=>button.onclick=()=>{const next=String(button.dataset.studentCounselClass||'');studentCounselClassFilter=String(studentCounselClassFilter)===next?'':next;studentPageMode='counsel';render('students');window.scrollTo(0,0);}); $$('[data-student-stats-class]').forEach(button=>button.onclick=()=>{studentStatsClassFilter=button.dataset.studentStatsClass||'all';render('students');window.scrollTo(0,0);}); $$('[data-stat-student]').forEach(button=>button.onclick=()=>openStudentStatDetail(button.dataset.statStudent,button.dataset.statMetric)); $$('[data-university-badge-list]').forEach(button=>button.onclick=()=>openUniversityBadgeList(button.dataset.universityBadgeList));"
"render","10008","} $$('[data-student-admission-badge]').forEach(button=>button.onclick=()=>{admissionMode=button.dataset.studentAdmissionBadge==='inseoul'?'inseoul':'regional';admissionManagementFilter=button.dataset.admissionStage||'core';window.__focusGrowthStudentId=button.dataset.admissionStudentId||'';navigate('admissions');}); $$('[data-work-board]').forEach(button=>button.onclick=()=>{workBoardMode=button.dataset.workBoard||""home"";render(""work"");window.scrollTo(0,0);}); $$('[data-work-add]').forEach(button=>button.onclick=()=>openWorkBoardEditor(button.dataset.workAdd)); $$('[data-work-notice-detail]').forEach(button=>button.onclick=(event)=>{event.preventDefault();event.stopPropagation();openWorkNoticeDetail(button.dataset.workNoticeDetail,button.dataset.workNoticeSource||'local');});"
"render","10014","$$('[data-work-delete]').forEach(button=>button.onclick=async(event)=>{event.stopPropagation();if(confirm(""이 항목을 삭제할까요?""))await deleteWorkBoardItem(button.dataset.workDelete,button.dataset.workId);}); $$('[data-notice-edit]').forEach(button=>button.onclick=(event)=>{event.preventDefault();event.stopPropagation();openNoticeEditor(button.dataset.noticeEdit);}); $$('[data-notice-delete]').forEach(button=>button.onclick=async(event)=>{event.preventDefault();event.stopPropagation();if(!confirm(""이 공지를 삭제할까요?""))return;const result=await window.schoolBoard?.deleteNotice?.(button.dataset.noticeDelete);if(!result?.ok)return toast(result?.reason||""공지 삭제 실패"");await refreshReadonlyAfterNotice();render(""work"");toast(""공지를 삭제했습니다."");}); $$('[data-auto-deadline-id]').forEach(button=>button.onclick=(event)=>{event.preventDefault();event.stopPropagation();const source=button.dataset.autoDeadlineSource,id=button.dataset.autoDeadlineId;if(source===""notice"")return openWorkNoticeDetail(id,""connected"");return openAutoDeadlineBasicDialog(source,id);}); $$('[data-auto-bulk-governance]').forEach(button=>button.onclick=async(event)=>{event.preventDefault();event.stopPropagation();await bulkAutoNoticeGovernance(button.dataset.autoBulkGovernance);});"
"render","10022","$$('[data-auto-alert-open]').forEach(button=>button.onclick=(event)=>{event.preventDefault();event.stopPropagation();openAutoWorkAlertDetail(button.dataset.autoAlertOpen);}); $$(`[data-open-student-alerts]`).forEach(button=>button.onclick=()=>{studentAlertMode=button.dataset.openStudentAlerts||""all"";studentAlertClass=""all"";navigate(""alerts"");}); $$(""[data-output-home-card]"").forEach(button=>button.onclick=()=>{outputCenterState.home=false;outputCenterState.tab=button.dataset.outputHomeCard;outputCenterState.selected.clear();render(""outputs"");}); $$(""#pageContent [data-page]"").forEach(button=>button.onclick=()=>navigate(button.dataset.page)); $(""#settingsDiagnosticsButton"")?.addEventListener(""click"",()=>openDrawer(""diagnostics""));"
"render","10026","$(""#settingsDiagnosticsButton"")?.addEventListener(""click"",()=>openDrawer(""diagnostics"")); $(""#settingsInfoButton"")?.addEventListener(""click"",()=>openDrawer(""info"")); $(""[data-output-home-back]"")?.addEventListener(""click"",()=>{outputCenterState.home=true;outputCenterState.program=""all"";outputCenterState.classNo=""1"";outputCenterState.session=""all"";outputCenterState.selected.clear();render(""outputs"");}); $$(""[data-output-tab]"").forEach(b=>b.onclick=()=>{outputCenterState.tab=b.dataset.outputTab;outputCenterState.selected.clear();render(""outputs"");}); $$(""[data-output-filter]"").forEach(el=>el.onchange=()=>{outputCenterState[el.dataset.outputFilter]=el.value;outputCenterState.selected.clear();render(""outputs"");});"
"render","10027","$(""#settingsInfoButton"")?.addEventListener(""click"",()=>openDrawer(""info"")); $(""[data-output-home-back]"")?.addEventListener(""click"",()=>{outputCenterState.home=true;outputCenterState.program=""all"";outputCenterState.classNo=""1"";outputCenterState.session=""all"";outputCenterState.selected.clear();render(""outputs"");}); $$(""[data-output-tab]"").forEach(b=>b.onclick=()=>{outputCenterState.tab=b.dataset.outputTab;outputCenterState.selected.clear();render(""outputs"");}); $$(""[data-output-filter]"").forEach(el=>el.onchange=()=>{outputCenterState[el.dataset.outputFilter]=el.value;outputCenterState.selected.clear();render(""outputs"");}); $$(""[data-output-class-card]"").forEach(b=>b.onclick=()=>{outputCenterState.classNo=b.dataset.outputClassCard;outputCenterState.studentId="""";outputCenterState.selected.clear();render(""outputs"");});"
"render","10028","$(""[data-output-home-back]"")?.addEventListener(""click"",()=>{outputCenterState.home=true;outputCenterState.program=""all"";outputCenterState.classNo=""1"";outputCenterState.session=""all"";outputCenterState.selected.clear();render(""outputs"");}); $$(""[data-output-tab]"").forEach(b=>b.onclick=()=>{outputCenterState.tab=b.dataset.outputTab;outputCenterState.selected.clear();render(""outputs"");}); $$(""[data-output-filter]"").forEach(el=>el.onchange=()=>{outputCenterState[el.dataset.outputFilter]=el.value;outputCenterState.selected.clear();render(""outputs"");}); $$(""[data-output-class-card]"").forEach(b=>b.onclick=()=>{outputCenterState.classNo=b.dataset.outputClassCard;outputCenterState.studentId="""";outputCenterState.selected.clear();render(""outputs"");}); $$(""[data-output-student-card]"").forEach(b=>b.onclick=()=>{outputCenterState.studentId=b.dataset.outputStudentCard;render(""outputs"");});"
"render","10029","$$(""[data-output-tab]"").forEach(b=>b.onclick=()=>{outputCenterState.tab=b.dataset.outputTab;outputCenterState.selected.clear();render(""outputs"");}); $$(""[data-output-filter]"").forEach(el=>el.onchange=()=>{outputCenterState[el.dataset.outputFilter]=el.value;outputCenterState.selected.clear();render(""outputs"");}); $$(""[data-output-class-card]"").forEach(b=>b.onclick=()=>{outputCenterState.classNo=b.dataset.outputClassCard;outputCenterState.studentId="""";outputCenterState.selected.clear();render(""outputs"");}); $$(""[data-output-student-card]"").forEach(b=>b.onclick=()=>{outputCenterState.studentId=b.dataset.outputStudentCard;render(""outputs"");}); $$(""[data-output-report-category]"").forEach(b=>b.onclick=()=>{outputCenterState.reportCategory=b.dataset.outputReportCategory;outputCenterState.program=""all"";outputCenterState.selected.clear();render(""outputs"");});"
"render","10030","$$(""[data-output-filter]"").forEach(el=>el.onchange=()=>{outputCenterState[el.dataset.outputFilter]=el.value;outputCenterState.selected.clear();render(""outputs"");}); $$(""[data-output-class-card]"").forEach(b=>b.onclick=()=>{outputCenterState.classNo=b.dataset.outputClassCard;outputCenterState.studentId="""";outputCenterState.selected.clear();render(""outputs"");}); $$(""[data-output-student-card]"").forEach(b=>b.onclick=()=>{outputCenterState.studentId=b.dataset.outputStudentCard;render(""outputs"");}); $$(""[data-output-report-category]"").forEach(b=>b.onclick=()=>{outputCenterState.reportCategory=b.dataset.outputReportCategory;outputCenterState.program=""all"";outputCenterState.selected.clear();render(""outputs"");}); $$(""[data-output-program-card]"").forEach(b=>b.onclick=()=>{outputCenterState.program=b.dataset.outputProgramCard;outputCenterState.selected.clear();render(""outputs"");});"
"render","10031","$$(""[data-output-class-card]"").forEach(b=>b.onclick=()=>{outputCenterState.classNo=b.dataset.outputClassCard;outputCenterState.studentId="""";outputCenterState.selected.clear();render(""outputs"");}); $$(""[data-output-student-card]"").forEach(b=>b.onclick=()=>{outputCenterState.studentId=b.dataset.outputStudentCard;render(""outputs"");}); $$(""[data-output-report-category]"").forEach(b=>b.onclick=()=>{outputCenterState.reportCategory=b.dataset.outputReportCategory;outputCenterState.program=""all"";outputCenterState.selected.clear();render(""outputs"");}); $$(""[data-output-program-card]"").forEach(b=>b.onclick=()=>{outputCenterState.program=b.dataset.outputProgramCard;outputCenterState.selected.clear();render(""outputs"");}); $$(""[data-output-attendance-category]"").forEach(b=>b.onclick=()=>{outputCenterState.attendanceCategory=b.dataset.outputAttendanceCategory;outputCenterState.session=""all"";render(""outputs"");});"
"render","10032","$$(""[data-output-student-card]"").forEach(b=>b.onclick=()=>{outputCenterState.studentId=b.dataset.outputStudentCard;render(""outputs"");}); $$(""[data-output-report-category]"").forEach(b=>b.onclick=()=>{outputCenterState.reportCategory=b.dataset.outputReportCategory;outputCenterState.program=""all"";outputCenterState.selected.clear();render(""outputs"");}); $$(""[data-output-program-card]"").forEach(b=>b.onclick=()=>{outputCenterState.program=b.dataset.outputProgramCard;outputCenterState.selected.clear();render(""outputs"");}); $$(""[data-output-attendance-category]"").forEach(b=>b.onclick=()=>{outputCenterState.attendanceCategory=b.dataset.outputAttendanceCategory;outputCenterState.session=""all"";render(""outputs"");}); $$(""[data-output-session-card]"").forEach(b=>b.onclick=()=>{outputCenterState.session=b.dataset.outputSessionCard;render(""outputs"");});"
"render","10033","$$(""[data-output-report-category]"").forEach(b=>b.onclick=()=>{outputCenterState.reportCategory=b.dataset.outputReportCategory;outputCenterState.program=""all"";outputCenterState.selected.clear();render(""outputs"");}); $$(""[data-output-program-card]"").forEach(b=>b.onclick=()=>{outputCenterState.program=b.dataset.outputProgramCard;outputCenterState.selected.clear();render(""outputs"");}); $$(""[data-output-attendance-category]"").forEach(b=>b.onclick=()=>{outputCenterState.attendanceCategory=b.dataset.outputAttendanceCategory;outputCenterState.session=""all"";render(""outputs"");}); $$(""[data-output-session-card]"").forEach(b=>b.onclick=()=>{outputCenterState.session=b.dataset.outputSessionCard;render(""outputs"");}); $$(""[data-output-report-scope]"").forEach(b=>b.onclick=()=>{outputCenterState.reportScope=b.dataset.outputReportScope||""program"";outputCenterState.selected.clear();render(""outputs"");});"
"render","10034","$$(""[data-output-program-card]"").forEach(b=>b.onclick=()=>{outputCenterState.program=b.dataset.outputProgramCard;outputCenterState.selected.clear();render(""outputs"");}); $$(""[data-output-attendance-category]"").forEach(b=>b.onclick=()=>{outputCenterState.attendanceCategory=b.dataset.outputAttendanceCategory;outputCenterState.session=""all"";render(""outputs"");}); $$(""[data-output-session-card]"").forEach(b=>b.onclick=()=>{outputCenterState.session=b.dataset.outputSessionCard;render(""outputs"");}); $$(""[data-output-report-scope]"").forEach(b=>b.onclick=()=>{outputCenterState.reportScope=b.dataset.outputReportScope||""program"";outputCenterState.selected.clear();render(""outputs"");}); $(""[data-output-student-reports-all]"")?.addEventListener(""click"",()=>{const s=outputSelectedStudent();if(s)printStudentReportPackage(s,studentAllReports(s));});"
"render","10035","$$(""[data-output-attendance-category]"").forEach(b=>b.onclick=()=>{outputCenterState.attendanceCategory=b.dataset.outputAttendanceCategory;outputCenterState.session=""all"";render(""outputs"");}); $$(""[data-output-session-card]"").forEach(b=>b.onclick=()=>{outputCenterState.session=b.dataset.outputSessionCard;render(""outputs"");}); $$(""[data-output-report-scope]"").forEach(b=>b.onclick=()=>{outputCenterState.reportScope=b.dataset.outputReportScope||""program"";outputCenterState.selected.clear();render(""outputs"");}); $(""[data-output-student-reports-all]"")?.addEventListener(""click"",()=>{const s=outputSelectedStudent();if(s)printStudentReportPackage(s,studentAllReports(s));}); $$(""[data-output-single-report]"").forEach(b=>b.onclick=()=>{const s=outputSelectedStudent(),r=s?studentCanonicalReports(s).find(x=>String(x.id)===String(b.dataset.outputSingleReport)):null;if(s&&r)printStudentReportPackage(s,[r]);});"
"render","10039","$$(""[data-output-single-report]"").forEach(b=>b.onclick=()=>{const s=outputSelectedStudent(),r=s?studentCanonicalReports(s).find(x=>String(x.id)===String(b.dataset.outputSingleReport)):null;if(s&&r)printStudentReportPackage(s,[r]);}); $(""[data-output-subject-personal]"")?.addEventListener(""click"",()=>printSubjectPersonal(outputSelectedStudent())); $$(""[data-output-record-package]"").forEach(b=>b.onclick=()=>{outputCenterState.recordPackage=b.dataset.outputRecordPackage;render(""outputs"");}); $(""[data-output-record-print]"")?.addEventListener(""click"",()=>printRecordPackage(outputSelectedStudent(),outputCenterState.recordPackage)); $$(""[data-output-score-mode]"").forEach(b=>b.onclick=()=>{outputCenterState.scoreMode=b.dataset.outputScoreMode;render(""outputs"");});"
"render","10041","$$(""[data-output-record-package]"").forEach(b=>b.onclick=()=>{outputCenterState.recordPackage=b.dataset.outputRecordPackage;render(""outputs"");}); $(""[data-output-record-print]"")?.addEventListener(""click"",()=>printRecordPackage(outputSelectedStudent(),outputCenterState.recordPackage)); $$(""[data-output-score-mode]"").forEach(b=>b.onclick=()=>{outputCenterState.scoreMode=b.dataset.outputScoreMode;render(""outputs"");}); $(""[data-output-score-print]"")?.addEventListener(""click"",()=>{const student=outputSelectedStudent();if(outputCenterState.scoreMode===""admission-summary"")printAdmissionSummaryPackage(student);else printScorePackage(student,""combined"");}); $$(""[data-output-select]"").forEach(el=>el.onchange=()=>{el.checked?outputCenterState.selected.add(String(el.dataset.outputSelect)):outputCenterState.selected.delete(String(el.dataset.outputSelect));});"
"render","10044","$(""[data-output-score-print]"")?.addEventListener(""click"",()=>{const student=outputSelectedStudent();if(outputCenterState.scoreMode===""admission-summary"")printAdmissionSummaryPackage(student);else printScorePackage(student,""combined"");}); $$(""[data-output-select]"").forEach(el=>el.onchange=()=>{el.checked?outputCenterState.selected.add(String(el.dataset.outputSelect)):outputCenterState.selected.delete(String(el.dataset.outputSelect));}); $(""[data-output-select-visible]"")?.addEventListener(""click"",()=>{document.querySelectorAll(""[data-output-select]"").forEach(el=>{el.checked=true;outputCenterState.selected.add(String(el.dataset.outputSelect));});render(""outputs"");}); $(""[data-output-clear-selected]"")?.addEventListener(""click"",()=>{outputCenterState.selected.clear();render(""outputs"");}); $(""[data-output-bulk-report-print]"")?.addEventListener(""click"",()=>printMultipleReports(selectedOutputReports()));"
"render","10045","$$(""[data-output-select]"").forEach(el=>el.onchange=()=>{el.checked?outputCenterState.selected.add(String(el.dataset.outputSelect)):outputCenterState.selected.delete(String(el.dataset.outputSelect));}); $(""[data-output-select-visible]"")?.addEventListener(""click"",()=>{document.querySelectorAll(""[data-output-select]"").forEach(el=>{el.checked=true;outputCenterState.selected.add(String(el.dataset.outputSelect));});render(""outputs"");}); $(""[data-output-clear-selected]"")?.addEventListener(""click"",()=>{outputCenterState.selected.clear();render(""outputs"");}); $(""[data-output-bulk-report-print]"")?.addEventListener(""click"",()=>printMultipleReports(selectedOutputReports())); $(""[data-output-bulk-report-excel]"")?.addEventListener(""click"",()=>exportReportStatusExcel(outputReportRows().filter(r=>outputCenterState.program===""all""||(r.reportGroup||r.programName)===outputCenterState.program)));"
"render","10054","button.onclick = () => { attendanceMode = button.dataset.attendanceMode || ""late""; render(""attendance""); window.scrollTo(0,0); };"
"render","10058","}; }); $$(""[data-common-program-area]"").forEach(button=>button.onclick=()=>{commonProgramArea=button.dataset.commonProgramArea||""autonomy"";render(""programs"");}); $$(""[data-common-program-class]"").forEach(button=>button.onclick=()=>{commonProgramClassNo=button.dataset.commonProgramClass||""1"";render(""programs"");}); $$(""[data-common-career-term]"").forEach(button=>button.onclick=()=>{commonCareerTerm=button.dataset.commonCareerTerm||""1학기"";render(""programs"");});"
"render","10059","}); $$(""[data-common-program-area]"").forEach(button=>button.onclick=()=>{commonProgramArea=button.dataset.commonProgramArea||""autonomy"";render(""programs"");}); $$(""[data-common-program-class]"").forEach(button=>button.onclick=()=>{commonProgramClassNo=button.dataset.commonProgramClass||""1"";render(""programs"");}); $$(""[data-common-career-term]"").forEach(button=>button.onclick=()=>{commonCareerTerm=button.dataset.commonCareerTerm||""1학기"";render(""programs"");}); $(""[data-common-career-scan]"")?.addEventListener(""click"",async()=>{"
"render","10060","$$(""[data-common-program-area]"").forEach(button=>button.onclick=()=>{commonProgramArea=button.dataset.commonProgramArea||""autonomy"";render(""programs"");}); $$(""[data-common-program-class]"").forEach(button=>button.onclick=()=>{commonProgramClassNo=button.dataset.commonProgramClass||""1"";render(""programs"");}); $$(""[data-common-career-term]"").forEach(button=>button.onclick=()=>{commonCareerTerm=button.dataset.commonCareerTerm||""1학기"";render(""programs"");}); $(""[data-common-career-scan]"")?.addEventListener(""click"",async()=>{ const student=commonProgramClassStudent();"
"render","10069","if(!student)return toast(""선택 반의 학생정보를 찾지 못했습니다.""); if(!programs.length)return toast(`${commonCareerTerm} 공통 진로활동이 없습니다.`); await scanSemesterCareerSlots(student,programs,range);render(""programs""); }); $$(""[data-career-date-infer]"").forEach(button=>button.onclick=async()=>{"
"render","10073","$$(""[data-career-date-infer]"").forEach(button=>button.onclick=async()=>{ const student=commonProgramClassStudent(),program=(readonlyCache?.programs||[]).find(p=>String(p.id)===String(button.dataset.careerDateInfer)); if(program&&student)await inferCareerDateFromNeis(program,student);render(""programs""); }); $$(""[data-career-date-confirm]"").forEach(button=>button.onclick=()=>{"
"render","10078","const student=commonProgramClassStudent(),program=(readonlyCache?.programs||[]).find(p=>String(p.id)===String(button.dataset.careerDateConfirm)); if(!program||!student)return;const value=recordDateStatus(program,student);if(!value.date)return toast(""확인할 날짜가 없습니다.""); saveCareerDate(program,student,value.date,careerMatchedHours(value),""confirmed"");render(""programs"");toast(""담임 확인 날짜와 이수시간으로 저장했습니다.""); }); $$(""[data-career-date-save]"").forEach(button=>button.onclick=()=>{"
"render","10084","if(!program||!student)return;const activityId=String(program.programId||program.id||"""").replace(/^common-/,""""),key=`${activityId}:${recordStudentClass(student)}`; const date=document.querySelector(`[data-career-date-input=""${key}""]`)?.value||"""",hours=document.querySelector(`[data-career-hours-input=""${key}""]`)?.value||""""; if(!date)return toast(""실제 실시일을 입력하세요."");if(!Number(hours))return toast(""이수시간을 입력하세요."");saveCareerDate(program,student,date,hours,""edited"");render(""programs"");toast(""수정 날짜와 이수시간으로 저장했습니다.""); }); $$('[data-program-mode]').forEach((button) => {"
"render","10087","}); $$('[data-program-mode]').forEach((button) => { button.onclick = () => { programMode = button.dataset.programMode; render(""programs""); }; }); $$('[data-program-planning-mode]').forEach((button) => {"
"render","10090","}); $$('[data-program-planning-mode]').forEach((button) => { button.onclick = () => { programPlanningMode = button.dataset.programPlanningMode; render(""programs""); }; }); $$('[data-program-month-shift]').forEach((button)=>{button.onclick=()=>{const [y,m]=programMonth.split(""-"").map(Number);const d=new Date(y,m-1+Number(button.dataset.programMonthShift||0),1);programMonth=`${d.getFullYear()}-${String(d.getMonth()+1).padStart(2,""0"")}`;render(""programs"");};});"
"render","10092","button.onclick = () => { programPlanningMode = button.dataset.programPlanningMode; render(""programs""); }; }); $$('[data-program-month-shift]').forEach((button)=>{button.onclick=()=>{const [y,m]=programMonth.split(""-"").map(Number);const d=new Date(y,m-1+Number(button.dataset.programMonthShift||0),1);programMonth=`${d.getFullYear()}-${String(d.getMonth()+1).padStart(2,""0"")}`;render(""programs"");};}); if($(""#programMonthInput"")) $(""#programMonthInput"").onchange=(event)=>{programMonth=event.target.value||programMonth;render(""programs"");}; $$('[data-dorm-mode]').forEach((button) => {"
"render","10093","}); $$('[data-program-month-shift]').forEach((button)=>{button.onclick=()=>{const [y,m]=programMonth.split(""-"").map(Number);const d=new Date(y,m-1+Number(button.dataset.programMonthShift||0),1);programMonth=`${d.getFullYear()}-${String(d.getMonth()+1).padStart(2,""0"")}`;render(""programs"");};}); if($(""#programMonthInput"")) $(""#programMonthInput"").onchange=(event)=>{programMonth=event.target.value||programMonth;render(""programs"");}; $$('[data-dorm-mode]').forEach((button) => { button.onclick = async () => {"
"render","10109","$$('[data-dorm-rule-delete]').forEach(button=>button.onclick=()=>deleteDormRule(button.dataset.dormRuleDelete)); $$('[data-score-mode]').forEach((button) => { button.onclick = () => { scoreMode = button.dataset.scoreMode; scorePeriod = ""all""; render(""scores""); }; }); $$('[data-score-period]').forEach((button) => {"
"render","10112","}); $$('[data-score-period]').forEach((button) => { button.onclick = () => { scorePeriod = button.dataset.scorePeriod || ""all""; render(""scores""); }; }); const refreshFiveGradeBoundary = () => {"
"render","10126","$(""#fiveGradeApply"")?.addEventListener(""click"", refreshFiveGradeBoundary); $(""#fiveGradeEnrollment"")?.addEventListener(""keydown"", event => { if (event.key === ""Enter"") { event.preventDefault(); refreshFiveGradeBoundary(); } }); $$('[data-score-stat-type]').forEach(button=>button.onclick=()=>{scoreStatisticsType=button.dataset.scoreStatType||""mock"";scoreStatisticsExam="""";render(""scores"");}); $('[data-score-stat-run]')?.addEventListener(""click"",()=>{scoreStatisticsExam=$(""#scoreStatisticsExam"")?.value||"""";scoreStatisticsClass=$(""#scoreStatisticsClass"")?.value||""all"";render(""scores"");}); $$('[data-score-stat-student]').forEach(button=>button.onclick=()=>openStudentCombinedScore(button.dataset.scoreStatStudent));"
"render","10127","$(""#fiveGradeEnrollment"")?.addEventListener(""keydown"", event => { if (event.key === ""Enter"") { event.preventDefault(); refreshFiveGradeBoundary(); } }); $$('[data-score-stat-type]').forEach(button=>button.onclick=()=>{scoreStatisticsType=button.dataset.scoreStatType||""mock"";scoreStatisticsExam="""";render(""scores"");}); $('[data-score-stat-run]')?.addEventListener(""click"",()=>{scoreStatisticsExam=$(""#scoreStatisticsExam"")?.value||"""";scoreStatisticsClass=$(""#scoreStatisticsClass"")?.value||""all"";render(""scores"");}); $$('[data-score-stat-student]').forEach(button=>button.onclick=()=>openStudentCombinedScore(button.dataset.scoreStatStudent)); $$('[data-admission-mode]').forEach((button) => {"
"render","10130","$$('[data-score-stat-student]').forEach(button=>button.onclick=()=>openStudentCombinedScore(button.dataset.scoreStatStudent)); $$('[data-admission-mode]').forEach((button) => { button.onclick = () => { admissionMode = button.dataset.admissionMode; render(""admissions""); }; document.querySelectorAll(""[data-admission-manage-detail]"").forEach(detailButton=>{detailButton.onclick=()=>{const group=detailButton.dataset.admissionGroup;const index=detailButton.dataset.admissionManageDetail;document.querySelector(`#admissionManageDetail-${group}-${index}`)?.classList.toggle(""hidden"");};}); document.querySelectorAll(""[data-admission-manage-filter]"").forEach(filterButton=>{filterButton.onclick=()=>{admissionManagementFilter=filterButton.dataset.admissionManageFilter||""combined"";render(""admissions"");};});"
"render","10132","button.onclick = () => { admissionMode = button.dataset.admissionMode; render(""admissions""); }; document.querySelectorAll(""[data-admission-manage-detail]"").forEach(detailButton=>{detailButton.onclick=()=>{const group=detailButton.dataset.admissionGroup;const index=detailButton.dataset.admissionManageDetail;document.querySelector(`#admissionManageDetail-${group}-${index}`)?.classList.toggle(""hidden"");};}); document.querySelectorAll(""[data-admission-manage-filter]"").forEach(filterButton=>{filterButton.onclick=()=>{admissionManagementFilter=filterButton.dataset.admissionManageFilter||""combined"";render(""admissions"");};}); if(window.__focusGrowthStudentId){requestAnimationFrame(()=>{const row=document.querySelector(`[data-growth-student-id=""${CSS.escape(String(window.__focusGrowthStudentId))}""]`);if(row){row.classList.add('growth-focus-row');row.scrollIntoView({behavior:'smooth',block:'center'});const detail=row.nextElementSibling;if(detail?.classList.contains('admission-manage-detail'))detail.classList.remove('hidden');}window.__focusGrowthStudentId='';});} });"
"render","10157","bindLocalFilter(""#attendanceSearch"", ""#attendanceRows .attendance-row"", ""#attendanceSearchReset""); const dateInput = $(""#attendanceViewDate""); if (dateInput) dateInput.onchange = () => { attendanceViewDate = dateInput.value || dateKey(today); nightViewMonth = attendanceViewDate.slice(0,7); render(""attendance""); }; $$(`[data-attendance-date-step]`).forEach(button => { button.onclick = () => { const delta=Number(button.dataset.attendanceDateStep||0);"
"render","10162","attendanceViewDate=attendanceMode===""night""?shiftNightOperatingDate(attendanceViewDate,delta):shiftDateKey(attendanceViewDate,delta); nightViewMonth=attendanceViewDate.slice(0,7); render(""attendance""); }; }); $$(`[data-attendance-today]`).forEach(button => { button.onclick = () => { attendanceViewDate = dateKey(today); nightViewMonth = attendanceViewDate.slice(0,7); render(""attendance""); }; });"
"render","10164","render(""attendance""); }; }); $$(`[data-attendance-today]`).forEach(button => { button.onclick = () => { attendanceViewDate = dateKey(today); nightViewMonth = attendanceViewDate.slice(0,7); render(""attendance""); }; }); $$(`[data-official-class]`).forEach((button) => { button.onclick = () => { officialClassFilter = button.dataset.officialClass || ""all""; officialStudentFilter = ""all""; render(""attendance""); }; }); const officialStudentSelect=$(""#officialStudentFilter"");"
"render","10165","}; }); $$(`[data-attendance-today]`).forEach(button => { button.onclick = () => { attendanceViewDate = dateKey(today); nightViewMonth = attendanceViewDate.slice(0,7); render(""attendance""); }; }); $$(`[data-official-class]`).forEach((button) => { button.onclick = () => { officialClassFilter = button.dataset.officialClass || ""all""; officialStudentFilter = ""all""; render(""attendance""); }; }); const officialStudentSelect=$(""#officialStudentFilter""); if(officialStudentSelect)officialStudentSelect.onchange=()=>{officialStudentFilter=officialStudentSelect.value||""all"";render(""attendance"");};"
"render","10167","$$(`[data-official-class]`).forEach((button) => { button.onclick = () => { officialClassFilter = button.dataset.officialClass || ""all""; officialStudentFilter = ""all""; render(""attendance""); }; }); const officialStudentSelect=$(""#officialStudentFilter""); if(officialStudentSelect)officialStudentSelect.onchange=()=>{officialStudentFilter=officialStudentSelect.value||""all"";render(""attendance"");}; const attendanceStatClassSelect=$(""#attendanceStatClassFilter""); if(attendanceStatClassSelect)attendanceStatClassSelect.onchange=()=>{attendanceStatClassFilter=attendanceStatClassSelect.value||""all"";attendanceStatStudentFilter=""all"";render(""attendance"");};"
"render","10169","if(officialStudentSelect)officialStudentSelect.onchange=()=>{officialStudentFilter=officialStudentSelect.value||""all"";render(""attendance"");}; const attendanceStatClassSelect=$(""#attendanceStatClassFilter""); if(attendanceStatClassSelect)attendanceStatClassSelect.onchange=()=>{attendanceStatClassFilter=attendanceStatClassSelect.value||""all"";attendanceStatStudentFilter=""all"";render(""attendance"");}; const attendanceStatStudentSelect=$(""#attendanceStatStudentFilter""); if(attendanceStatStudentSelect)attendanceStatStudentSelect.onchange=()=>{attendanceStatStudentFilter=attendanceStatStudentSelect.value||""all"";render(""attendance"");};"
"render","10171","if(attendanceStatClassSelect)attendanceStatClassSelect.onchange=()=>{attendanceStatClassFilter=attendanceStatClassSelect.value||""all"";attendanceStatStudentFilter=""all"";render(""attendance"");}; const attendanceStatStudentSelect=$(""#attendanceStatStudentFilter""); if(attendanceStatStudentSelect)attendanceStatStudentSelect.onchange=()=>{attendanceStatStudentFilter=attendanceStatStudentSelect.value||""all"";render(""attendance"");}; $(""#officialAttendanceAdd"")?.addEventListener(""click"",()=>{if(currentRoleId()!==""admin"")return toast(""공결 등록·수정은 관리자만 가능합니다."");openOfficialAttendanceEditor();}); $$(`[data-official-edit]`).forEach(button=>button.onclick=()=>{if(currentRoleId()!==""admin"")return toast(""공결 수정은 관리자만 가능합니다."");const row=(readonlyCache?.officialAttendance||[]).find(item=>String(item.id)===String(button.dataset.officialEdit));if(row)openOfficialAttendanceEditor(row);});"
"render","10175","$$(`[data-official-edit]`).forEach(button=>button.onclick=()=>{if(currentRoleId()!==""admin"")return toast(""공결 수정은 관리자만 가능합니다."");const row=(readonlyCache?.officialAttendance||[]).find(item=>String(item.id)===String(button.dataset.officialEdit));if(row)openOfficialAttendanceEditor(row);}); $$(`[data-official-delete]`).forEach(button=>button.onclick=()=>{if(currentRoleId()!==""admin"")return toast(""공결 삭제는 관리자만 가능합니다."");const row=(readonlyCache?.officialAttendance||[]).find(item=>String(item.id)===String(button.dataset.officialDelete));if(row)deleteOfficialAttendanceRow(row);}); $$(`[data-late-class]`).forEach((button) => { button.onclick = () => { lateClassFilter = button.dataset.lateClass || ""all""; render(""attendance""); }; }); $(""#lateAttendanceAdd"")?.addEventListener(""click"",()=>openLateAttendanceEditor()); $$(`[data-night-class]`).forEach((button) => { button.onclick = () => { nightClassFilter = button.dataset.nightClass || ""1""; render(""attendance""); }; });"
"render","10177","$$(`[data-late-class]`).forEach((button) => { button.onclick = () => { lateClassFilter = button.dataset.lateClass || ""all""; render(""attendance""); }; }); $(""#lateAttendanceAdd"")?.addEventListener(""click"",()=>openLateAttendanceEditor()); $$(`[data-night-class]`).forEach((button) => { button.onclick = () => { nightClassFilter = button.dataset.nightClass || ""1""; render(""attendance""); }; }); const selectedNightDate = document.querySelector('.night-month-matrix th.selected-day'); if (selectedNightDate) requestAnimationFrame(() => selectedNightDate.scrollIntoView({block:'nearest', inline:'center'}));"
"render","10212","} if (page === ""records"" || page === ""sdgs"") { $$('[data-record-mode]').forEach(button=>button.onclick=()=>{recordMode=button.dataset.recordMode||'activities';render('records');}); $$('[data-record-query]').forEach(button=>button.onclick=()=>{recordQueryMode=button.dataset.recordQuery||'class';render('records');}); $$('[data-record-class]').forEach(button=>button.onclick=()=>{recordClassNo=button.dataset.recordClass||'1';const first=(readonlyCache?.students||[]).find(s=>recordStudentClass(s)===recordClassNo);if(first)recordStudentId=first.id;render('records');});"
"render","10213","if (page === ""records"" || page === ""sdgs"") { $$('[data-record-mode]').forEach(button=>button.onclick=()=>{recordMode=button.dataset.recordMode||'activities';render('records');}); $$('[data-record-query]').forEach(button=>button.onclick=()=>{recordQueryMode=button.dataset.recordQuery||'class';render('records');}); $$('[data-record-class]').forEach(button=>button.onclick=()=>{recordClassNo=button.dataset.recordClass||'1';const first=(readonlyCache?.students||[]).find(s=>recordStudentClass(s)===recordClassNo);if(first)recordStudentId=first.id;render('records');}); $('[data-curriculum-error-only]')?.addEventListener('click',()=>{recordCurriculumErrorOnly=!recordCurriculumErrorOnly;render('records');});"
"render","10214","$$('[data-record-mode]').forEach(button=>button.onclick=()=>{recordMode=button.dataset.recordMode||'activities';render('records');}); $$('[data-record-query]').forEach(button=>button.onclick=()=>{recordQueryMode=button.dataset.recordQuery||'class';render('records');}); $$('[data-record-class]').forEach(button=>button.onclick=()=>{recordClassNo=button.dataset.recordClass||'1';const first=(readonlyCache?.students||[]).find(s=>recordStudentClass(s)===recordClassNo);if(first)recordStudentId=first.id;render('records');}); $('[data-curriculum-error-only]')?.addEventListener('click',()=>{recordCurriculumErrorOnly=!recordCurriculumErrorOnly;render('records');}); $('[data-generate-bulk-curriculum-message]')?.addEventListener('click',()=>{const students=(readonlyCache?.students||[]).filter(s=>recordStudentClass(s)===String(recordClassNo)&&selectionErrorsForStudent(s).length>0).sort((a,b)=>Number(a.number||0)-Number(b.number||0));const panel=$('#curriculumBulkPanel'),box=$('#curriculumBulkMessageText');if(!students.length)return toast('현재 반에 오류학생이 없습니다.');if(box)box.value=buildBulkCurriculumMessages(students);if(panel){panel.hidden=false;panel.scrollIntoView({behavior:'smooth',block:'start'});}toast(`${students.length}명의 안내문을 생성했습니다.`);});"
"render","10215","$$('[data-record-query]').forEach(button=>button.onclick=()=>{recordQueryMode=button.dataset.recordQuery||'class';render('records');}); $$('[data-record-class]').forEach(button=>button.onclick=()=>{recordClassNo=button.dataset.recordClass||'1';const first=(readonlyCache?.students||[]).find(s=>recordStudentClass(s)===recordClassNo);if(first)recordStudentId=first.id;render('records');}); $('[data-curriculum-error-only]')?.addEventListener('click',()=>{recordCurriculumErrorOnly=!recordCurriculumErrorOnly;render('records');}); $('[data-generate-bulk-curriculum-message]')?.addEventListener('click',()=>{const students=(readonlyCache?.students||[]).filter(s=>recordStudentClass(s)===String(recordClassNo)&&selectionErrorsForStudent(s).length>0).sort((a,b)=>Number(a.number||0)-Number(b.number||0));const panel=$('#curriculumBulkPanel'),box=$('#curriculumBulkMessageText');if(!students.length)return toast('현재 반에 오류학생이 없습니다.');if(box)box.value=buildBulkCurriculumMessages(students);if(panel){panel.hidden=false;panel.scrollIntoView({behavior:'smooth',block:'start'});}toast(`${students.length}명의 안내문을 생성했습니다.`);}); $('[data-copy-bulk-curriculum-message]')?.addEventListener('click',async()=>{const text=$('#curriculumBulkMessageText')?.value||'';if(!text)return toast('먼저 일괄 문구를 생성해 주세요.');try{await navigator.clipboard.writeText(text);toast('오류학생 전체 안내문을 복사했습니다.');}catch{const box=$('#curriculumBulkMessageText');box?.select();document.execCommand('copy');toast('오류학생 전체 안내문을 복사했습니다.');}});"
"render","10218","$('[data-generate-bulk-curriculum-message]')?.addEventListener('click',()=>{const students=(readonlyCache?.students||[]).filter(s=>recordStudentClass(s)===String(recordClassNo)&&selectionErrorsForStudent(s).length>0).sort((a,b)=>Number(a.number||0)-Number(b.number||0));const panel=$('#curriculumBulkPanel'),box=$('#curriculumBulkMessageText');if(!students.length)return toast('현재 반에 오류학생이 없습니다.');if(box)box.value=buildBulkCurriculumMessages(students);if(panel){panel.hidden=false;panel.scrollIntoView({behavior:'smooth',block:'start'});}toast(`${students.length}명의 안내문을 생성했습니다.`);}); $('[data-copy-bulk-curriculum-message]')?.addEventListener('click',async()=>{const text=$('#curriculumBulkMessageText')?.value||'';if(!text)return toast('먼저 일괄 문구를 생성해 주세요.');try{await navigator.clipboard.writeText(text);toast('오류학생 전체 안내문을 복사했습니다.');}catch{const box=$('#curriculumBulkMessageText');box?.select();document.execCommand('copy');toast('오류학생 전체 안내문을 복사했습니다.');}}); $$('[data-record-student]').forEach(button=>button.onclick=()=>{recordStudentId=button.dataset.recordStudent;recordQueryMode='student';render('records');}); $$('[data-record-back-class]').forEach(button=>button.onclick=()=>{recordQueryMode='class';render('records');}); const select=$(""#recordStudentSelect""); if(select) select.onchange=()=>{recordStudentId=select.value;render('records');};"
"render","10219","$('[data-copy-bulk-curriculum-message]')?.addEventListener('click',async()=>{const text=$('#curriculumBulkMessageText')?.value||'';if(!text)return toast('먼저 일괄 문구를 생성해 주세요.');try{await navigator.clipboard.writeText(text);toast('오류학생 전체 안내문을 복사했습니다.');}catch{const box=$('#curriculumBulkMessageText');box?.select();document.execCommand('copy');toast('오류학생 전체 안내문을 복사했습니다.');}}); $$('[data-record-student]').forEach(button=>button.onclick=()=>{recordStudentId=button.dataset.recordStudent;recordQueryMode='student';render('records');}); $$('[data-record-back-class]').forEach(button=>button.onclick=()=>{recordQueryMode='class';render('records');}); const select=$(""#recordStudentSelect""); if(select) select.onchange=()=>{recordStudentId=select.value;render('records');}; $('[data-copy-curriculum-message]')?.addEventListener('click',async()=>{const text=$('#curriculumMessageText')?.value||'';if(!text)return toast('복사할 안내문이 없습니다.');try{await navigator.clipboard.writeText(text);toast('선택과목 안내문을 복사했습니다.');}catch{const box=$('#curriculumMessageText');box?.select();document.execCommand('copy');toast('선택과목 안내문을 복사했습니다.');}});"
"render","10220","$$('[data-record-student]').forEach(button=>button.onclick=()=>{recordStudentId=button.dataset.recordStudent;recordQueryMode='student';render('records');}); $$('[data-record-back-class]').forEach(button=>button.onclick=()=>{recordQueryMode='class';render('records');}); const select=$(""#recordStudentSelect""); if(select) select.onchange=()=>{recordStudentId=select.value;render('records');}; $('[data-copy-curriculum-message]')?.addEventListener('click',async()=>{const text=$('#curriculumMessageText')?.value||'';if(!text)return toast('복사할 안내문이 없습니다.');try{await navigator.clipboard.writeText(text);toast('선택과목 안내문을 복사했습니다.');}catch{const box=$('#curriculumMessageText');box?.select();document.execCommand('copy');toast('선택과목 안내문을 복사했습니다.');}}); $$('[data-open-student-dashboard]').forEach(button=>button.onclick=()=>{const index=(readonlyCache?.students||[]).findIndex(s=>s.id===button.dataset.openStudentDashboard);if(index>=0)openStudentDrawer(index);});"
"render","10223","$('[data-copy-curriculum-message]')?.addEventListener('click',async()=>{const text=$('#curriculumMessageText')?.value||'';if(!text)return toast('복사할 안내문이 없습니다.');try{await navigator.clipboard.writeText(text);toast('선택과목 안내문을 복사했습니다.');}catch{const box=$('#curriculumMessageText');box?.select();document.execCommand('copy');toast('선택과목 안내문을 복사했습니다.');}}); $$('[data-open-student-dashboard]').forEach(button=>button.onclick=()=>{const index=(readonlyCache?.students||[]).findIndex(s=>s.id===button.dataset.openStudentDashboard);if(index>=0)openStudentDrawer(index);}); $$('[data-record-writer-area]').forEach(button=>button.onclick=()=>{recordWriterArea=button.dataset.recordWriterArea||""autonomy"";recordWriterSelected.clear();render(""records"");}); $$('[data-record-evidence]').forEach(box=>box.onchange=()=>{box.checked?recordWriterSelected.add(box.dataset.recordEvidence):recordWriterSelected.delete(box.dataset.recordEvidence);const counter=document.querySelector("".record-evidence-actions span"");if(counter)counter.textContent=`${recordWriterSelected.size}건 선택`;}); $(""[data-record-evidence-all]"")?.addEventListener(""click"",()=>{document.querySelectorAll(""[data-record-evidence]"").forEach(box=>{box.checked=true;recordWriterSelected.add(box.dataset.recordEvidence);});render(""records"");});"
"render","10225","$$('[data-record-writer-area]').forEach(button=>button.onclick=()=>{recordWriterArea=button.dataset.recordWriterArea||""autonomy"";recordWriterSelected.clear();render(""records"");}); $$('[data-record-evidence]').forEach(box=>box.onchange=()=>{box.checked?recordWriterSelected.add(box.dataset.recordEvidence):recordWriterSelected.delete(box.dataset.recordEvidence);const counter=document.querySelector("".record-evidence-actions span"");if(counter)counter.textContent=`${recordWriterSelected.size}건 선택`;}); $(""[data-record-evidence-all]"")?.addEventListener(""click"",()=>{document.querySelectorAll(""[data-record-evidence]"").forEach(box=>{box.checked=true;recordWriterSelected.add(box.dataset.recordEvidence);});render(""records"");}); $(""[data-record-evidence-clear]"")?.addEventListener(""click"",()=>{recordWriterSelected.clear();render(""records"");}); const draft=$(""#recordDraftText"");if(draft)draft.oninput=()=>{const count=$(""#recordCharCount"");if(count)count.textContent=`${draft.value.length}/${recordAreaLimit(recordWriterArea)}자`;};"
"render","10226","$$('[data-record-evidence]').forEach(box=>box.onchange=()=>{box.checked?recordWriterSelected.add(box.dataset.recordEvidence):recordWriterSelected.delete(box.dataset.recordEvidence);const counter=document.querySelector("".record-evidence-actions span"");if(counter)counter.textContent=`${recordWriterSelected.size}건 선택`;}); $(""[data-record-evidence-all]"")?.addEventListener(""click"",()=>{document.querySelectorAll(""[data-record-evidence]"").forEach(box=>{box.checked=true;recordWriterSelected.add(box.dataset.recordEvidence);});render(""records"");}); $(""[data-record-evidence-clear]"")?.addEventListener(""click"",()=>{recordWriterSelected.clear();render(""records"");}); const draft=$(""#recordDraftText"");if(draft)draft.oninput=()=>{const count=$(""#recordCharCount"");if(count)count.textContent=`${draft.value.length}/${recordAreaLimit(recordWriterArea)}자`;}; $(""[data-record-generate]"")?.addEventListener(""click"",()=>{const student=(readonlyCache?.students||[]).find(s=>s.id===recordStudentId);if(!student)return;const bundle=studentRecordBundle(student);const allRows=recordEvidenceRows(student,bundle,recordWriterArea);let selected=allRows.filter(row=>recordWriterSelected.has(row.id));if(!selected.length){if(recordWriterArea===""behavior""){selected=allRows.filter(row=>row.kind===""activity""||row.report).slice(0,12);}else return toast(""초안에 사용할 프로그램이나 보고서를 선택하세요."");}const result=buildIntegratedRecordDraft(student,bundle,selected,recordWriterArea,recordAreaLimit(recordWriterArea));if(!result)return toast(""확인 가능한 근거가 부족합니다. 담임 관찰 항목을 확인하세요."");if(draft){draft.value=result;draft.dispatchEvent(new Event(""input""));}const issues=runRecordRuleCheck(result,recordWriterArea);const target=$(""#recordRuleResult"");if(target)target.innerHTML=issues.length?`<b>초안 생성 · 검토 필요 ${issues.length}건</b><span>${issues.map(escapeHtml).join("" · "")}</span>`:`<b>규칙 기반 초안 생성 완료</b><span>학교 검증 절대규칙·금지표현 및 교사 관찰형 종결을 적용했습니다.</span>`;toast(""학생 해석과 선택 근거를 결합해 규칙 기반 초안을 만들었습니다."");});"
"render","10256","const target=$(""#recordFeedbackText"");if(target)target.value=`${student.name} 학생, 제출한 보고서를 확인했습니다.\n${lines.join(""\n"")}\n보완 후 같은 구글폼으로 다시 제출해 주세요. 최신 제출본을 최종본으로 반영합니다.`; }); $$(""[data-sdgs-detail]"").forEach(button=>button.onclick=()=>{recordSdgsDetail=button.dataset.sdgsDetail||"""";render(""records"");}); $$(""[data-observation-tag]"").forEach(box=>box.onchange=()=>{ const student=currentRecordStudent();if(!student)return;"
"render","10270","} if (page === ""alerts"" || (page === ""outputs"" && outputHubMode === ""alerts"")) { const rerenderStudentAlerts=()=>render(page === ""outputs"" ? ""outputs"" : ""alerts""); $$(`[data-student-alert-mode]`).forEach(button=>button.onclick=()=>{studentAlertMode=button.dataset.studentAlertMode||""all"";rerenderStudentAlerts();}); $$(`[data-student-alert-class]`).forEach(button=>button.onclick=()=>{studentAlertClass=button.dataset.studentAlertClass||""all"";rerenderStudentAlerts();});"
"render","10340","task.completedAt=x.checked?new Date().toISOString():""""; await save(); render(page); toast(x.checked?""업무를 완료 처리했습니다."":""업무를 다시 진행 목록으로 옮겼습니다.""); };"
"render","10353","t.completedAt=x.checked?new Date().toISOString():""""; await save(); render(page); }), );"
"render","10360","(x.onclick = () => { helpOpen = helpOpen === x.dataset.help ? """" : x.dataset.help; render(state.activePage===""settings""?""settings"":""help""); }), );"
"render","10375","(x) => (x.onclick = () => navigate(x.dataset.page)), ); $$('[data-calendar-hub]').forEach(button=>button.onclick=()=>{calendarHubMode=button.dataset.calendarHub||'schedule';render('calendar');}); $$('[data-work-embedded]').forEach(button=>button.onclick=()=>{workEmbeddedMode=button.dataset.workEmbedded||'home';render('work');}); $$('[data-output-hub]').forEach(button=>button.onclick=()=>{outputHubMode=button.dataset.outputHub||'alerts';outputCenterState.home=true;render('outputs');});"
"render","10376","); $$('[data-calendar-hub]').forEach(button=>button.onclick=()=>{calendarHubMode=button.dataset.calendarHub||'schedule';render('calendar');}); $$('[data-work-embedded]').forEach(button=>button.onclick=()=>{workEmbeddedMode=button.dataset.workEmbedded||'home';render('work');}); $$('[data-output-hub]').forEach(button=>button.onclick=()=>{outputHubMode=button.dataset.outputHub||'alerts';outputCenterState.home=true;render('outputs');}); $$('[data-settings-panel]').forEach(button=>button.onclick=()=>{settingsPanel=button.dataset.settingsPanel||'basic';render('settings');});"
"render","10377","$$('[data-calendar-hub]').forEach(button=>button.onclick=()=>{calendarHubMode=button.dataset.calendarHub||'schedule';render('calendar');}); $$('[data-work-embedded]').forEach(button=>button.onclick=()=>{workEmbeddedMode=button.dataset.workEmbedded||'home';render('work');}); $$('[data-output-hub]').forEach(button=>button.onclick=()=>{outputHubMode=button.dataset.outputHub||'alerts';outputCenterState.home=true;render('outputs');}); $$('[data-settings-panel]').forEach(button=>button.onclick=()=>{settingsPanel=button.dataset.settingsPanel||'basic';render('settings');}); $$('[data-sensitive-password-set]').forEach(button=>button.onclick=async()=>{await setSensitivePasswordFlow();});"
"render","10378","$$('[data-work-embedded]').forEach(button=>button.onclick=()=>{workEmbeddedMode=button.dataset.workEmbedded||'home';render('work');}); $$('[data-output-hub]').forEach(button=>button.onclick=()=>{outputHubMode=button.dataset.outputHub||'alerts';outputCenterState.home=true;render('outputs');}); $$('[data-settings-panel]').forEach(button=>button.onclick=()=>{settingsPanel=button.dataset.settingsPanel||'basic';render('settings');}); $$('[data-sensitive-password-set]').forEach(button=>button.onclick=async()=>{await setSensitivePasswordFlow();}); $$('[data-sensitive-lock]').forEach(button=>button.onclick=()=>{lockSensitiveSession();toast('민감정보를 잠갔습니다.');if(state.activePage==='settings')render('settings');});"
"render","10380","$$('[data-settings-panel]').forEach(button=>button.onclick=()=>{settingsPanel=button.dataset.settingsPanel||'basic';render('settings');}); $$('[data-sensitive-password-set]').forEach(button=>button.onclick=async()=>{await setSensitivePasswordFlow();}); $$('[data-sensitive-lock]').forEach(button=>button.onclick=()=>{lockSensitiveSession();toast('민감정보를 잠갔습니다.');if(state.activePage==='settings')render('settings');}); $$('[data-screen-setting]').forEach(button=>button.onclick=async()=>{const key=button.dataset.screenSetting;if(key==='alwaysOnTop'){state.settings.alwaysOnTop=!state.settings.alwaysOnTop;await save();await window.schoolBoard?.setAlwaysOnTop?.(state.settings.alwaysOnTop);render('settings');}else if(key==='layoutLocked'){state.settings.layoutLocked=!state.settings.layoutLocked;await save();render('settings');}}); $$(""[data-calendar-sync]"").forEach((button) => (button.onclick = async () => {"
"render","10381","$$('[data-sensitive-password-set]').forEach(button=>button.onclick=async()=>{await setSensitivePasswordFlow();}); $$('[data-sensitive-lock]').forEach(button=>button.onclick=()=>{lockSensitiveSession();toast('민감정보를 잠갔습니다.');if(state.activePage==='settings')render('settings');}); $$('[data-screen-setting]').forEach(button=>button.onclick=async()=>{const key=button.dataset.screenSetting;if(key==='alwaysOnTop'){state.settings.alwaysOnTop=!state.settings.alwaysOnTop;await save();await window.schoolBoard?.setAlwaysOnTop?.(state.settings.alwaysOnTop);render('settings');}else if(key==='layoutLocked'){state.settings.layoutLocked=!state.settings.layoutLocked;await save();render('settings');}}); $$(""[data-calendar-sync]"").forEach((button) => (button.onclick = async () => { button.disabled = true;"
"render","10381","$$('[data-sensitive-password-set]').forEach(button=>button.onclick=async()=>{await setSensitivePasswordFlow();}); $$('[data-sensitive-lock]').forEach(button=>button.onclick=()=>{lockSensitiveSession();toast('민감정보를 잠갔습니다.');if(state.activePage==='settings')render('settings');}); $$('[data-screen-setting]').forEach(button=>button.onclick=async()=>{const key=button.dataset.screenSetting;if(key==='alwaysOnTop'){state.settings.alwaysOnTop=!state.settings.alwaysOnTop;await save();await window.schoolBoard?.setAlwaysOnTop?.(state.settings.alwaysOnTop);render('settings');}else if(key==='layoutLocked'){state.settings.layoutLocked=!state.settings.layoutLocked;await save();render('settings');}}); $$(""[data-calendar-sync]"").forEach((button) => (button.onclick = async () => { button.disabled = true;"
"render","10397","button.disabled = false; button.textContent = original; render(state.activePage); toast(`${result.sheetName} 3월~다음 해 2월 일정 ${result.count}건을 반영했습니다.${result.failedSheets?.length?` (${result.failedSheets.length}개 월 확인 필요)`:""""}`); }));"
"render","10405","state.calendarMode = x.dataset.calendarMode; await save(); render(page); }), );"
"render","10410","$$('[data-calendar-filter]').forEach((button) => (button.onclick = async () => { calendarFilter = button.dataset.calendarFilter || ""all""; render(page); })); $$('[data-calendar-date]').forEach((button) => (button.onclick = async (event) => {"
"render","10415","event.stopPropagation(); calendarSelectedDate = button.dataset.calendarDate || dateKey(today); render(page); })); $$('[data-calendar-month-shift]').forEach((button) => (button.onclick = async () => {"
"render","10421","current.setMonth(current.getMonth() + Number(button.dataset.calendarMonthShift || 0), 1); calendarSelectedDate = dateKey(current); render(page); })); $$('[data-calendar-week-shift]').forEach((button) => (button.onclick = async () => {"
"render","10427","current.setDate(current.getDate() + Number(button.dataset.calendarWeekShift || 0) * 7); calendarSelectedDate = dateKey(current); render(page); })); $$('[data-calendar-today]').forEach((button) => (button.onclick = async () => {"
"render","10431","$$('[data-calendar-today]').forEach((button) => (button.onclick = async () => { calendarSelectedDate = dateKey(today); render(page); })); $$('[data-dashboard-month-shift]').forEach((button) => (button.onclick = () => {"
"render","10437","current.setMonth(current.getMonth() + Number(button.dataset.dashboardMonthShift || 0), 1); dashboardMonthDate = dateKey(current); render('dashboard'); })); $$('[data-dashboard-month-today]').forEach((button) => (button.onclick = () => { dashboardMonthDate = dateKey(today); dashboardSelectedDate=dateKey(today); render('dashboard'); }));"
"render","10439","render('dashboard'); })); $$('[data-dashboard-month-today]').forEach((button) => (button.onclick = () => { dashboardMonthDate = dateKey(today); dashboardSelectedDate=dateKey(today); render('dashboard'); })); $$('[data-dashboard-week-shift]').forEach((button) => (button.onclick = () => { const current = new Date(`${dashboardWeekDate || dateKey(today)}T12:00:00`);"
"render","10444","current.setDate(current.getDate() + Number(button.dataset.dashboardWeekShift || 0) * 7); dashboardWeekDate = dateKey(current); render('dashboard'); })); $$('[data-dashboard-week-today]').forEach((button) => (button.onclick = () => { dashboardWeekDate = dateKey(today); render('dashboard'); }));"
"render","10446","render('dashboard'); })); $$('[data-dashboard-week-today]').forEach((button) => (button.onclick = () => { dashboardWeekDate = dateKey(today); render('dashboard'); })); $$('[data-dashboard-calendar-date]').forEach((button) => (button.onclick = (event) => { event.preventDefault();"
"render","10457","})); $$('[data-dashboard-student-status]').forEach((button) => (button.onclick = (event) => { event.preventDefault(); event.stopPropagation(); openDashboardStudentStatus(button.dataset.dashboardStudentStatus); })); $$('[data-counsel-student]').forEach((button) => (button.onclick = (event) => { event.preventDefault(); event.stopPropagation(); if(studentPageMode==='counsel'){ studentCounselSelectedStudentId=button.dataset.counselStudent||''; render('students'); requestAnimationFrame(()=>document.querySelector('.counsel-right-column')?.scrollIntoView({block:'nearest'})); } else { openDashboardCounselDialog(button.dataset.counselStudent); } })); $$('[data-dashboard-calendar-mode]').forEach((button) => (button.onclick = () => { dashboardCalendarMode=button.dataset.dashboardCalendarMode||'month'; render('dashboard'); })); $$('[data-dashboard-calendar-full]').forEach((button) => (button.onclick = (event) => {"
"render","10458","$$('[data-dashboard-student-status]').forEach((button) => (button.onclick = (event) => { event.preventDefault(); event.stopPropagation(); openDashboardStudentStatus(button.dataset.dashboardStudentStatus); })); $$('[data-counsel-student]').forEach((button) => (button.onclick = (event) => { event.preventDefault(); event.stopPropagation(); if(studentPageMode==='counsel'){ studentCounselSelectedStudentId=button.dataset.counselStudent||''; render('students'); requestAnimationFrame(()=>document.querySelector('.counsel-right-column')?.scrollIntoView({block:'nearest'})); } else { openDashboardCounselDialog(button.dataset.counselStudent); } })); $$('[data-dashboard-calendar-mode]').forEach((button) => (button.onclick = () => { dashboardCalendarMode=button.dataset.dashboardCalendarMode||'month'; render('dashboard'); })); $$('[data-dashboard-calendar-full]').forEach((button) => (button.onclick = (event) => { event.preventDefault();"
"render","10484","); $$(""[data-school-hours-popup]"").forEach((x)=>(x.onclick=()=>openSchoolHoursPopup())); $$('[data-dashboard-tt-week-shift]').forEach(button=>button.onclick=()=>{const current=new Date(`${dashboardWeekDate||dateKey(today)}T12:00:00`);current.setDate(current.getDate()+Number(button.dataset.dashboardTtWeekShift||0)*7);dashboardWeekDate=dateKey(current);render(""dashboard"");}); $$('[data-mail-alert]').forEach(input=>input.onchange=async()=>{state.settings.mailAlerts=state.settings.mailAlerts||{};state.settings.mailAlerts[input.dataset.mailAlert]=input.checked;await save();toast(""메일 알림 설정을 저장했습니다."");}); $$('[data-dashboard-timetable-mode]').forEach(button=>button.onclick=()=>{dashboardTimetableMode=button.dataset.dashboardTimetableMode||""day"";render(""dashboard"");});"
"render","10486","$$('[data-dashboard-tt-week-shift]').forEach(button=>button.onclick=()=>{const current=new Date(`${dashboardWeekDate||dateKey(today)}T12:00:00`);current.setDate(current.getDate()+Number(button.dataset.dashboardTtWeekShift||0)*7);dashboardWeekDate=dateKey(current);render(""dashboard"");}); $$('[data-mail-alert]').forEach(input=>input.onchange=async()=>{state.settings.mailAlerts=state.settings.mailAlerts||{};state.settings.mailAlerts[input.dataset.mailAlert]=input.checked;await save();toast(""메일 알림 설정을 저장했습니다."");}); $$('[data-dashboard-timetable-mode]').forEach(button=>button.onclick=()=>{dashboardTimetableMode=button.dataset.dashboardTimetableMode||""day"";render(""dashboard"");}); $$('[data-dashboard-night-program]').forEach(button=>button.onclick=(event)=>{event.stopPropagation();openDashboardNightProgram(button.dataset.dashboardNightProgram,button.dataset.dashboardNightProgramDay);}); $$('[data-dashboard-night-day][data-dashboard-night-slot]').forEach(button=>button.onclick=()=>openDashboardNightSlot(button.dataset.dashboardNightDay,button.dataset.dashboardNightSlot));"
"render","10501","} }; if(studentTimetableSelect)studentTimetableSelect.onchange=()=>{studentTimetableSelectedId=studentTimetableSelect.value||"""";render(calendarHubMode===""timetable""?""calendar"":""timetable"");}; $$(""[data-student]"").forEach( (x) => (x.onclick = () => {"
"render","10506","const index=Number(x.dataset.student); const heatStudent=(readonlyCache?.students||[])[index]; if(heatStudent)touchStudentCardHeat(heatStudent); if(page===""students"") { studentDashboardIndex=index; selectedStudentId=(readonlyCache?.students||[])[index]?.id||(readonlyCache?.students||[])[index]?.studentNo||""""; studentDashboardSubmode=""dashboard""; studentPageMode=""dashboard""; render(""students""); window.scrollTo(0,0); } else openStudentDrawer(index); }),"
"render","10533","window.schoolBoard.setAlwaysOnTop(state.settings[key]); await save(); render(""settings""); }), );"
"render","10563","state.timetableTab = x.dataset.timetableTab; await save(); render(calendarHubMode===""timetable""?""calendar"":""timetable""); }), );"
"render","10575","); const teacherSearch = $(""#teacherTimetableSearch""); const showTeacherTimetable=async teacher=>{const name=String(teacher||"""").trim();if(!name)return toast(""교사 이름을 선택하세요."");state.settings.comciganTeacher=name;await save();render(calendarHubMode===""timetable""?""calendar"":""timetable"");}; $$('[data-teacher-name]').forEach(button => button.onclick = () => showTeacherTimetable(button.dataset.teacherName || """")); const teacherApply=$(""#teacherTimetableApply"");"
"render","10594","state.settings.neis.classNo=$(""#inlineTimetableClass"")?.value||state.settings.neis.classNo; const selected=dateOverride||$(""#inlineTimetableDate"")?.value||dateKey(new Date()); await save();await loadNeisDashboard(force,selected);render(calendarHubMode===""timetable""?""calendar"":""timetable""); }; inlineForm.onsubmit=async event=>{event.preventDefault();await inlineQuery(true);};"
"render","10604","$$('[data-neis-refresh], [data-neis-retry]').forEach((x) => (x.onclick = () => loadNeisDashboard(true))); $$('[data-meal-open]').forEach((x) => (x.onclick = openMealDrawer)); $$('[data-widget-retry]').forEach((x) => (x.onclick = () => x.dataset.widgetRetry === ""meal"" || x.dataset.widgetRetry === ""timetable"" ? loadNeisDashboard(true) : render(page))); $(""[data-setup-wizard]"")?.addEventListener(""click"",()=>openSetupWizard(0)); const neisForm = $(""#neisSettingsForm"");"
"render","10633","$$('[data-open-issue-report]').forEach(button=>button.onclick=openIssueReportDialog); $$('[data-open-issue-manager]').forEach(button=>button.onclick=()=>{if(currentRoleId()!=='admin')return toast('관리자만 신고 관리 화면을 열 수 있습니다.');openIssueManager();}); $$('[data-run-health-check]').forEach(button=>button.onclick=async()=>{button.disabled=true;button.textContent='진단 중…';const result=await window.schoolBoard?.previewReadonlySync?.().catch(()=>null);if(result?.ok){readonlyCache=result.data;googleConnectionError='';}else if(result?.reason){googleConnectionError=result.reason;}button.disabled=false;render('settings');toast(googleConnectionError?'연결 진단에서 확인할 항목이 있습니다.':'필수 연결이 정상입니다.');}); $$('[data-access-control]').forEach(button=>button.onclick=()=>openAccessControlPanel()); $$('[data-inline-access-refresh]').forEach(button=>button.onclick=async()=>{const result=await window.schoolBoard?.readReadonlyCache?.();if(result?.ok){readonlyCache=result.data;render('settings');toast('사용자 계정표를 새로고침했습니다.');}else toast(result?.reason||'사용자 계정표를 새로고침하지 못했습니다.');});"
"render","10635","$$('[data-run-health-check]').forEach(button=>button.onclick=async()=>{button.disabled=true;button.textContent='진단 중…';const result=await window.schoolBoard?.previewReadonlySync?.().catch(()=>null);if(result?.ok){readonlyCache=result.data;googleConnectionError='';}else if(result?.reason){googleConnectionError=result.reason;}button.disabled=false;render('settings');toast(googleConnectionError?'연결 진단에서 확인할 항목이 있습니다.':'필수 연결이 정상입니다.');}); $$('[data-access-control]').forEach(button=>button.onclick=()=>openAccessControlPanel()); $$('[data-inline-access-refresh]').forEach(button=>button.onclick=async()=>{const result=await window.schoolBoard?.readReadonlyCache?.();if(result?.ok){readonlyCache=result.data;render('settings');toast('사용자 계정표를 새로고침했습니다.');}else toast(result?.reason||'사용자 계정표를 새로고침하지 못했습니다.');}); $$('[data-inline-access-user]').forEach(row=>{const id=row.dataset.inlineAccessUser,account=(readonlyCache?.userAccounts||[]).find(a=>String(a.id)===String(id));if(!account)return;row.querySelector('[data-inline-access-toggle]')?.addEventListener('click',async()=>{const p=currentUserProfile();if(account.active!==false&&String(account.id)===String(p.id))return toast('현재 로그인한 관리자 계정은 자기 자신을 중지할 수 없습니다.');const active=account.active===false;const result=await window.schoolBoard?.updateUserAccount?.({id,active});if(!result?.ok)return toast(result?.reason||'사용자 승인 상태를 저장하지 못했습니다.');const refreshed=await window.schoolBoard?.readReadonlyCache?.();if(refreshed?.ok)readonlyCache=refreshed.data;render('settings');toast(active?'사용 승인을 완료했습니다.':'사용을 중지했습니다.');});row.querySelector('[data-inline-access-save]')?.addEventListener('click',async()=>{const role=row.querySelector('[data-inline-access-role]')?.value||'',grade=row.querySelector('[data-inline-access-grade]')?.value||'1',classNo=row.querySelector('[data-inline-access-class]')?.value||'';const admin=role==='관리자';const result=await window.schoolBoard?.updateUserAccount?.({id,role:admin?'관리자':role,admin,grade,classNo,active:account.active!==false});if(!result?.ok)return toast(result?.reason||'권한을 저장하지 못했습니다.');const refreshed=await window.schoolBoard?.readReadonlyCache?.();if(refreshed?.ok)readonlyCache=refreshed.data;render('settings');toast('사용자 권한을 저장했습니다.');});}); $$('[data-check-update]').forEach(button=>button.onclick=async()=>{const url=$(""#updateManifestUrl"")?.value.trim()||state.settings.updateManifestUrl||"""";if(!url)return toast(""업데이트 정보 JSON 주소를 먼저 입력하세요."");button.disabled=true;button.textContent=""확인 중…"";const result=await window.schoolBoard?.checkUpdate?.(url,APP_VERSION);button.disabled=false;button.textContent=""업데이트 확인"";const box=$(""#updateCheckResult"");if(!result?.ok){if(box)box.innerHTML=`<b>확인 실패</b><small>${escapeHtml(result?.reason||'업데이트 정보를 읽지 못했습니다.')}</small>`;return;}if(box)box.innerHTML=result.updateAvailable?`<b>새 버전 ${escapeHtml(result.version)} 사용 가능</b><small>${escapeHtml(result.notes||'새 버전이 있습니다.')} · 확인경로 ${escapeHtml(result.source||'자동')}</small><button class=""btn primary"" data-apply-update>업데이트 적용</button>`:`<b>최신 버전입니다</b><small>현재 ${APP_VERSION} · 확인경로 ${escapeHtml(result.source||'자동')}</small>`;const apply=$(""[data-apply-update]"");if(apply)apply.onclick=async()=>{if(!result.sha256)return toast(""업데이트 정보에 SHA-256이 없어 자동 적용할 수 없습니다."");if(!confirm(`UEP ${result.version} 업데이트를 적용할까요?\n\n현재 설정·인증·연결 정보는 그대로 유지됩니다. 적용 후 UEP가 자동으로 다시 실행됩니다.`))return;apply.disabled=true;apply.textContent=""다운로드·검증 중…"";const applied=await window.schoolBoard?.applyUpdate?.({version:result.version,downloadUrl:result.downloadUrl,sha256:result.sha256});if(!applied?.ok){apply.disabled=false;apply.textContent=""업데이트 적용"";return toast(applied?.reason||""업데이트 적용에 실패했습니다."");}toast(""업데이트 검증 완료 · UEP를 재시작하여 적용합니다."");};});"
"render","10636","$$('[data-access-control]').forEach(button=>button.onclick=()=>openAccessControlPanel()); $$('[data-inline-access-refresh]').forEach(button=>button.onclick=async()=>{const result=await window.schoolBoard?.readReadonlyCache?.();if(result?.ok){readonlyCache=result.data;render('settings');toast('사용자 계정표를 새로고침했습니다.');}else toast(result?.reason||'사용자 계정표를 새로고침하지 못했습니다.');}); $$('[data-inline-access-user]').forEach(row=>{const id=row.dataset.inlineAccessUser,account=(readonlyCache?.userAccounts||[]).find(a=>String(a.id)===String(id));if(!account)return;row.querySelector('[data-inline-access-toggle]')?.addEventListener('click',async()=>{const p=currentUserProfile();if(account.active!==false&&String(account.id)===String(p.id))return toast('현재 로그인한 관리자 계정은 자기 자신을 중지할 수 없습니다.');const active=account.active===false;const result=await window.schoolBoard?.updateUserAccount?.({id,active});if(!result?.ok)return toast(result?.reason||'사용자 승인 상태를 저장하지 못했습니다.');const refreshed=await window.schoolBoard?.readReadonlyCache?.();if(refreshed?.ok)readonlyCache=refreshed.data;render('settings');toast(active?'사용 승인을 완료했습니다.':'사용을 중지했습니다.');});row.querySelector('[data-inline-access-save]')?.addEventListener('click',async()=>{const role=row.querySelector('[data-inline-access-role]')?.value||'',grade=row.querySelector('[data-inline-access-grade]')?.value||'1',classNo=row.querySelector('[data-inline-access-class]')?.value||'';const admin=role==='관리자';const result=await window.schoolBoard?.updateUserAccount?.({id,role:admin?'관리자':role,admin,grade,classNo,active:account.active!==false});if(!result?.ok)return toast(result?.reason||'권한을 저장하지 못했습니다.');const refreshed=await window.schoolBoard?.readReadonlyCache?.();if(refreshed?.ok)readonlyCache=refreshed.data;render('settings');toast('사용자 권한을 저장했습니다.');});}); $$('[data-check-update]').forEach(button=>button.onclick=async()=>{const url=$(""#updateManifestUrl"")?.value.trim()||state.settings.updateManifestUrl||"""";if(!url)return toast(""업데이트 정보 JSON 주소를 먼저 입력하세요."");button.disabled=true;button.textContent=""확인 중…"";const result=await window.schoolBoard?.checkUpdate?.(url,APP_VERSION);button.disabled=false;button.textContent=""업데이트 확인"";const box=$(""#updateCheckResult"");if(!result?.ok){if(box)box.innerHTML=`<b>확인 실패</b><small>${escapeHtml(result?.reason||'업데이트 정보를 읽지 못했습니다.')}</small>`;return;}if(box)box.innerHTML=result.updateAvailable?`<b>새 버전 ${escapeHtml(result.version)} 사용 가능</b><small>${escapeHtml(result.notes||'새 버전이 있습니다.')} · 확인경로 ${escapeHtml(result.source||'자동')}</small><button class=""btn primary"" data-apply-update>업데이트 적용</button>`:`<b>최신 버전입니다</b><small>현재 ${APP_VERSION} · 확인경로 ${escapeHtml(result.source||'자동')}</small>`;const apply=$(""[data-apply-update]"");if(apply)apply.onclick=async()=>{if(!result.sha256)return toast(""업데이트 정보에 SHA-256이 없어 자동 적용할 수 없습니다."");if(!confirm(`UEP ${result.version} 업데이트를 적용할까요?\n\n현재 설정·인증·연결 정보는 그대로 유지됩니다. 적용 후 UEP가 자동으로 다시 실행됩니다.`))return;apply.disabled=true;apply.textContent=""다운로드·검증 중…"";const applied=await window.schoolBoard?.applyUpdate?.({version:result.version,downloadUrl:result.downloadUrl,sha256:result.sha256});if(!applied?.ok){apply.disabled=false;apply.textContent=""업데이트 적용"";return toast(applied?.reason||""업데이트 적용에 실패했습니다."");}toast(""업데이트 검증 완료 · UEP를 재시작하여 적용합니다."");};}); const timetableForm = $(""#timetableNeisForm"");"
"render","10636","$$('[data-access-control]').forEach(button=>button.onclick=()=>openAccessControlPanel()); $$('[data-inline-access-refresh]').forEach(button=>button.onclick=async()=>{const result=await window.schoolBoard?.readReadonlyCache?.();if(result?.ok){readonlyCache=result.data;render('settings');toast('사용자 계정표를 새로고침했습니다.');}else toast(result?.reason||'사용자 계정표를 새로고침하지 못했습니다.');}); $$('[data-inline-access-user]').forEach(row=>{const id=row.dataset.inlineAccessUser,account=(readonlyCache?.userAccounts||[]).find(a=>String(a.id)===String(id));if(!account)return;row.querySelector('[data-inline-access-toggle]')?.addEventListener('click',async()=>{const p=currentUserProfile();if(account.active!==false&&String(account.id)===String(p.id))return toast('현재 로그인한 관리자 계정은 자기 자신을 중지할 수 없습니다.');const active=account.active===false;const result=await window.schoolBoard?.updateUserAccount?.({id,active});if(!result?.ok)return toast(result?.reason||'사용자 승인 상태를 저장하지 못했습니다.');const refreshed=await window.schoolBoard?.readReadonlyCache?.();if(refreshed?.ok)readonlyCache=refreshed.data;render('settings');toast(active?'사용 승인을 완료했습니다.':'사용을 중지했습니다.');});row.querySelector('[data-inline-access-save]')?.addEventListener('click',async()=>{const role=row.querySelector('[data-inline-access-role]')?.value||'',grade=row.querySelector('[data-inline-access-grade]')?.value||'1',classNo=row.querySelector('[data-inline-access-class]')?.value||'';const admin=role==='관리자';const result=await window.schoolBoard?.updateUserAccount?.({id,role:admin?'관리자':role,admin,grade,classNo,active:account.active!==false});if(!result?.ok)return toast(result?.reason||'권한을 저장하지 못했습니다.');const refreshed=await window.schoolBoard?.readReadonlyCache?.();if(refreshed?.ok)readonlyCache=refreshed.data;render('settings');toast('사용자 권한을 저장했습니다.');});}); $$('[data-check-update]').forEach(button=>button.onclick=async()=>{const url=$(""#updateManifestUrl"")?.value.trim()||state.settings.updateManifestUrl||"""";if(!url)return toast(""업데이트 정보 JSON 주소를 먼저 입력하세요."");button.disabled=true;button.textContent=""확인 중…"";const result=await window.schoolBoard?.checkUpdate?.(url,APP_VERSION);button.disabled=false;button.textContent=""업데이트 확인"";const box=$(""#updateCheckResult"");if(!result?.ok){if(box)box.innerHTML=`<b>확인 실패</b><small>${escapeHtml(result?.reason||'업데이트 정보를 읽지 못했습니다.')}</small>`;return;}if(box)box.innerHTML=result.updateAvailable?`<b>새 버전 ${escapeHtml(result.version)} 사용 가능</b><small>${escapeHtml(result.notes||'새 버전이 있습니다.')} · 확인경로 ${escapeHtml(result.source||'자동')}</small><button class=""btn primary"" data-apply-update>업데이트 적용</button>`:`<b>최신 버전입니다</b><small>현재 ${APP_VERSION} · 확인경로 ${escapeHtml(result.source||'자동')}</small>`;const apply=$(""[data-apply-update]"");if(apply)apply.onclick=async()=>{if(!result.sha256)return toast(""업데이트 정보에 SHA-256이 없어 자동 적용할 수 없습니다."");if(!confirm(`UEP ${result.version} 업데이트를 적용할까요?\n\n현재 설정·인증·연결 정보는 그대로 유지됩니다. 적용 후 UEP가 자동으로 다시 실행됩니다.`))return;apply.disabled=true;apply.textContent=""다운로드·검증 중…"";const applied=await window.schoolBoard?.applyUpdate?.({version:result.version,downloadUrl:result.downloadUrl,sha256:result.sha256});if(!applied?.ok){apply.disabled=false;apply.textContent=""업데이트 적용"";return toast(applied?.reason||""업데이트 적용에 실패했습니다."");}toast(""업데이트 검증 완료 · UEP를 재시작하여 적용합니다."");};}); const timetableForm = $(""#timetableNeisForm"");"
"render","10650","neisData = null; neisError = ""저장된 NEIS 자료를 지웠습니다.""; render(""settings""); })); if ($(""#studentTimetableSearchButton""))"
"render","10802","const value=$(""#studentTimetableSelect"")?.value||""""; studentTimetableSelectedId=value; render(""timetable""); } function openWidgetSettings(key) {"
"render","10854","await save(); closeDrawer(); render(state.activePage); toast(""위젯 설정을 저장했습니다.""); };"
"render","11219","$(""#drawer"").classList.add(""program-expanded"");$(""#drawer"").classList.remove(""hidden"");$(""#drawerBackdrop"").classList.remove(""hidden""); $(""#cancelProgramButton"").onclick=()=>id?openProgramDrawer(id):closeDrawer(); $(""#programEditor"").onsubmit=async event=>{event.preventDefault();const title=$(""#programTitle"").value.trim();const updated={id:id||`p${Date.now()}`,date:$(""#programDate"").value,title,actualTitle:title,recordTitle:isAfter?""생활기록부 기록 대상 아님"":($(""#programRecordTitle"")?.value.trim()||title),time:$(""#programTime"").value.trim(),place:$(""#programPlace"").value.trim(),teacher:$(""#programTeacher"").value.trim(),subject:$(""#programSubject"")?.value.trim()||"""",department:$(""#programDepartment"")?.value.trim()||"""",afterType:isAfter?($(""#programAfterType"")?.value||""일반 방과후""):"""",weekdays:isAfter?($(""#programWeekdays"")?.value.trim()||""""):"""",students:$(""#programStudents"").value.split(/\r?\n/).map(parseStudentLine).filter(s=>s.number||s.name).map(s=>{const no=String(s.studentNo||s.number||"""").replace(/\.0$/,"""").trim();const master=(readonlyCache?.students||[]).find(x=>String(x.studentNo||"""")===no);return {...s,studentNo:no,number:master?.number||s.number,name:master?.name||s.name||""이름 미확인"",className:String(master?.className||s.className||"""").replace(/반/g,""""),grade:no.match(/^([123])/)?.[1]||""""};}),memo:$(""#programMemo"").value.trim(),reportRequired:isAfter?false:Boolean($(""#programStudentReport"")?.checked),reportDeadline:isAfter?"""":($(""#programReportDeadline"")?.value||""""),reportFormUrl:isAfter?"""":($(""#programReportFormUrl"")?.value.trim()||""""),reportToAuthority:isAfter?false:Boolean($(""#programAdminReport"")?.checked),reportAgency:isAfter?"""":($(""#programReportAgency"")?.value.trim()||""""),reportAfterDays:isAfter?0:Number($(""#programReportAfterDays"")?.value||0),photoRequired:isAfter?false:Boolean($(""#programPhotoRequired"")?.checked),kind,affectsAttendance:true};const index=state.programs.findIndex(p=>p.id===updated.id);if(index>=0)state.programs[index]=updated;else state.programs.unshift(updated);await save();closeDrawer();render(state.activePage===""programs""?""programs"":""dashboard"");toast(`${isAfter?""방과후 프로그램"":""프로그램""}을 저장했습니다.`);}; }"
"render","11284","$$('[data-notice-target]').forEach(btn=>btn.onclick=()=>{const input=$(""#noticeTargetClass"");if(!input)return;const v=btn.dataset.noticeTarget;if(v==='전체')input.value='전체';else{const current=input.value==='전체'?'':input.value;const parts=[...new Set(current.split(/[,·\s]+/).filter(Boolean).concat(v))];input.value=parts.join(',');}}); const applyKind=()=>{const k=$(""#noticeKind"").value;if(k==='긴급')$(""#noticeTopAlert"").checked=true;};$(""#noticeKind"").onchange=applyKind;applyKind(); $(""#noticeEditorForm"").onsubmit=async(e)=>{e.preventDefault();const k=$(""#noticeKind"").value;if($(""#noticeDeadlineType"").value&&!$(""#noticeDeadline"").value)return toast('마감 유형을 선택한 경우 마감일시도 입력해 주세요.');const payload={id:item.id||'',schoolYear:new Date().getFullYear(),noticeKind:k,type:'공지',title:$(""#noticeTitle"").value.trim(),content:$(""#noticeContent"").value.trim(),targetGrade:$(""#noticeTargetGrade"").value.trim(),targetClass:$(""#noticeTargetClass"").value.trim(),postDate:$(""#noticePostDate"").value,endDate:$(""#noticeEndDate"").value,deadlineType:$(""#noticeDeadlineType"").value,deadline:$(""#noticeDeadlineType"").value?$(""#noticeDeadline"").value:'',department:$(""#noticeDepartment"").value.trim(),author:$(""#noticeAuthor"").value.trim(),confirmRequired:['확인요청','제출요청','종례전달','긴급'].includes(k),submitRequired:k==='제출요청',homeroomNotice:k==='종례전달',important:k==='긴급',topAlert:$(""#noticeTopAlert"").checked||k==='긴급'};const result=await window.schoolBoard?.saveNotice?.(payload);if(!result?.ok)return toast(result?.reason||'공지를 저장하지 못했습니다.');await refreshReadonlyAfterNotice();closeDrawer();workBoardMode='notice';render(state.activePage==='work'?'work':'dashboard');toast(isEdit?'공지를 수정했습니다.':'학교업무 공지를 등록했습니다.');}; $(""#noticeDelete"")?.addEventListener('click',async()=>{if(!confirm('이 공지를 삭제할까요?'))return;const result=await window.schoolBoard?.deleteNotice?.(item.id);if(!result?.ok)return toast(result?.reason||'공지 삭제 실패');await refreshReadonlyAfterNotice();closeDrawer();workBoardMode='notice';render(state.activePage==='work'?'work':'dashboard');toast('공지를 삭제했습니다.');}); }"
"render","11285","const applyKind=()=>{const k=$(""#noticeKind"").value;if(k==='긴급')$(""#noticeTopAlert"").checked=true;};$(""#noticeKind"").onchange=applyKind;applyKind(); $(""#noticeEditorForm"").onsubmit=async(e)=>{e.preventDefault();const k=$(""#noticeKind"").value;if($(""#noticeDeadlineType"").value&&!$(""#noticeDeadline"").value)return toast('마감 유형을 선택한 경우 마감일시도 입력해 주세요.');const payload={id:item.id||'',schoolYear:new Date().getFullYear(),noticeKind:k,type:'공지',title:$(""#noticeTitle"").value.trim(),content:$(""#noticeContent"").value.trim(),targetGrade:$(""#noticeTargetGrade"").value.trim(),targetClass:$(""#noticeTargetClass"").value.trim(),postDate:$(""#noticePostDate"").value,endDate:$(""#noticeEndDate"").value,deadlineType:$(""#noticeDeadlineType"").value,deadline:$(""#noticeDeadlineType"").value?$(""#noticeDeadline"").value:'',department:$(""#noticeDepartment"").value.trim(),author:$(""#noticeAuthor"").value.trim(),confirmRequired:['확인요청','제출요청','종례전달','긴급'].includes(k),submitRequired:k==='제출요청',homeroomNotice:k==='종례전달',important:k==='긴급',topAlert:$(""#noticeTopAlert"").checked||k==='긴급'};const result=await window.schoolBoard?.saveNotice?.(payload);if(!result?.ok)return toast(result?.reason||'공지를 저장하지 못했습니다.');await refreshReadonlyAfterNotice();closeDrawer();workBoardMode='notice';render(state.activePage==='work'?'work':'dashboard');toast(isEdit?'공지를 수정했습니다.':'학교업무 공지를 등록했습니다.');}; $(""#noticeDelete"")?.addEventListener('click',async()=>{if(!confirm('이 공지를 삭제할까요?'))return;const result=await window.schoolBoard?.deleteNotice?.(item.id);if(!result?.ok)return toast(result?.reason||'공지 삭제 실패');await refreshReadonlyAfterNotice();closeDrawer();workBoardMode='notice';render(state.activePage==='work'?'work':'dashboard');toast('공지를 삭제했습니다.');}); }"
"render","11321","await save(); openGradeNotice(id); render(""dashboard""); }; }"
"render","11675","e.currentTarget.classList.toggle(""on"", state.settings.layoutLocked); await save(); if (state.activePage === ""dashboard"") render(""dashboard""); toast(state.settings.layoutLocked ? ""배치를 잠갔습니다."" : ""위젯을 끌어서 배치할 수 있습니다.""); };"
"render","12310","const profile=(typeof currentUserProfile==='function'?currentUserProfile():{})||{}; const result=await window.schoolBoard?.authorizeGoogleUser?.({loginHint:String(profile.email||'')}); if(!result?.ok){googleConnectionError=result?.reason||'학교 공용 연결 확인에 실패했습니다.'; if(typeof toast==='function')toast(googleConnectionError); try{render(state.activePage||'dashboard');}catch{} return;} const status=await window.schoolBoard?.googleCredentialStatus?.();if(status)googleConnectionStatus=status; if(result.syncOk===false){"
"render","12526","const filtered=()=>session.records.filter(r=>(session.classNo===""all""||r.classNo===session.classNo)&&(session.subject===""all""||r.subject===session.subject)&&(session.student===""all""||r.studentNo===session.student)&&(session.scope!==""issues""||activeIssues(r).length)); const highlighted=(text,issues)=>{let html=esc(text);[...new Set(issues.flatMap(i=>i.hits||[]))].sort((a,b)=>b.length-a.length).forEach(hit=>{if(hit)html=html.split(esc(hit)).join('<mark>'+esc(hit)+'</mark>');});return html;}; const render=root=>{const records=filtered(),attention=records.filter(r=>activeIssues(r).length),classes=[...new Set(session.records.map(r=>r.classNo))].sort(),subjects=[...new Set(session.records.map(r=>r.subject))].sort((a,b)=>a.localeCompare(b,""ko"")),students=[...new Map(session.records.filter(r=>r.studentNo).map(r=>[r.studentNo,{studentNo:r.studentNo,name:r.name}])).values()].sort((a,b)=>String(a.studentNo).localeCompare(String(b.studentNo))),box=root.querySelector('[data-neis-results]');if(!box)return;if(!session.records.length){box.innerHTML='<div class=""neis-empty""><b>나이스 교과 세특 엑셀을 불러오면 이곳에서만 검증합니다.</b></div>';return;}box.innerHTML=`<div class=""neis-filter-report""><label>반별<select data-neis-class><option value=""all"">전체 반</option>${classes.map(x=>`<option ${session.classNo===x?'selected':''}>${esc(x)}</option>`).join('')}</select></label><label>과목별<select data-neis-subject><option value=""all"">전체 과목</option>${subjects.map(x=>`<option ${session.subject===x?'selected':''}>${esc(x)}</option>`).join('')}</select></label><label class=""neis-student-filter"">개인별<select data-neis-student><option value=""all"">전체 학생</option>${students.map(x=>`<option value=""${esc(x.studentNo)}"" ${session.student===x.studentNo?'selected':''}>${esc(x.studentNo)} ${esc(x.name)}</option>`).join('')}</select></label><button class=""btn ${session.scope==='issues'?'primary':'secondary'}"" data-neis-errors-only>오류 표시만</button><label class=""neis-dismissed-option""><input type=""checkbox"" data-neis-include-dismissed ${session.includeDismissed?'checked':''}> 해제 항목도 출력</label><button class=""btn primary"" data-neis-print>오류 리포트 출력</button></div><div class=""neis-summary""><button><b>${records.length}</b><span>현재 조회</span></button><button><b>${attention.length}</b><span>오류 학생</span></button><button><b>${records.reduce((n,r)=>n+activeIssues(r).length,0)}</b><span>확인 항목</span></button><em>${esc(session.fileName)} · 현재 실행 중에만 유지</em></div><div class=""neis-record-list"">${records.map(r=>{const issues=session.includeDismissed?r.issues:activeIssues(r);return `<article class=""${issues.length?'attention':'normal'}""><header><div><small>${esc([r.classNo+'반',r.studentNo,r.name,r.subject].filter(Boolean).join(' · '))}</small><h4>${esc(issues.length?issues.map(x=>x.category).join(' · '):'발견 사항 없음')}</h4></div><span>${esc(r.sheet)} ${r.row}행</span></header><p class=""neis-original"">${highlighted(r.text,issues)}</p>${issues.length?`<div class=""neis-issues"">${issues.map(issue=>{const decision=session.decisions[key(r,issue)]||'pending';return `<div class=""${decision}""><b>${esc(issue.category)} · ${esc((issue.hits||[]).join(', '))}</b><span>${esc(issue.reason)}</span><div class=""neis-decision-actions""><button data-neis-confirm=""${esc(key(r,issue))}"" class=""${decision==='confirmed'?'active':''}"">확인</button><button data-neis-dismiss=""${esc(key(r,issue))}"" class=""${decision==='dismissed'?'active':''}"">해제</button></div></div>`;}).join('')}</div>`:'<div class=""neis-pass"">현재 적용 규칙에서 발견된 사항이 없습니다.</div>'}</article>`;}).join('')}</div>`;box.querySelector('[data-neis-class]').onchange=e=>{session.classNo=e.target.value;render(root);};box.querySelector('[data-neis-subject]').onchange=e=>{session.subject=e.target.value;render(root);};box.querySelector('[data-neis-student]').onchange=e=>{session.student=e.target.value;render(root);};box.querySelector('[data-neis-errors-only]').onclick=()=>{session.scope=session.scope==='issues'?'all':'issues';render(root);};box.querySelector('[data-neis-include-dismissed]').onchange=e=>{session.includeDismissed=e.target.checked;render(root);};box.querySelectorAll('[data-neis-confirm]').forEach(b=>b.onclick=()=>{session.decisions[b.dataset.neisConfirm]='confirmed';render(root);});box.querySelectorAll('[data-neis-dismiss]').forEach(b=>b.onclick=()=>{session.decisions[b.dataset.neisDismiss]='dismissed';render(root);});box.querySelector('[data-neis-print]').onclick=()=>{document.body.classList.add('printing-neis-report');window.print();setTimeout(()=>document.body.classList.remove('printing-neis-report'),500);};}; const openRuleManager=root=>{document.querySelector('.neis-rule-modal')?.remove();const modal=document.createElement('div');modal.className='neis-rule-modal';const draw=()=>{modal.innerHTML=`<section><header><div><small>RECORD CHECK RULES</small><h3>오류규칙·금지어 관리</h3><p>규칙을 추가·수정·해제하거나 삭제할 수 있습니다.</p></div><button data-rule-close>×</button></header><div class=""neis-rule-list"">${forbidden.map(([category,rx,enabled],i)=>`<article class=""${enabled===false?'disabled':''}""><input data-rule-category=""${i}"" value=""${esc(category)}""><input data-rule-pattern=""${i}"" value=""${esc(rx.source)}""><button data-rule-toggle=""${i}"">${enabled===false?'사용':'해제'}</button><button data-rule-delete=""${i}"">삭제</button></article>`).join('')}</div><footer><button class=""btn secondary"" data-rule-add>+ 규칙 추가</button><button class=""btn primary"" data-rule-save>저장 후 다시 검사</button></footer></section>`;modal.querySelector('[data-rule-close]').onclick=()=>modal.remove();modal.querySelector('[data-rule-add]').onclick=()=>{forbidden.push(['새 규칙',/새금지어/g,true]);draw();};modal.querySelectorAll('[data-rule-toggle]').forEach(b=>b.onclick=()=>{forbidden[+b.dataset.ruleToggle][2]=forbidden[+b.dataset.ruleToggle][2]===false;draw();});modal.querySelectorAll('[data-rule-delete]').forEach(b=>b.onclick=()=>{if(confirm('이 규칙을 삭제하시겠습니까?')){forbidden.splice(+b.dataset.ruleDelete,1);draw();}});modal.querySelector('[data-rule-save]').onclick=()=>{try{modal.querySelectorAll('[data-rule-category]').forEach(input=>{const i=+input.dataset.ruleCategory,pattern=modal.querySelector(`[data-rule-pattern=""${i}""]`).value;forbidden[i]=[input.value.trim()||'이름 없음',new RegExp(pattern,'gi'),forbidden[i][2]];});saveRules();if(session.sourceSheets)session.records=makeRecords(session.sourceSheets);render(root);modal.remove();toast('검증 규칙을 저장하고 다시 검사했습니다.');}catch(e){toast('정규식 규칙을 확인해 주세요.');}};};draw();document.body.appendChild(modal);}; const mount=host=>{if(document.querySelector('[data-neis-local-validator]'))return;const root=document.createElement('section');root.dataset.neisLocalValidator='1';root.className='neis-record-validator';root.innerHTML='<header><div><small>NEIS LOCAL RECORD CHECK</small><h3>교과 세부능력 및 특기사항 사전 검증</h3><p>반별·과목별·오류만 조회하고, 발견 항목을 확인하거나 해제한 뒤 오류 리포트를 출력합니다.</p></div><div><button class=""btn secondary"" data-neis-rules>검증 규칙</button><button class=""btn primary"" data-neis-open>나이스 엑셀 불러오기</button><button class=""btn secondary"" data-neis-clear>검증자료 지우기</button></div></header><div class=""neis-local-lock"">🔒 원본·판정은 UEP 종료 시 삭제 · 사용자 검증규칙은 이 PC에 저장</div><div data-neis-results></div>';host.insertAdjacentElement('afterend',root);root.querySelector('[data-neis-rules]').onclick=()=>openRuleManager(root);root.querySelector('[data-neis-open]').onclick=async()=>{const result=await window.schoolBoard?.inspectNeisRecordbook?.();if(!result||result.canceled)return;if(!result.ok)return toast(result.reason||'나이스 엑셀을 읽지 못했습니다.');session={fileName:result.fileName||'나이스 엑셀',sourceSheets:result.sheets,records:makeRecords(result.sheets),scope:'all',classNo:'all',subject:'all',student:'all',decisions:{},includeDismissed:false};render(root);};root.querySelector('[data-neis-clear]').onclick=()=>{session={fileName:'',records:[],scope:'all',classNo:'all',subject:'all',student:'all',decisions:{},includeDismissed:false};render(root);};render(root);};"
"render","12526","const filtered=()=>session.records.filter(r=>(session.classNo===""all""||r.classNo===session.classNo)&&(session.subject===""all""||r.subject===session.subject)&&(session.student===""all""||r.studentNo===session.student)&&(session.scope!==""issues""||activeIssues(r).length)); const highlighted=(text,issues)=>{let html=esc(text);[...new Set(issues.flatMap(i=>i.hits||[]))].sort((a,b)=>b.length-a.length).forEach(hit=>{if(hit)html=html.split(esc(hit)).join('<mark>'+esc(hit)+'</mark>');});return html;}; const render=root=>{const records=filtered(),attention=records.filter(r=>activeIssues(r).length),classes=[...new Set(session.records.map(r=>r.classNo))].sort(),subjects=[...new Set(session.records.map(r=>r.subject))].sort((a,b)=>a.localeCompare(b,""ko"")),students=[...new Map(session.records.filter(r=>r.studentNo).map(r=>[r.studentNo,{studentNo:r.studentNo,name:r.name}])).values()].sort((a,b)=>String(a.studentNo).localeCompare(String(b.studentNo))),box=root.querySelector('[data-neis-results]');if(!box)return;if(!session.records.length){box.innerHTML='<div class=""neis-empty""><b>나이스 교과 세특 엑셀을 불러오면 이곳에서만 검증합니다.</b></div>';return;}box.innerHTML=`<div class=""neis-filter-report""><label>반별<select data-neis-class><option value=""all"">전체 반</option>${classes.map(x=>`<option ${session.classNo===x?'selected':''}>${esc(x)}</option>`).join('')}</select></label><label>과목별<select data-neis-subject><option value=""all"">전체 과목</option>${subjects.map(x=>`<option ${session.subject===x?'selected':''}>${esc(x)}</option>`).join('')}</select></label><label class=""neis-student-filter"">개인별<select data-neis-student><option value=""all"">전체 학생</option>${students.map(x=>`<option value=""${esc(x.studentNo)}"" ${session.student===x.studentNo?'selected':''}>${esc(x.studentNo)} ${esc(x.name)}</option>`).join('')}</select></label><button class=""btn ${session.scope==='issues'?'primary':'secondary'}"" data-neis-errors-only>오류 표시만</button><label class=""neis-dismissed-option""><input type=""checkbox"" data-neis-include-dismissed ${session.includeDismissed?'checked':''}> 해제 항목도 출력</label><button class=""btn primary"" data-neis-print>오류 리포트 출력</button></div><div class=""neis-summary""><button><b>${records.length}</b><span>현재 조회</span></button><button><b>${attention.length}</b><span>오류 학생</span></button><button><b>${records.reduce((n,r)=>n+activeIssues(r).length,0)}</b><span>확인 항목</span></button><em>${esc(session.fileName)} · 현재 실행 중에만 유지</em></div><div class=""neis-record-list"">${records.map(r=>{const issues=session.includeDismissed?r.issues:activeIssues(r);return `<article class=""${issues.length?'attention':'normal'}""><header><div><small>${esc([r.classNo+'반',r.studentNo,r.name,r.subject].filter(Boolean).join(' · '))}</small><h4>${esc(issues.length?issues.map(x=>x.category).join(' · '):'발견 사항 없음')}</h4></div><span>${esc(r.sheet)} ${r.row}행</span></header><p class=""neis-original"">${highlighted(r.text,issues)}</p>${issues.length?`<div class=""neis-issues"">${issues.map(issue=>{const decision=session.decisions[key(r,issue)]||'pending';return `<div class=""${decision}""><b>${esc(issue.category)} · ${esc((issue.hits||[]).join(', '))}</b><span>${esc(issue.reason)}</span><div class=""neis-decision-actions""><button data-neis-confirm=""${esc(key(r,issue))}"" class=""${decision==='confirmed'?'active':''}"">확인</button><button data-neis-dismiss=""${esc(key(r,issue))}"" class=""${decision==='dismissed'?'active':''}"">해제</button></div></div>`;}).join('')}</div>`:'<div class=""neis-pass"">현재 적용 규칙에서 발견된 사항이 없습니다.</div>'}</article>`;}).join('')}</div>`;box.querySelector('[data-neis-class]').onchange=e=>{session.classNo=e.target.value;render(root);};box.querySelector('[data-neis-subject]').onchange=e=>{session.subject=e.target.value;render(root);};box.querySelector('[data-neis-student]').onchange=e=>{session.student=e.target.value;render(root);};box.querySelector('[data-neis-errors-only]').onclick=()=>{session.scope=session.scope==='issues'?'all':'issues';render(root);};box.querySelector('[data-neis-include-dismissed]').onchange=e=>{session.includeDismissed=e.target.checked;render(root);};box.querySelectorAll('[data-neis-confirm]').forEach(b=>b.onclick=()=>{session.decisions[b.dataset.neisConfirm]='confirmed';render(root);});box.querySelectorAll('[data-neis-dismiss]').forEach(b=>b.onclick=()=>{session.decisions[b.dataset.neisDismiss]='dismissed';render(root);});box.querySelector('[data-neis-print]').onclick=()=>{document.body.classList.add('printing-neis-report');window.print();setTimeout(()=>document.body.classList.remove('printing-neis-report'),500);};}; const openRuleManager=root=>{document.querySelector('.neis-rule-modal')?.remove();const modal=document.createElement('div');modal.className='neis-rule-modal';const draw=()=>{modal.innerHTML=`<section><header><div><small>RECORD CHECK RULES</small><h3>오류규칙·금지어 관리</h3><p>규칙을 추가·수정·해제하거나 삭제할 수 있습니다.</p></div><button data-rule-close>×</button></header><div class=""neis-rule-list"">${forbidden.map(([category,rx,enabled],i)=>`<article class=""${enabled===false?'disabled':''}""><input data-rule-category=""${i}"" value=""${esc(category)}""><input data-rule-pattern=""${i}"" value=""${esc(rx.source)}""><button data-rule-toggle=""${i}"">${enabled===false?'사용':'해제'}</button><button data-rule-delete=""${i}"">삭제</button></article>`).join('')}</div><footer><button class=""btn secondary"" data-rule-add>+ 규칙 추가</button><button class=""btn primary"" data-rule-save>저장 후 다시 검사</button></footer></section>`;modal.querySelector('[data-rule-close]').onclick=()=>modal.remove();modal.querySelector('[data-rule-add]').onclick=()=>{forbidden.push(['새 규칙',/새금지어/g,true]);draw();};modal.querySelectorAll('[data-rule-toggle]').forEach(b=>b.onclick=()=>{forbidden[+b.dataset.ruleToggle][2]=forbidden[+b.dataset.ruleToggle][2]===false;draw();});modal.querySelectorAll('[data-rule-delete]').forEach(b=>b.onclick=()=>{if(confirm('이 규칙을 삭제하시겠습니까?')){forbidden.splice(+b.dataset.ruleDelete,1);draw();}});modal.querySelector('[data-rule-save]').onclick=()=>{try{modal.querySelectorAll('[data-rule-category]').forEach(input=>{const i=+input.dataset.ruleCategory,pattern=modal.querySelector(`[data-rule-pattern=""${i}""]`).value;forbidden[i]=[input.value.trim()||'이름 없음',new RegExp(pattern,'gi'),forbidden[i][2]];});saveRules();if(session.sourceSheets)session.records=makeRecords(session.sourceSheets);render(root);modal.remove();toast('검증 규칙을 저장하고 다시 검사했습니다.');}catch(e){toast('정규식 규칙을 확인해 주세요.');}};};draw();document.body.appendChild(modal);}; const mount=host=>{if(document.querySelector('[data-neis-local-validator]'))return;const root=document.createElement('section');root.dataset.neisLocalValidator='1';root.className='neis-record-validator';root.innerHTML='<header><div><small>NEIS LOCAL RECORD CHECK</small><h3>교과 세부능력 및 특기사항 사전 검증</h3><p>반별·과목별·오류만 조회하고, 발견 항목을 확인하거나 해제한 뒤 오류 리포트를 출력합니다.</p></div><div><button class=""btn secondary"" data-neis-rules>검증 규칙</button><button class=""btn primary"" data-neis-open>나이스 엑셀 불러오기</button><button class=""btn secondary"" data-neis-clear>검증자료 지우기</button></div></header><div class=""neis-local-lock"">🔒 원본·판정은 UEP 종료 시 삭제 · 사용자 검증규칙은 이 PC에 저장</div><div data-neis-results></div>';host.insertAdjacentElement('afterend',root);root.querySelector('[data-neis-rules]').onclick=()=>openRuleManager(root);root.querySelector('[data-neis-open]').onclick=async()=>{const result=await window.schoolBoard?.inspectNeisRecordbook?.();if(!result||result.canceled)return;if(!result.ok)return toast(result.reason||'나이스 엑셀을 읽지 못했습니다.');session={fileName:result.fileName||'나이스 엑셀',sourceSheets:result.sheets,records:makeRecords(result.sheets),scope:'all',classNo:'all',subject:'all',student:'all',decisions:{},includeDismissed:false};render(root);};root.querySelector('[data-neis-clear]').onclick=()=>{session={fileName:'',records:[],scope:'all',classNo:'all',subject:'all',student:'all',decisions:{},includeDismissed:false};render(root);};render(root);};"
"render","12526","const filtered=()=>session.records.filter(r=>(session.classNo===""all""||r.classNo===session.classNo)&&(session.subject===""all""||r.subject===session.subject)&&(session.student===""all""||r.studentNo===session.student)&&(session.scope!==""issues""||activeIssues(r).length)); const highlighted=(text,issues)=>{let html=esc(text);[...new Set(issues.flatMap(i=>i.hits||[]))].sort((a,b)=>b.length-a.length).forEach(hit=>{if(hit)html=html.split(esc(hit)).join('<mark>'+esc(hit)+'</mark>');});return html;}; const render=root=>{const records=filtered(),attention=records.filter(r=>activeIssues(r).length),classes=[...new Set(session.records.map(r=>r.classNo))].sort(),subjects=[...new Set(session.records.map(r=>r.subject))].sort((a,b)=>a.localeCompare(b,""ko"")),students=[...new Map(session.records.filter(r=>r.studentNo).map(r=>[r.studentNo,{studentNo:r.studentNo,name:r.name}])).values()].sort((a,b)=>String(a.studentNo).localeCompare(String(b.studentNo))),box=root.querySelector('[data-neis-results]');if(!box)return;if(!session.records.length){box.innerHTML='<div class=""neis-empty""><b>나이스 교과 세특 엑셀을 불러오면 이곳에서만 검증합니다.</b></div>';return;}box.innerHTML=`<div class=""neis-filter-report""><label>반별<select data-neis-class><option value=""all"">전체 반</option>${classes.map(x=>`<option ${session.classNo===x?'selected':''}>${esc(x)}</option>`).join('')}</select></label><label>과목별<select data-neis-subject><option value=""all"">전체 과목</option>${subjects.map(x=>`<option ${session.subject===x?'selected':''}>${esc(x)}</option>`).join('')}</select></label><label class=""neis-student-filter"">개인별<select data-neis-student><option value=""all"">전체 학생</option>${students.map(x=>`<option value=""${esc(x.studentNo)}"" ${session.student===x.studentNo?'selected':''}>${esc(x.studentNo)} ${esc(x.name)}</option>`).join('')}</select></label><button class=""btn ${session.scope==='issues'?'primary':'secondary'}"" data-neis-errors-only>오류 표시만</button><label class=""neis-dismissed-option""><input type=""checkbox"" data-neis-include-dismissed ${session.includeDismissed?'checked':''}> 해제 항목도 출력</label><button class=""btn primary"" data-neis-print>오류 리포트 출력</button></div><div class=""neis-summary""><button><b>${records.length}</b><span>현재 조회</span></button><button><b>${attention.length}</b><span>오류 학생</span></button><button><b>${records.reduce((n,r)=>n+activeIssues(r).length,0)}</b><span>확인 항목</span></button><em>${esc(session.fileName)} · 현재 실행 중에만 유지</em></div><div class=""neis-record-list"">${records.map(r=>{const issues=session.includeDismissed?r.issues:activeIssues(r);return `<article class=""${issues.length?'attention':'normal'}""><header><div><small>${esc([r.classNo+'반',r.studentNo,r.name,r.subject].filter(Boolean).join(' · '))}</small><h4>${esc(issues.length?issues.map(x=>x.category).join(' · '):'발견 사항 없음')}</h4></div><span>${esc(r.sheet)} ${r.row}행</span></header><p class=""neis-original"">${highlighted(r.text,issues)}</p>${issues.length?`<div class=""neis-issues"">${issues.map(issue=>{const decision=session.decisions[key(r,issue)]||'pending';return `<div class=""${decision}""><b>${esc(issue.category)} · ${esc((issue.hits||[]).join(', '))}</b><span>${esc(issue.reason)}</span><div class=""neis-decision-actions""><button data-neis-confirm=""${esc(key(r,issue))}"" class=""${decision==='confirmed'?'active':''}"">확인</button><button data-neis-dismiss=""${esc(key(r,issue))}"" class=""${decision==='dismissed'?'active':''}"">해제</button></div></div>`;}).join('')}</div>`:'<div class=""neis-pass"">현재 적용 규칙에서 발견된 사항이 없습니다.</div>'}</article>`;}).join('')}</div>`;box.querySelector('[data-neis-class]').onchange=e=>{session.classNo=e.target.value;render(root);};box.querySelector('[data-neis-subject]').onchange=e=>{session.subject=e.target.value;render(root);};box.querySelector('[data-neis-student]').onchange=e=>{session.student=e.target.value;render(root);};box.querySelector('[data-neis-errors-only]').onclick=()=>{session.scope=session.scope==='issues'?'all':'issues';render(root);};box.querySelector('[data-neis-include-dismissed]').onchange=e=>{session.includeDismissed=e.target.checked;render(root);};box.querySelectorAll('[data-neis-confirm]').forEach(b=>b.onclick=()=>{session.decisions[b.dataset.neisConfirm]='confirmed';render(root);});box.querySelectorAll('[data-neis-dismiss]').forEach(b=>b.onclick=()=>{session.decisions[b.dataset.neisDismiss]='dismissed';render(root);});box.querySelector('[data-neis-print]').onclick=()=>{document.body.classList.add('printing-neis-report');window.print();setTimeout(()=>document.body.classList.remove('printing-neis-report'),500);};}; const openRuleManager=root=>{document.querySelector('.neis-rule-modal')?.remove();const modal=document.createElement('div');modal.className='neis-rule-modal';const draw=()=>{modal.innerHTML=`<section><header><div><small>RECORD CHECK RULES</small><h3>오류규칙·금지어 관리</h3><p>규칙을 추가·수정·해제하거나 삭제할 수 있습니다.</p></div><button data-rule-close>×</button></header><div class=""neis-rule-list"">${forbidden.map(([category,rx,enabled],i)=>`<article class=""${enabled===false?'disabled':''}""><input data-rule-category=""${i}"" value=""${esc(category)}""><input data-rule-pattern=""${i}"" value=""${esc(rx.source)}""><button data-rule-toggle=""${i}"">${enabled===false?'사용':'해제'}</button><button data-rule-delete=""${i}"">삭제</button></article>`).join('')}</div><footer><button class=""btn secondary"" data-rule-add>+ 규칙 추가</button><button class=""btn primary"" data-rule-save>저장 후 다시 검사</button></footer></section>`;modal.querySelector('[data-rule-close]').onclick=()=>modal.remove();modal.querySelector('[data-rule-add]').onclick=()=>{forbidden.push(['새 규칙',/새금지어/g,true]);draw();};modal.querySelectorAll('[data-rule-toggle]').forEach(b=>b.onclick=()=>{forbidden[+b.dataset.ruleToggle][2]=forbidden[+b.dataset.ruleToggle][2]===false;draw();});modal.querySelectorAll('[data-rule-delete]').forEach(b=>b.onclick=()=>{if(confirm('이 규칙을 삭제하시겠습니까?')){forbidden.splice(+b.dataset.ruleDelete,1);draw();}});modal.querySelector('[data-rule-save]').onclick=()=>{try{modal.querySelectorAll('[data-rule-category]').forEach(input=>{const i=+input.dataset.ruleCategory,pattern=modal.querySelector(`[data-rule-pattern=""${i}""]`).value;forbidden[i]=[input.value.trim()||'이름 없음',new RegExp(pattern,'gi'),forbidden[i][2]];});saveRules();if(session.sourceSheets)session.records=makeRecords(session.sourceSheets);render(root);modal.remove();toast('검증 규칙을 저장하고 다시 검사했습니다.');}catch(e){toast('정규식 규칙을 확인해 주세요.');}};};draw();document.body.appendChild(modal);}; const mount=host=>{if(document.querySelector('[data-neis-local-validator]'))return;const root=document.createElement('section');root.dataset.neisLocalValidator='1';root.className='neis-record-validator';root.innerHTML='<header><div><small>NEIS LOCAL RECORD CHECK</small><h3>교과 세부능력 및 특기사항 사전 검증</h3><p>반별·과목별·오류만 조회하고, 발견 항목을 확인하거나 해제한 뒤 오류 리포트를 출력합니다.</p></div><div><button class=""btn secondary"" data-neis-rules>검증 규칙</button><button class=""btn primary"" data-neis-open>나이스 엑셀 불러오기</button><button class=""btn secondary"" data-neis-clear>검증자료 지우기</button></div></header><div class=""neis-local-lock"">🔒 원본·판정은 UEP 종료 시 삭제 · 사용자 검증규칙은 이 PC에 저장</div><div data-neis-results></div>';host.insertAdjacentElement('afterend',root);root.querySelector('[data-neis-rules]').onclick=()=>openRuleManager(root);root.querySelector('[data-neis-open]').onclick=async()=>{const result=await window.schoolBoard?.inspectNeisRecordbook?.();if(!result||result.canceled)return;if(!result.ok)return toast(result.reason||'나이스 엑셀을 읽지 못했습니다.');session={fileName:result.fileName||'나이스 엑셀',sourceSheets:result.sheets,records:makeRecords(result.sheets),scope:'all',classNo:'all',subject:'all',student:'all',decisions:{},includeDismissed:false};render(root);};root.querySelector('[data-neis-clear]').onclick=()=>{session={fileName:'',records:[],scope:'all',classNo:'all',subject:'all',student:'all',decisions:{},includeDismissed:false};render(root);};render(root);};"
"render","12526","const filtered=()=>session.records.filter(r=>(session.classNo===""all""||r.classNo===session.classNo)&&(session.subject===""all""||r.subject===session.subject)&&(session.student===""all""||r.studentNo===session.student)&&(session.scope!==""issues""||activeIssues(r).length)); const highlighted=(text,issues)=>{let html=esc(text);[...new Set(issues.flatMap(i=>i.hits||[]))].sort((a,b)=>b.length-a.length).forEach(hit=>{if(hit)html=html.split(esc(hit)).join('<mark>'+esc(hit)+'</mark>');});return html;}; const render=root=>{const records=filtered(),attention=records.filter(r=>activeIssues(r).length),classes=[...new Set(session.records.map(r=>r.classNo))].sort(),subjects=[...new Set(session.records.map(r=>r.subject))].sort((a,b)=>a.localeCompare(b,""ko"")),students=[...new Map(session.records.filter(r=>r.studentNo).map(r=>[r.studentNo,{studentNo:r.studentNo,name:r.name}])).values()].sort((a,b)=>String(a.studentNo).localeCompare(String(b.studentNo))),box=root.querySelector('[data-neis-results]');if(!box)return;if(!session.records.length){box.innerHTML='<div class=""neis-empty""><b>나이스 교과 세특 엑셀을 불러오면 이곳에서만 검증합니다.</b></div>';return;}box.innerHTML=`<div class=""neis-filter-report""><label>반별<select data-neis-class><option value=""all"">전체 반</option>${classes.map(x=>`<option ${session.classNo===x?'selected':''}>${esc(x)}</option>`).join('')}</select></label><label>과목별<select data-neis-subject><option value=""all"">전체 과목</option>${subjects.map(x=>`<option ${session.subject===x?'selected':''}>${esc(x)}</option>`).join('')}</select></label><label class=""neis-student-filter"">개인별<select data-neis-student><option value=""all"">전체 학생</option>${students.map(x=>`<option value=""${esc(x.studentNo)}"" ${session.student===x.studentNo?'selected':''}>${esc(x.studentNo)} ${esc(x.name)}</option>`).join('')}</select></label><button class=""btn ${session.scope==='issues'?'primary':'secondary'}"" data-neis-errors-only>오류 표시만</button><label class=""neis-dismissed-option""><input type=""checkbox"" data-neis-include-dismissed ${session.includeDismissed?'checked':''}> 해제 항목도 출력</label><button class=""btn primary"" data-neis-print>오류 리포트 출력</button></div><div class=""neis-summary""><button><b>${records.length}</b><span>현재 조회</span></button><button><b>${attention.length}</b><span>오류 학생</span></button><button><b>${records.reduce((n,r)=>n+activeIssues(r).length,0)}</b><span>확인 항목</span></button><em>${esc(session.fileName)} · 현재 실행 중에만 유지</em></div><div class=""neis-record-list"">${records.map(r=>{const issues=session.includeDismissed?r.issues:activeIssues(r);return `<article class=""${issues.length?'attention':'normal'}""><header><div><small>${esc([r.classNo+'반',r.studentNo,r.name,r.subject].filter(Boolean).join(' · '))}</small><h4>${esc(issues.length?issues.map(x=>x.category).join(' · '):'발견 사항 없음')}</h4></div><span>${esc(r.sheet)} ${r.row}행</span></header><p class=""neis-original"">${highlighted(r.text,issues)}</p>${issues.length?`<div class=""neis-issues"">${issues.map(issue=>{const decision=session.decisions[key(r,issue)]||'pending';return `<div class=""${decision}""><b>${esc(issue.category)} · ${esc((issue.hits||[]).join(', '))}</b><span>${esc(issue.reason)}</span><div class=""neis-decision-actions""><button data-neis-confirm=""${esc(key(r,issue))}"" class=""${decision==='confirmed'?'active':''}"">확인</button><button data-neis-dismiss=""${esc(key(r,issue))}"" class=""${decision==='dismissed'?'active':''}"">해제</button></div></div>`;}).join('')}</div>`:'<div class=""neis-pass"">현재 적용 규칙에서 발견된 사항이 없습니다.</div>'}</article>`;}).join('')}</div>`;box.querySelector('[data-neis-class]').onchange=e=>{session.classNo=e.target.value;render(root);};box.querySelector('[data-neis-subject]').onchange=e=>{session.subject=e.target.value;render(root);};box.querySelector('[data-neis-student]').onchange=e=>{session.student=e.target.value;render(root);};box.querySelector('[data-neis-errors-only]').onclick=()=>{session.scope=session.scope==='issues'?'all':'issues';render(root);};box.querySelector('[data-neis-include-dismissed]').onchange=e=>{session.includeDismissed=e.target.checked;render(root);};box.querySelectorAll('[data-neis-confirm]').forEach(b=>b.onclick=()=>{session.decisions[b.dataset.neisConfirm]='confirmed';render(root);});box.querySelectorAll('[data-neis-dismiss]').forEach(b=>b.onclick=()=>{session.decisions[b.dataset.neisDismiss]='dismissed';render(root);});box.querySelector('[data-neis-print]').onclick=()=>{document.body.classList.add('printing-neis-report');window.print();setTimeout(()=>document.body.classList.remove('printing-neis-report'),500);};}; const openRuleManager=root=>{document.querySelector('.neis-rule-modal')?.remove();const modal=document.createElement('div');modal.className='neis-rule-modal';const draw=()=>{modal.innerHTML=`<section><header><div><small>RECORD CHECK RULES</small><h3>오류규칙·금지어 관리</h3><p>규칙을 추가·수정·해제하거나 삭제할 수 있습니다.</p></div><button data-rule-close>×</button></header><div class=""neis-rule-list"">${forbidden.map(([category,rx,enabled],i)=>`<article class=""${enabled===false?'disabled':''}""><input data-rule-category=""${i}"" value=""${esc(category)}""><input data-rule-pattern=""${i}"" value=""${esc(rx.source)}""><button data-rule-toggle=""${i}"">${enabled===false?'사용':'해제'}</button><button data-rule-delete=""${i}"">삭제</button></article>`).join('')}</div><footer><button class=""btn secondary"" data-rule-add>+ 규칙 추가</button><button class=""btn primary"" data-rule-save>저장 후 다시 검사</button></footer></section>`;modal.querySelector('[data-rule-close]').onclick=()=>modal.remove();modal.querySelector('[data-rule-add]').onclick=()=>{forbidden.push(['새 규칙',/새금지어/g,true]);draw();};modal.querySelectorAll('[data-rule-toggle]').forEach(b=>b.onclick=()=>{forbidden[+b.dataset.ruleToggle][2]=forbidden[+b.dataset.ruleToggle][2]===false;draw();});modal.querySelectorAll('[data-rule-delete]').forEach(b=>b.onclick=()=>{if(confirm('이 규칙을 삭제하시겠습니까?')){forbidden.splice(+b.dataset.ruleDelete,1);draw();}});modal.querySelector('[data-rule-save]').onclick=()=>{try{modal.querySelectorAll('[data-rule-category]').forEach(input=>{const i=+input.dataset.ruleCategory,pattern=modal.querySelector(`[data-rule-pattern=""${i}""]`).value;forbidden[i]=[input.value.trim()||'이름 없음',new RegExp(pattern,'gi'),forbidden[i][2]];});saveRules();if(session.sourceSheets)session.records=makeRecords(session.sourceSheets);render(root);modal.remove();toast('검증 규칙을 저장하고 다시 검사했습니다.');}catch(e){toast('정규식 규칙을 확인해 주세요.');}};};draw();document.body.appendChild(modal);}; const mount=host=>{if(document.querySelector('[data-neis-local-validator]'))return;const root=document.createElement('section');root.dataset.neisLocalValidator='1';root.className='neis-record-validator';root.innerHTML='<header><div><small>NEIS LOCAL RECORD CHECK</small><h3>교과 세부능력 및 특기사항 사전 검증</h3><p>반별·과목별·오류만 조회하고, 발견 항목을 확인하거나 해제한 뒤 오류 리포트를 출력합니다.</p></div><div><button class=""btn secondary"" data-neis-rules>검증 규칙</button><button class=""btn primary"" data-neis-open>나이스 엑셀 불러오기</button><button class=""btn secondary"" data-neis-clear>검증자료 지우기</button></div></header><div class=""neis-local-lock"">🔒 원본·판정은 UEP 종료 시 삭제 · 사용자 검증규칙은 이 PC에 저장</div><div data-neis-results></div>';host.insertAdjacentElement('afterend',root);root.querySelector('[data-neis-rules]').onclick=()=>openRuleManager(root);root.querySelector('[data-neis-open]').onclick=async()=>{const result=await window.schoolBoard?.inspectNeisRecordbook?.();if(!result||result.canceled)return;if(!result.ok)return toast(result.reason||'나이스 엑셀을 읽지 못했습니다.');session={fileName:result.fileName||'나이스 엑셀',sourceSheets:result.sheets,records:makeRecords(result.sheets),scope:'all',classNo:'all',subject:'all',student:'all',decisions:{},includeDismissed:false};render(root);};root.querySelector('[data-neis-clear]').onclick=()=>{session={fileName:'',records:[],scope:'all',classNo:'all',subject:'all',student:'all',decisions:{},includeDismissed:false};render(root);};render(root);};"
"render","12526","const filtered=()=>session.records.filter(r=>(session.classNo===""all""||r.classNo===session.classNo)&&(session.subject===""all""||r.subject===session.subject)&&(session.student===""all""||r.studentNo===session.student)&&(session.scope!==""issues""||activeIssues(r).length)); const highlighted=(text,issues)=>{let html=esc(text);[...new Set(issues.flatMap(i=>i.hits||[]))].sort((a,b)=>b.length-a.length).forEach(hit=>{if(hit)html=html.split(esc(hit)).join('<mark>'+esc(hit)+'</mark>');});return html;}; const render=root=>{const records=filtered(),attention=records.filter(r=>activeIssues(r).length),classes=[...new Set(session.records.map(r=>r.classNo))].sort(),subjects=[...new Set(session.records.map(r=>r.subject))].sort((a,b)=>a.localeCompare(b,""ko"")),students=[...new Map(session.records.filter(r=>r.studentNo).map(r=>[r.studentNo,{studentNo:r.studentNo,name:r.name}])).values()].sort((a,b)=>String(a.studentNo).localeCompare(String(b.studentNo))),box=root.querySelector('[data-neis-results]');if(!box)return;if(!session.records.length){box.innerHTML='<div class=""neis-empty""><b>나이스 교과 세특 엑셀을 불러오면 이곳에서만 검증합니다.</b></div>';return;}box.innerHTML=`<div class=""neis-filter-report""><label>반별<select data-neis-class><option value=""all"">전체 반</option>${classes.map(x=>`<option ${session.classNo===x?'selected':''}>${esc(x)}</option>`).join('')}</select></label><label>과목별<select data-neis-subject><option value=""all"">전체 과목</option>${subjects.map(x=>`<option ${session.subject===x?'selected':''}>${esc(x)}</option>`).join('')}</select></label><label class=""neis-student-filter"">개인별<select data-neis-student><option value=""all"">전체 학생</option>${students.map(x=>`<option value=""${esc(x.studentNo)}"" ${session.student===x.studentNo?'selected':''}>${esc(x.studentNo)} ${esc(x.name)}</option>`).join('')}</select></label><button class=""btn ${session.scope==='issues'?'primary':'secondary'}"" data-neis-errors-only>오류 표시만</button><label class=""neis-dismissed-option""><input type=""checkbox"" data-neis-include-dismissed ${session.includeDismissed?'checked':''}> 해제 항목도 출력</label><button class=""btn primary"" data-neis-print>오류 리포트 출력</button></div><div class=""neis-summary""><button><b>${records.length}</b><span>현재 조회</span></button><button><b>${attention.length}</b><span>오류 학생</span></button><button><b>${records.reduce((n,r)=>n+activeIssues(r).length,0)}</b><span>확인 항목</span></button><em>${esc(session.fileName)} · 현재 실행 중에만 유지</em></div><div class=""neis-record-list"">${records.map(r=>{const issues=session.includeDismissed?r.issues:activeIssues(r);return `<article class=""${issues.length?'attention':'normal'}""><header><div><small>${esc([r.classNo+'반',r.studentNo,r.name,r.subject].filter(Boolean).join(' · '))}</small><h4>${esc(issues.length?issues.map(x=>x.category).join(' · '):'발견 사항 없음')}</h4></div><span>${esc(r.sheet)} ${r.row}행</span></header><p class=""neis-original"">${highlighted(r.text,issues)}</p>${issues.length?`<div class=""neis-issues"">${issues.map(issue=>{const decision=session.decisions[key(r,issue)]||'pending';return `<div class=""${decision}""><b>${esc(issue.category)} · ${esc((issue.hits||[]).join(', '))}</b><span>${esc(issue.reason)}</span><div class=""neis-decision-actions""><button data-neis-confirm=""${esc(key(r,issue))}"" class=""${decision==='confirmed'?'active':''}"">확인</button><button data-neis-dismiss=""${esc(key(r,issue))}"" class=""${decision==='dismissed'?'active':''}"">해제</button></div></div>`;}).join('')}</div>`:'<div class=""neis-pass"">현재 적용 규칙에서 발견된 사항이 없습니다.</div>'}</article>`;}).join('')}</div>`;box.querySelector('[data-neis-class]').onchange=e=>{session.classNo=e.target.value;render(root);};box.querySelector('[data-neis-subject]').onchange=e=>{session.subject=e.target.value;render(root);};box.querySelector('[data-neis-student]').onchange=e=>{session.student=e.target.value;render(root);};box.querySelector('[data-neis-errors-only]').onclick=()=>{session.scope=session.scope==='issues'?'all':'issues';render(root);};box.querySelector('[data-neis-include-dismissed]').onchange=e=>{session.includeDismissed=e.target.checked;render(root);};box.querySelectorAll('[data-neis-confirm]').forEach(b=>b.onclick=()=>{session.decisions[b.dataset.neisConfirm]='confirmed';render(root);});box.querySelectorAll('[data-neis-dismiss]').forEach(b=>b.onclick=()=>{session.decisions[b.dataset.neisDismiss]='dismissed';render(root);});box.querySelector('[data-neis-print]').onclick=()=>{document.body.classList.add('printing-neis-report');window.print();setTimeout(()=>document.body.classList.remove('printing-neis-report'),500);};}; const openRuleManager=root=>{document.querySelector('.neis-rule-modal')?.remove();const modal=document.createElement('div');modal.className='neis-rule-modal';const draw=()=>{modal.innerHTML=`<section><header><div><small>RECORD CHECK RULES</small><h3>오류규칙·금지어 관리</h3><p>규칙을 추가·수정·해제하거나 삭제할 수 있습니다.</p></div><button data-rule-close>×</button></header><div class=""neis-rule-list"">${forbidden.map(([category,rx,enabled],i)=>`<article class=""${enabled===false?'disabled':''}""><input data-rule-category=""${i}"" value=""${esc(category)}""><input data-rule-pattern=""${i}"" value=""${esc(rx.source)}""><button data-rule-toggle=""${i}"">${enabled===false?'사용':'해제'}</button><button data-rule-delete=""${i}"">삭제</button></article>`).join('')}</div><footer><button class=""btn secondary"" data-rule-add>+ 규칙 추가</button><button class=""btn primary"" data-rule-save>저장 후 다시 검사</button></footer></section>`;modal.querySelector('[data-rule-close]').onclick=()=>modal.remove();modal.querySelector('[data-rule-add]').onclick=()=>{forbidden.push(['새 규칙',/새금지어/g,true]);draw();};modal.querySelectorAll('[data-rule-toggle]').forEach(b=>b.onclick=()=>{forbidden[+b.dataset.ruleToggle][2]=forbidden[+b.dataset.ruleToggle][2]===false;draw();});modal.querySelectorAll('[data-rule-delete]').forEach(b=>b.onclick=()=>{if(confirm('이 규칙을 삭제하시겠습니까?')){forbidden.splice(+b.dataset.ruleDelete,1);draw();}});modal.querySelector('[data-rule-save]').onclick=()=>{try{modal.querySelectorAll('[data-rule-category]').forEach(input=>{const i=+input.dataset.ruleCategory,pattern=modal.querySelector(`[data-rule-pattern=""${i}""]`).value;forbidden[i]=[input.value.trim()||'이름 없음',new RegExp(pattern,'gi'),forbidden[i][2]];});saveRules();if(session.sourceSheets)session.records=makeRecords(session.sourceSheets);render(root);modal.remove();toast('검증 규칙을 저장하고 다시 검사했습니다.');}catch(e){toast('정규식 규칙을 확인해 주세요.');}};};draw();document.body.appendChild(modal);}; const mount=host=>{if(document.querySelector('[data-neis-local-validator]'))return;const root=document.createElement('section');root.dataset.neisLocalValidator='1';root.className='neis-record-validator';root.innerHTML='<header><div><small>NEIS LOCAL RECORD CHECK</small><h3>교과 세부능력 및 특기사항 사전 검증</h3><p>반별·과목별·오류만 조회하고, 발견 항목을 확인하거나 해제한 뒤 오류 리포트를 출력합니다.</p></div><div><button class=""btn secondary"" data-neis-rules>검증 규칙</button><button class=""btn primary"" data-neis-open>나이스 엑셀 불러오기</button><button class=""btn secondary"" data-neis-clear>검증자료 지우기</button></div></header><div class=""neis-local-lock"">🔒 원본·판정은 UEP 종료 시 삭제 · 사용자 검증규칙은 이 PC에 저장</div><div data-neis-results></div>';host.insertAdjacentElement('afterend',root);root.querySelector('[data-neis-rules]').onclick=()=>openRuleManager(root);root.querySelector('[data-neis-open]').onclick=async()=>{const result=await window.schoolBoard?.inspectNeisRecordbook?.();if(!result||result.canceled)return;if(!result.ok)return toast(result.reason||'나이스 엑셀을 읽지 못했습니다.');session={fileName:result.fileName||'나이스 엑셀',sourceSheets:result.sheets,records:makeRecords(result.sheets),scope:'all',classNo:'all',subject:'all',student:'all',decisions:{},includeDismissed:false};render(root);};root.querySelector('[data-neis-clear]').onclick=()=>{session={fileName:'',records:[],scope:'all',classNo:'all',subject:'all',student:'all',decisions:{},includeDismissed:false};render(root);};render(root);};"
"render","12526","const filtered=()=>session.records.filter(r=>(session.classNo===""all""||r.classNo===session.classNo)&&(session.subject===""all""||r.subject===session.subject)&&(session.student===""all""||r.studentNo===session.student)&&(session.scope!==""issues""||activeIssues(r).length)); const highlighted=(text,issues)=>{let html=esc(text);[...new Set(issues.flatMap(i=>i.hits||[]))].sort((a,b)=>b.length-a.length).forEach(hit=>{if(hit)html=html.split(esc(hit)).join('<mark>'+esc(hit)+'</mark>');});return html;}; const render=root=>{const records=filtered(),attention=records.filter(r=>activeIssues(r).length),classes=[...new Set(session.records.map(r=>r.classNo))].sort(),subjects=[...new Set(session.records.map(r=>r.subject))].sort((a,b)=>a.localeCompare(b,""ko"")),students=[...new Map(session.records.filter(r=>r.studentNo).map(r=>[r.studentNo,{studentNo:r.studentNo,name:r.name}])).values()].sort((a,b)=>String(a.studentNo).localeCompare(String(b.studentNo))),box=root.querySelector('[data-neis-results]');if(!box)return;if(!session.records.length){box.innerHTML='<div class=""neis-empty""><b>나이스 교과 세특 엑셀을 불러오면 이곳에서만 검증합니다.</b></div>';return;}box.innerHTML=`<div class=""neis-filter-report""><label>반별<select data-neis-class><option value=""all"">전체 반</option>${classes.map(x=>`<option ${session.classNo===x?'selected':''}>${esc(x)}</option>`).join('')}</select></label><label>과목별<select data-neis-subject><option value=""all"">전체 과목</option>${subjects.map(x=>`<option ${session.subject===x?'selected':''}>${esc(x)}</option>`).join('')}</select></label><label class=""neis-student-filter"">개인별<select data-neis-student><option value=""all"">전체 학생</option>${students.map(x=>`<option value=""${esc(x.studentNo)}"" ${session.student===x.studentNo?'selected':''}>${esc(x.studentNo)} ${esc(x.name)}</option>`).join('')}</select></label><button class=""btn ${session.scope==='issues'?'primary':'secondary'}"" data-neis-errors-only>오류 표시만</button><label class=""neis-dismissed-option""><input type=""checkbox"" data-neis-include-dismissed ${session.includeDismissed?'checked':''}> 해제 항목도 출력</label><button class=""btn primary"" data-neis-print>오류 리포트 출력</button></div><div class=""neis-summary""><button><b>${records.length}</b><span>현재 조회</span></button><button><b>${attention.length}</b><span>오류 학생</span></button><button><b>${records.reduce((n,r)=>n+activeIssues(r).length,0)}</b><span>확인 항목</span></button><em>${esc(session.fileName)} · 현재 실행 중에만 유지</em></div><div class=""neis-record-list"">${records.map(r=>{const issues=session.includeDismissed?r.issues:activeIssues(r);return `<article class=""${issues.length?'attention':'normal'}""><header><div><small>${esc([r.classNo+'반',r.studentNo,r.name,r.subject].filter(Boolean).join(' · '))}</small><h4>${esc(issues.length?issues.map(x=>x.category).join(' · '):'발견 사항 없음')}</h4></div><span>${esc(r.sheet)} ${r.row}행</span></header><p class=""neis-original"">${highlighted(r.text,issues)}</p>${issues.length?`<div class=""neis-issues"">${issues.map(issue=>{const decision=session.decisions[key(r,issue)]||'pending';return `<div class=""${decision}""><b>${esc(issue.category)} · ${esc((issue.hits||[]).join(', '))}</b><span>${esc(issue.reason)}</span><div class=""neis-decision-actions""><button data-neis-confirm=""${esc(key(r,issue))}"" class=""${decision==='confirmed'?'active':''}"">확인</button><button data-neis-dismiss=""${esc(key(r,issue))}"" class=""${decision==='dismissed'?'active':''}"">해제</button></div></div>`;}).join('')}</div>`:'<div class=""neis-pass"">현재 적용 규칙에서 발견된 사항이 없습니다.</div>'}</article>`;}).join('')}</div>`;box.querySelector('[data-neis-class]').onchange=e=>{session.classNo=e.target.value;render(root);};box.querySelector('[data-neis-subject]').onchange=e=>{session.subject=e.target.value;render(root);};box.querySelector('[data-neis-student]').onchange=e=>{session.student=e.target.value;render(root);};box.querySelector('[data-neis-errors-only]').onclick=()=>{session.scope=session.scope==='issues'?'all':'issues';render(root);};box.querySelector('[data-neis-include-dismissed]').onchange=e=>{session.includeDismissed=e.target.checked;render(root);};box.querySelectorAll('[data-neis-confirm]').forEach(b=>b.onclick=()=>{session.decisions[b.dataset.neisConfirm]='confirmed';render(root);});box.querySelectorAll('[data-neis-dismiss]').forEach(b=>b.onclick=()=>{session.decisions[b.dataset.neisDismiss]='dismissed';render(root);});box.querySelector('[data-neis-print]').onclick=()=>{document.body.classList.add('printing-neis-report');window.print();setTimeout(()=>document.body.classList.remove('printing-neis-report'),500);};}; const openRuleManager=root=>{document.querySelector('.neis-rule-modal')?.remove();const modal=document.createElement('div');modal.className='neis-rule-modal';const draw=()=>{modal.innerHTML=`<section><header><div><small>RECORD CHECK RULES</small><h3>오류규칙·금지어 관리</h3><p>규칙을 추가·수정·해제하거나 삭제할 수 있습니다.</p></div><button data-rule-close>×</button></header><div class=""neis-rule-list"">${forbidden.map(([category,rx,enabled],i)=>`<article class=""${enabled===false?'disabled':''}""><input data-rule-category=""${i}"" value=""${esc(category)}""><input data-rule-pattern=""${i}"" value=""${esc(rx.source)}""><button data-rule-toggle=""${i}"">${enabled===false?'사용':'해제'}</button><button data-rule-delete=""${i}"">삭제</button></article>`).join('')}</div><footer><button class=""btn secondary"" data-rule-add>+ 규칙 추가</button><button class=""btn primary"" data-rule-save>저장 후 다시 검사</button></footer></section>`;modal.querySelector('[data-rule-close]').onclick=()=>modal.remove();modal.querySelector('[data-rule-add]').onclick=()=>{forbidden.push(['새 규칙',/새금지어/g,true]);draw();};modal.querySelectorAll('[data-rule-toggle]').forEach(b=>b.onclick=()=>{forbidden[+b.dataset.ruleToggle][2]=forbidden[+b.dataset.ruleToggle][2]===false;draw();});modal.querySelectorAll('[data-rule-delete]').forEach(b=>b.onclick=()=>{if(confirm('이 규칙을 삭제하시겠습니까?')){forbidden.splice(+b.dataset.ruleDelete,1);draw();}});modal.querySelector('[data-rule-save]').onclick=()=>{try{modal.querySelectorAll('[data-rule-category]').forEach(input=>{const i=+input.dataset.ruleCategory,pattern=modal.querySelector(`[data-rule-pattern=""${i}""]`).value;forbidden[i]=[input.value.trim()||'이름 없음',new RegExp(pattern,'gi'),forbidden[i][2]];});saveRules();if(session.sourceSheets)session.records=makeRecords(session.sourceSheets);render(root);modal.remove();toast('검증 규칙을 저장하고 다시 검사했습니다.');}catch(e){toast('정규식 규칙을 확인해 주세요.');}};};draw();document.body.appendChild(modal);}; const mount=host=>{if(document.querySelector('[data-neis-local-validator]'))return;const root=document.createElement('section');root.dataset.neisLocalValidator='1';root.className='neis-record-validator';root.innerHTML='<header><div><small>NEIS LOCAL RECORD CHECK</small><h3>교과 세부능력 및 특기사항 사전 검증</h3><p>반별·과목별·오류만 조회하고, 발견 항목을 확인하거나 해제한 뒤 오류 리포트를 출력합니다.</p></div><div><button class=""btn secondary"" data-neis-rules>검증 규칙</button><button class=""btn primary"" data-neis-open>나이스 엑셀 불러오기</button><button class=""btn secondary"" data-neis-clear>검증자료 지우기</button></div></header><div class=""neis-local-lock"">🔒 원본·판정은 UEP 종료 시 삭제 · 사용자 검증규칙은 이 PC에 저장</div><div data-neis-results></div>';host.insertAdjacentElement('afterend',root);root.querySelector('[data-neis-rules]').onclick=()=>openRuleManager(root);root.querySelector('[data-neis-open]').onclick=async()=>{const result=await window.schoolBoard?.inspectNeisRecordbook?.();if(!result||result.canceled)return;if(!result.ok)return toast(result.reason||'나이스 엑셀을 읽지 못했습니다.');session={fileName:result.fileName||'나이스 엑셀',sourceSheets:result.sheets,records:makeRecords(result.sheets),scope:'all',classNo:'all',subject:'all',student:'all',decisions:{},includeDismissed:false};render(root);};root.querySelector('[data-neis-clear]').onclick=()=>{session={fileName:'',records:[],scope:'all',classNo:'all',subject:'all',student:'all',decisions:{},includeDismissed:false};render(root);};render(root);};"
"render","12526","const filtered=()=>session.records.filter(r=>(session.classNo===""all""||r.classNo===session.classNo)&&(session.subject===""all""||r.subject===session.subject)&&(session.student===""all""||r.studentNo===session.student)&&(session.scope!==""issues""||activeIssues(r).length)); const highlighted=(text,issues)=>{let html=esc(text);[...new Set(issues.flatMap(i=>i.hits||[]))].sort((a,b)=>b.length-a.length).forEach(hit=>{if(hit)html=html.split(esc(hit)).join('<mark>'+esc(hit)+'</mark>');});return html;}; const render=root=>{const records=filtered(),attention=records.filter(r=>activeIssues(r).length),classes=[...new Set(session.records.map(r=>r.classNo))].sort(),subjects=[...new Set(session.records.map(r=>r.subject))].sort((a,b)=>a.localeCompare(b,""ko"")),students=[...new Map(session.records.filter(r=>r.studentNo).map(r=>[r.studentNo,{studentNo:r.studentNo,name:r.name}])).values()].sort((a,b)=>String(a.studentNo).localeCompare(String(b.studentNo))),box=root.querySelector('[data-neis-results]');if(!box)return;if(!session.records.length){box.innerHTML='<div class=""neis-empty""><b>나이스 교과 세특 엑셀을 불러오면 이곳에서만 검증합니다.</b></div>';return;}box.innerHTML=`<div class=""neis-filter-report""><label>반별<select data-neis-class><option value=""all"">전체 반</option>${classes.map(x=>`<option ${session.classNo===x?'selected':''}>${esc(x)}</option>`).join('')}</select></label><label>과목별<select data-neis-subject><option value=""all"">전체 과목</option>${subjects.map(x=>`<option ${session.subject===x?'selected':''}>${esc(x)}</option>`).join('')}</select></label><label class=""neis-student-filter"">개인별<select data-neis-student><option value=""all"">전체 학생</option>${students.map(x=>`<option value=""${esc(x.studentNo)}"" ${session.student===x.studentNo?'selected':''}>${esc(x.studentNo)} ${esc(x.name)}</option>`).join('')}</select></label><button class=""btn ${session.scope==='issues'?'primary':'secondary'}"" data-neis-errors-only>오류 표시만</button><label class=""neis-dismissed-option""><input type=""checkbox"" data-neis-include-dismissed ${session.includeDismissed?'checked':''}> 해제 항목도 출력</label><button class=""btn primary"" data-neis-print>오류 리포트 출력</button></div><div class=""neis-summary""><button><b>${records.length}</b><span>현재 조회</span></button><button><b>${attention.length}</b><span>오류 학생</span></button><button><b>${records.reduce((n,r)=>n+activeIssues(r).length,0)}</b><span>확인 항목</span></button><em>${esc(session.fileName)} · 현재 실행 중에만 유지</em></div><div class=""neis-record-list"">${records.map(r=>{const issues=session.includeDismissed?r.issues:activeIssues(r);return `<article class=""${issues.length?'attention':'normal'}""><header><div><small>${esc([r.classNo+'반',r.studentNo,r.name,r.subject].filter(Boolean).join(' · '))}</small><h4>${esc(issues.length?issues.map(x=>x.category).join(' · '):'발견 사항 없음')}</h4></div><span>${esc(r.sheet)} ${r.row}행</span></header><p class=""neis-original"">${highlighted(r.text,issues)}</p>${issues.length?`<div class=""neis-issues"">${issues.map(issue=>{const decision=session.decisions[key(r,issue)]||'pending';return `<div class=""${decision}""><b>${esc(issue.category)} · ${esc((issue.hits||[]).join(', '))}</b><span>${esc(issue.reason)}</span><div class=""neis-decision-actions""><button data-neis-confirm=""${esc(key(r,issue))}"" class=""${decision==='confirmed'?'active':''}"">확인</button><button data-neis-dismiss=""${esc(key(r,issue))}"" class=""${decision==='dismissed'?'active':''}"">해제</button></div></div>`;}).join('')}</div>`:'<div class=""neis-pass"">현재 적용 규칙에서 발견된 사항이 없습니다.</div>'}</article>`;}).join('')}</div>`;box.querySelector('[data-neis-class]').onchange=e=>{session.classNo=e.target.value;render(root);};box.querySelector('[data-neis-subject]').onchange=e=>{session.subject=e.target.value;render(root);};box.querySelector('[data-neis-student]').onchange=e=>{session.student=e.target.value;render(root);};box.querySelector('[data-neis-errors-only]').onclick=()=>{session.scope=session.scope==='issues'?'all':'issues';render(root);};box.querySelector('[data-neis-include-dismissed]').onchange=e=>{session.includeDismissed=e.target.checked;render(root);};box.querySelectorAll('[data-neis-confirm]').forEach(b=>b.onclick=()=>{session.decisions[b.dataset.neisConfirm]='confirmed';render(root);});box.querySelectorAll('[data-neis-dismiss]').forEach(b=>b.onclick=()=>{session.decisions[b.dataset.neisDismiss]='dismissed';render(root);});box.querySelector('[data-neis-print]').onclick=()=>{document.body.classList.add('printing-neis-report');window.print();setTimeout(()=>document.body.classList.remove('printing-neis-report'),500);};}; const openRuleManager=root=>{document.querySelector('.neis-rule-modal')?.remove();const modal=document.createElement('div');modal.className='neis-rule-modal';const draw=()=>{modal.innerHTML=`<section><header><div><small>RECORD CHECK RULES</small><h3>오류규칙·금지어 관리</h3><p>규칙을 추가·수정·해제하거나 삭제할 수 있습니다.</p></div><button data-rule-close>×</button></header><div class=""neis-rule-list"">${forbidden.map(([category,rx,enabled],i)=>`<article class=""${enabled===false?'disabled':''}""><input data-rule-category=""${i}"" value=""${esc(category)}""><input data-rule-pattern=""${i}"" value=""${esc(rx.source)}""><button data-rule-toggle=""${i}"">${enabled===false?'사용':'해제'}</button><button data-rule-delete=""${i}"">삭제</button></article>`).join('')}</div><footer><button class=""btn secondary"" data-rule-add>+ 규칙 추가</button><button class=""btn primary"" data-rule-save>저장 후 다시 검사</button></footer></section>`;modal.querySelector('[data-rule-close]').onclick=()=>modal.remove();modal.querySelector('[data-rule-add]').onclick=()=>{forbidden.push(['새 규칙',/새금지어/g,true]);draw();};modal.querySelectorAll('[data-rule-toggle]').forEach(b=>b.onclick=()=>{forbidden[+b.dataset.ruleToggle][2]=forbidden[+b.dataset.ruleToggle][2]===false;draw();});modal.querySelectorAll('[data-rule-delete]').forEach(b=>b.onclick=()=>{if(confirm('이 규칙을 삭제하시겠습니까?')){forbidden.splice(+b.dataset.ruleDelete,1);draw();}});modal.querySelector('[data-rule-save]').onclick=()=>{try{modal.querySelectorAll('[data-rule-category]').forEach(input=>{const i=+input.dataset.ruleCategory,pattern=modal.querySelector(`[data-rule-pattern=""${i}""]`).value;forbidden[i]=[input.value.trim()||'이름 없음',new RegExp(pattern,'gi'),forbidden[i][2]];});saveRules();if(session.sourceSheets)session.records=makeRecords(session.sourceSheets);render(root);modal.remove();toast('검증 규칙을 저장하고 다시 검사했습니다.');}catch(e){toast('정규식 규칙을 확인해 주세요.');}};};draw();document.body.appendChild(modal);}; const mount=host=>{if(document.querySelector('[data-neis-local-validator]'))return;const root=document.createElement('section');root.dataset.neisLocalValidator='1';root.className='neis-record-validator';root.innerHTML='<header><div><small>NEIS LOCAL RECORD CHECK</small><h3>교과 세부능력 및 특기사항 사전 검증</h3><p>반별·과목별·오류만 조회하고, 발견 항목을 확인하거나 해제한 뒤 오류 리포트를 출력합니다.</p></div><div><button class=""btn secondary"" data-neis-rules>검증 규칙</button><button class=""btn primary"" data-neis-open>나이스 엑셀 불러오기</button><button class=""btn secondary"" data-neis-clear>검증자료 지우기</button></div></header><div class=""neis-local-lock"">🔒 원본·판정은 UEP 종료 시 삭제 · 사용자 검증규칙은 이 PC에 저장</div><div data-neis-results></div>';host.insertAdjacentElement('afterend',root);root.querySelector('[data-neis-rules]').onclick=()=>openRuleManager(root);root.querySelector('[data-neis-open]').onclick=async()=>{const result=await window.schoolBoard?.inspectNeisRecordbook?.();if(!result||result.canceled)return;if(!result.ok)return toast(result.reason||'나이스 엑셀을 읽지 못했습니다.');session={fileName:result.fileName||'나이스 엑셀',sourceSheets:result.sheets,records:makeRecords(result.sheets),scope:'all',classNo:'all',subject:'all',student:'all',decisions:{},includeDismissed:false};render(root);};root.querySelector('[data-neis-clear]').onclick=()=>{session={fileName:'',records:[],scope:'all',classNo:'all',subject:'all',student:'all',decisions:{},includeDismissed:false};render(root);};render(root);};"
"render","12527","const highlighted=(text,issues)=>{let html=esc(text);[...new Set(issues.flatMap(i=>i.hits||[]))].sort((a,b)=>b.length-a.length).forEach(hit=>{if(hit)html=html.split(esc(hit)).join('<mark>'+esc(hit)+'</mark>');});return html;}; const render=root=>{const records=filtered(),attention=records.filter(r=>activeIssues(r).length),classes=[...new Set(session.records.map(r=>r.classNo))].sort(),subjects=[...new Set(session.records.map(r=>r.subject))].sort((a,b)=>a.localeCompare(b,""ko"")),students=[...new Map(session.records.filter(r=>r.studentNo).map(r=>[r.studentNo,{studentNo:r.studentNo,name:r.name}])).values()].sort((a,b)=>String(a.studentNo).localeCompare(String(b.studentNo))),box=root.querySelector('[data-neis-results]');if(!box)return;if(!session.records.length){box.innerHTML='<div class=""neis-empty""><b>나이스 교과 세특 엑셀을 불러오면 이곳에서만 검증합니다.</b></div>';return;}box.innerHTML=`<div class=""neis-filter-report""><label>반별<select data-neis-class><option value=""all"">전체 반</option>${classes.map(x=>`<option ${session.classNo===x?'selected':''}>${esc(x)}</option>`).join('')}</select></label><label>과목별<select data-neis-subject><option value=""all"">전체 과목</option>${subjects.map(x=>`<option ${session.subject===x?'selected':''}>${esc(x)}</option>`).join('')}</select></label><label class=""neis-student-filter"">개인별<select data-neis-student><option value=""all"">전체 학생</option>${students.map(x=>`<option value=""${esc(x.studentNo)}"" ${session.student===x.studentNo?'selected':''}>${esc(x.studentNo)} ${esc(x.name)}</option>`).join('')}</select></label><button class=""btn ${session.scope==='issues'?'primary':'secondary'}"" data-neis-errors-only>오류 표시만</button><label class=""neis-dismissed-option""><input type=""checkbox"" data-neis-include-dismissed ${session.includeDismissed?'checked':''}> 해제 항목도 출력</label><button class=""btn primary"" data-neis-print>오류 리포트 출력</button></div><div class=""neis-summary""><button><b>${records.length}</b><span>현재 조회</span></button><button><b>${attention.length}</b><span>오류 학생</span></button><button><b>${records.reduce((n,r)=>n+activeIssues(r).length,0)}</b><span>확인 항목</span></button><em>${esc(session.fileName)} · 현재 실행 중에만 유지</em></div><div class=""neis-record-list"">${records.map(r=>{const issues=session.includeDismissed?r.issues:activeIssues(r);return `<article class=""${issues.length?'attention':'normal'}""><header><div><small>${esc([r.classNo+'반',r.studentNo,r.name,r.subject].filter(Boolean).join(' · '))}</small><h4>${esc(issues.length?issues.map(x=>x.category).join(' · '):'발견 사항 없음')}</h4></div><span>${esc(r.sheet)} ${r.row}행</span></header><p class=""neis-original"">${highlighted(r.text,issues)}</p>${issues.length?`<div class=""neis-issues"">${issues.map(issue=>{const decision=session.decisions[key(r,issue)]||'pending';return `<div class=""${decision}""><b>${esc(issue.category)} · ${esc((issue.hits||[]).join(', '))}</b><span>${esc(issue.reason)}</span><div class=""neis-decision-actions""><button data-neis-confirm=""${esc(key(r,issue))}"" class=""${decision==='confirmed'?'active':''}"">확인</button><button data-neis-dismiss=""${esc(key(r,issue))}"" class=""${decision==='dismissed'?'active':''}"">해제</button></div></div>`;}).join('')}</div>`:'<div class=""neis-pass"">현재 적용 규칙에서 발견된 사항이 없습니다.</div>'}</article>`;}).join('')}</div>`;box.querySelector('[data-neis-class]').onchange=e=>{session.classNo=e.target.value;render(root);};box.querySelector('[data-neis-subject]').onchange=e=>{session.subject=e.target.value;render(root);};box.querySelector('[data-neis-student]').onchange=e=>{session.student=e.target.value;render(root);};box.querySelector('[data-neis-errors-only]').onclick=()=>{session.scope=session.scope==='issues'?'all':'issues';render(root);};box.querySelector('[data-neis-include-dismissed]').onchange=e=>{session.includeDismissed=e.target.checked;render(root);};box.querySelectorAll('[data-neis-confirm]').forEach(b=>b.onclick=()=>{session.decisions[b.dataset.neisConfirm]='confirmed';render(root);});box.querySelectorAll('[data-neis-dismiss]').forEach(b=>b.onclick=()=>{session.decisions[b.dataset.neisDismiss]='dismissed';render(root);});box.querySelector('[data-neis-print]').onclick=()=>{document.body.classList.add('printing-neis-report');window.print();setTimeout(()=>document.body.classList.remove('printing-neis-report'),500);};}; const openRuleManager=root=>{document.querySelector('.neis-rule-modal')?.remove();const modal=document.createElement('div');modal.className='neis-rule-modal';const draw=()=>{modal.innerHTML=`<section><header><div><small>RECORD CHECK RULES</small><h3>오류규칙·금지어 관리</h3><p>규칙을 추가·수정·해제하거나 삭제할 수 있습니다.</p></div><button data-rule-close>×</button></header><div class=""neis-rule-list"">${forbidden.map(([category,rx,enabled],i)=>`<article class=""${enabled===false?'disabled':''}""><input data-rule-category=""${i}"" value=""${esc(category)}""><input data-rule-pattern=""${i}"" value=""${esc(rx.source)}""><button data-rule-toggle=""${i}"">${enabled===false?'사용':'해제'}</button><button data-rule-delete=""${i}"">삭제</button></article>`).join('')}</div><footer><button class=""btn secondary"" data-rule-add>+ 규칙 추가</button><button class=""btn primary"" data-rule-save>저장 후 다시 검사</button></footer></section>`;modal.querySelector('[data-rule-close]').onclick=()=>modal.remove();modal.querySelector('[data-rule-add]').onclick=()=>{forbidden.push(['새 규칙',/새금지어/g,true]);draw();};modal.querySelectorAll('[data-rule-toggle]').forEach(b=>b.onclick=()=>{forbidden[+b.dataset.ruleToggle][2]=forbidden[+b.dataset.ruleToggle][2]===false;draw();});modal.querySelectorAll('[data-rule-delete]').forEach(b=>b.onclick=()=>{if(confirm('이 규칙을 삭제하시겠습니까?')){forbidden.splice(+b.dataset.ruleDelete,1);draw();}});modal.querySelector('[data-rule-save]').onclick=()=>{try{modal.querySelectorAll('[data-rule-category]').forEach(input=>{const i=+input.dataset.ruleCategory,pattern=modal.querySelector(`[data-rule-pattern=""${i}""]`).value;forbidden[i]=[input.value.trim()||'이름 없음',new RegExp(pattern,'gi'),forbidden[i][2]];});saveRules();if(session.sourceSheets)session.records=makeRecords(session.sourceSheets);render(root);modal.remove();toast('검증 규칙을 저장하고 다시 검사했습니다.');}catch(e){toast('정규식 규칙을 확인해 주세요.');}};};draw();document.body.appendChild(modal);}; const mount=host=>{if(document.querySelector('[data-neis-local-validator]'))return;const root=document.createElement('section');root.dataset.neisLocalValidator='1';root.className='neis-record-validator';root.innerHTML='<header><div><small>NEIS LOCAL RECORD CHECK</small><h3>교과 세부능력 및 특기사항 사전 검증</h3><p>반별·과목별·오류만 조회하고, 발견 항목을 확인하거나 해제한 뒤 오류 리포트를 출력합니다.</p></div><div><button class=""btn secondary"" data-neis-rules>검증 규칙</button><button class=""btn primary"" data-neis-open>나이스 엑셀 불러오기</button><button class=""btn secondary"" data-neis-clear>검증자료 지우기</button></div></header><div class=""neis-local-lock"">🔒 원본·판정은 UEP 종료 시 삭제 · 사용자 검증규칙은 이 PC에 저장</div><div data-neis-results></div>';host.insertAdjacentElement('afterend',root);root.querySelector('[data-neis-rules]').onclick=()=>openRuleManager(root);root.querySelector('[data-neis-open]').onclick=async()=>{const result=await window.schoolBoard?.inspectNeisRecordbook?.();if(!result||result.canceled)return;if(!result.ok)return toast(result.reason||'나이스 엑셀을 읽지 못했습니다.');session={fileName:result.fileName||'나이스 엑셀',sourceSheets:result.sheets,records:makeRecords(result.sheets),scope:'all',classNo:'all',subject:'all',student:'all',decisions:{},includeDismissed:false};render(root);};root.querySelector('[data-neis-clear]').onclick=()=>{session={fileName:'',records:[],scope:'all',classNo:'all',subject:'all',student:'all',decisions:{},includeDismissed:false};render(root);};render(root);}; window.uepMountRecordbookValidator=mount;"
"render","12528","const render=root=>{const records=filtered(),attention=records.filter(r=>activeIssues(r).length),classes=[...new Set(session.records.map(r=>r.classNo))].sort(),subjects=[...new Set(session.records.map(r=>r.subject))].sort((a,b)=>a.localeCompare(b,""ko"")),students=[...new Map(session.records.filter(r=>r.studentNo).map(r=>[r.studentNo,{studentNo:r.studentNo,name:r.name}])).values()].sort((a,b)=>String(a.studentNo).localeCompare(String(b.studentNo))),box=root.querySelector('[data-neis-results]');if(!box)return;if(!session.records.length){box.innerHTML='<div class=""neis-empty""><b>나이스 교과 세특 엑셀을 불러오면 이곳에서만 검증합니다.</b></div>';return;}box.innerHTML=`<div class=""neis-filter-report""><label>반별<select data-neis-class><option value=""all"">전체 반</option>${classes.map(x=>`<option ${session.classNo===x?'selected':''}>${esc(x)}</option>`).join('')}</select></label><label>과목별<select data-neis-subject><option value=""all"">전체 과목</option>${subjects.map(x=>`<option ${session.subject===x?'selected':''}>${esc(x)}</option>`).join('')}</select></label><label class=""neis-student-filter"">개인별<select data-neis-student><option value=""all"">전체 학생</option>${students.map(x=>`<option value=""${esc(x.studentNo)}"" ${session.student===x.studentNo?'selected':''}>${esc(x.studentNo)} ${esc(x.name)}</option>`).join('')}</select></label><button class=""btn ${session.scope==='issues'?'primary':'secondary'}"" data-neis-errors-only>오류 표시만</button><label class=""neis-dismissed-option""><input type=""checkbox"" data-neis-include-dismissed ${session.includeDismissed?'checked':''}> 해제 항목도 출력</label><button class=""btn primary"" data-neis-print>오류 리포트 출력</button></div><div class=""neis-summary""><button><b>${records.length}</b><span>현재 조회</span></button><button><b>${attention.length}</b><span>오류 학생</span></button><button><b>${records.reduce((n,r)=>n+activeIssues(r).length,0)}</b><span>확인 항목</span></button><em>${esc(session.fileName)} · 현재 실행 중에만 유지</em></div><div class=""neis-record-list"">${records.map(r=>{const issues=session.includeDismissed?r.issues:activeIssues(r);return `<article class=""${issues.length?'attention':'normal'}""><header><div><small>${esc([r.classNo+'반',r.studentNo,r.name,r.subject].filter(Boolean).join(' · '))}</small><h4>${esc(issues.length?issues.map(x=>x.category).join(' · '):'발견 사항 없음')}</h4></div><span>${esc(r.sheet)} ${r.row}행</span></header><p class=""neis-original"">${highlighted(r.text,issues)}</p>${issues.length?`<div class=""neis-issues"">${issues.map(issue=>{const decision=session.decisions[key(r,issue)]||'pending';return `<div class=""${decision}""><b>${esc(issue.category)} · ${esc((issue.hits||[]).join(', '))}</b><span>${esc(issue.reason)}</span><div class=""neis-decision-actions""><button data-neis-confirm=""${esc(key(r,issue))}"" class=""${decision==='confirmed'?'active':''}"">확인</button><button data-neis-dismiss=""${esc(key(r,issue))}"" class=""${decision==='dismissed'?'active':''}"">해제</button></div></div>`;}).join('')}</div>`:'<div class=""neis-pass"">현재 적용 규칙에서 발견된 사항이 없습니다.</div>'}</article>`;}).join('')}</div>`;box.querySelector('[data-neis-class]').onchange=e=>{session.classNo=e.target.value;render(root);};box.querySelector('[data-neis-subject]').onchange=e=>{session.subject=e.target.value;render(root);};box.querySelector('[data-neis-student]').onchange=e=>{session.student=e.target.value;render(root);};box.querySelector('[data-neis-errors-only]').onclick=()=>{session.scope=session.scope==='issues'?'all':'issues';render(root);};box.querySelector('[data-neis-include-dismissed]').onchange=e=>{session.includeDismissed=e.target.checked;render(root);};box.querySelectorAll('[data-neis-confirm]').forEach(b=>b.onclick=()=>{session.decisions[b.dataset.neisConfirm]='confirmed';render(root);});box.querySelectorAll('[data-neis-dismiss]').forEach(b=>b.onclick=()=>{session.decisions[b.dataset.neisDismiss]='dismissed';render(root);});box.querySelector('[data-neis-print]').onclick=()=>{document.body.classList.add('printing-neis-report');window.print();setTimeout(()=>document.body.classList.remove('printing-neis-report'),500);};}; const openRuleManager=root=>{document.querySelector('.neis-rule-modal')?.remove();const modal=document.createElement('div');modal.className='neis-rule-modal';const draw=()=>{modal.innerHTML=`<section><header><div><small>RECORD CHECK RULES</small><h3>오류규칙·금지어 관리</h3><p>규칙을 추가·수정·해제하거나 삭제할 수 있습니다.</p></div><button data-rule-close>×</button></header><div class=""neis-rule-list"">${forbidden.map(([category,rx,enabled],i)=>`<article class=""${enabled===false?'disabled':''}""><input data-rule-category=""${i}"" value=""${esc(category)}""><input data-rule-pattern=""${i}"" value=""${esc(rx.source)}""><button data-rule-toggle=""${i}"">${enabled===false?'사용':'해제'}</button><button data-rule-delete=""${i}"">삭제</button></article>`).join('')}</div><footer><button class=""btn secondary"" data-rule-add>+ 규칙 추가</button><button class=""btn primary"" data-rule-save>저장 후 다시 검사</button></footer></section>`;modal.querySelector('[data-rule-close]').onclick=()=>modal.remove();modal.querySelector('[data-rule-add]').onclick=()=>{forbidden.push(['새 규칙',/새금지어/g,true]);draw();};modal.querySelectorAll('[data-rule-toggle]').forEach(b=>b.onclick=()=>{forbidden[+b.dataset.ruleToggle][2]=forbidden[+b.dataset.ruleToggle][2]===false;draw();});modal.querySelectorAll('[data-rule-delete]').forEach(b=>b.onclick=()=>{if(confirm('이 규칙을 삭제하시겠습니까?')){forbidden.splice(+b.dataset.ruleDelete,1);draw();}});modal.querySelector('[data-rule-save]').onclick=()=>{try{modal.querySelectorAll('[data-rule-category]').forEach(input=>{const i=+input.dataset.ruleCategory,pattern=modal.querySelector(`[data-rule-pattern=""${i}""]`).value;forbidden[i]=[input.value.trim()||'이름 없음',new RegExp(pattern,'gi'),forbidden[i][2]];});saveRules();if(session.sourceSheets)session.records=makeRecords(session.sourceSheets);render(root);modal.remove();toast('검증 규칙을 저장하고 다시 검사했습니다.');}catch(e){toast('정규식 규칙을 확인해 주세요.');}};};draw();document.body.appendChild(modal);}; const mount=host=>{if(document.querySelector('[data-neis-local-validator]'))return;const root=document.createElement('section');root.dataset.neisLocalValidator='1';root.className='neis-record-validator';root.innerHTML='<header><div><small>NEIS LOCAL RECORD CHECK</small><h3>교과 세부능력 및 특기사항 사전 검증</h3><p>반별·과목별·오류만 조회하고, 발견 항목을 확인하거나 해제한 뒤 오류 리포트를 출력합니다.</p></div><div><button class=""btn secondary"" data-neis-rules>검증 규칙</button><button class=""btn primary"" data-neis-open>나이스 엑셀 불러오기</button><button class=""btn secondary"" data-neis-clear>검증자료 지우기</button></div></header><div class=""neis-local-lock"">🔒 원본·판정은 UEP 종료 시 삭제 · 사용자 검증규칙은 이 PC에 저장</div><div data-neis-results></div>';host.insertAdjacentElement('afterend',root);root.querySelector('[data-neis-rules]').onclick=()=>openRuleManager(root);root.querySelector('[data-neis-open]').onclick=async()=>{const result=await window.schoolBoard?.inspectNeisRecordbook?.();if(!result||result.canceled)return;if(!result.ok)return toast(result.reason||'나이스 엑셀을 읽지 못했습니다.');session={fileName:result.fileName||'나이스 엑셀',sourceSheets:result.sheets,records:makeRecords(result.sheets),scope:'all',classNo:'all',subject:'all',student:'all',decisions:{},includeDismissed:false};render(root);};root.querySelector('[data-neis-clear]').onclick=()=>{session={fileName:'',records:[],scope:'all',classNo:'all',subject:'all',student:'all',decisions:{},includeDismissed:false};render(root);};render(root);}; window.uepMountRecordbookValidator=mount; })();"
"render","12528","const render=root=>{const records=filtered(),attention=records.filter(r=>activeIssues(r).length),classes=[...new Set(session.records.map(r=>r.classNo))].sort(),subjects=[...new Set(session.records.map(r=>r.subject))].sort((a,b)=>a.localeCompare(b,""ko"")),students=[...new Map(session.records.filter(r=>r.studentNo).map(r=>[r.studentNo,{studentNo:r.studentNo,name:r.name}])).values()].sort((a,b)=>String(a.studentNo).localeCompare(String(b.studentNo))),box=root.querySelector('[data-neis-results]');if(!box)return;if(!session.records.length){box.innerHTML='<div class=""neis-empty""><b>나이스 교과 세특 엑셀을 불러오면 이곳에서만 검증합니다.</b></div>';return;}box.innerHTML=`<div class=""neis-filter-report""><label>반별<select data-neis-class><option value=""all"">전체 반</option>${classes.map(x=>`<option ${session.classNo===x?'selected':''}>${esc(x)}</option>`).join('')}</select></label><label>과목별<select data-neis-subject><option value=""all"">전체 과목</option>${subjects.map(x=>`<option ${session.subject===x?'selected':''}>${esc(x)}</option>`).join('')}</select></label><label class=""neis-student-filter"">개인별<select data-neis-student><option value=""all"">전체 학생</option>${students.map(x=>`<option value=""${esc(x.studentNo)}"" ${session.student===x.studentNo?'selected':''}>${esc(x.studentNo)} ${esc(x.name)}</option>`).join('')}</select></label><button class=""btn ${session.scope==='issues'?'primary':'secondary'}"" data-neis-errors-only>오류 표시만</button><label class=""neis-dismissed-option""><input type=""checkbox"" data-neis-include-dismissed ${session.includeDismissed?'checked':''}> 해제 항목도 출력</label><button class=""btn primary"" data-neis-print>오류 리포트 출력</button></div><div class=""neis-summary""><button><b>${records.length}</b><span>현재 조회</span></button><button><b>${attention.length}</b><span>오류 학생</span></button><button><b>${records.reduce((n,r)=>n+activeIssues(r).length,0)}</b><span>확인 항목</span></button><em>${esc(session.fileName)} · 현재 실행 중에만 유지</em></div><div class=""neis-record-list"">${records.map(r=>{const issues=session.includeDismissed?r.issues:activeIssues(r);return `<article class=""${issues.length?'attention':'normal'}""><header><div><small>${esc([r.classNo+'반',r.studentNo,r.name,r.subject].filter(Boolean).join(' · '))}</small><h4>${esc(issues.length?issues.map(x=>x.category).join(' · '):'발견 사항 없음')}</h4></div><span>${esc(r.sheet)} ${r.row}행</span></header><p class=""neis-original"">${highlighted(r.text,issues)}</p>${issues.length?`<div class=""neis-issues"">${issues.map(issue=>{const decision=session.decisions[key(r,issue)]||'pending';return `<div class=""${decision}""><b>${esc(issue.category)} · ${esc((issue.hits||[]).join(', '))}</b><span>${esc(issue.reason)}</span><div class=""neis-decision-actions""><button data-neis-confirm=""${esc(key(r,issue))}"" class=""${decision==='confirmed'?'active':''}"">확인</button><button data-neis-dismiss=""${esc(key(r,issue))}"" class=""${decision==='dismissed'?'active':''}"">해제</button></div></div>`;}).join('')}</div>`:'<div class=""neis-pass"">현재 적용 규칙에서 발견된 사항이 없습니다.</div>'}</article>`;}).join('')}</div>`;box.querySelector('[data-neis-class]').onchange=e=>{session.classNo=e.target.value;render(root);};box.querySelector('[data-neis-subject]').onchange=e=>{session.subject=e.target.value;render(root);};box.querySelector('[data-neis-student]').onchange=e=>{session.student=e.target.value;render(root);};box.querySelector('[data-neis-errors-only]').onclick=()=>{session.scope=session.scope==='issues'?'all':'issues';render(root);};box.querySelector('[data-neis-include-dismissed]').onchange=e=>{session.includeDismissed=e.target.checked;render(root);};box.querySelectorAll('[data-neis-confirm]').forEach(b=>b.onclick=()=>{session.decisions[b.dataset.neisConfirm]='confirmed';render(root);});box.querySelectorAll('[data-neis-dismiss]').forEach(b=>b.onclick=()=>{session.decisions[b.dataset.neisDismiss]='dismissed';render(root);});box.querySelector('[data-neis-print]').onclick=()=>{document.body.classList.add('printing-neis-report');window.print();setTimeout(()=>document.body.classList.remove('printing-neis-report'),500);};}; const openRuleManager=root=>{document.querySelector('.neis-rule-modal')?.remove();const modal=document.createElement('div');modal.className='neis-rule-modal';const draw=()=>{modal.innerHTML=`<section><header><div><small>RECORD CHECK RULES</small><h3>오류규칙·금지어 관리</h3><p>규칙을 추가·수정·해제하거나 삭제할 수 있습니다.</p></div><button data-rule-close>×</button></header><div class=""neis-rule-list"">${forbidden.map(([category,rx,enabled],i)=>`<article class=""${enabled===false?'disabled':''}""><input data-rule-category=""${i}"" value=""${esc(category)}""><input data-rule-pattern=""${i}"" value=""${esc(rx.source)}""><button data-rule-toggle=""${i}"">${enabled===false?'사용':'해제'}</button><button data-rule-delete=""${i}"">삭제</button></article>`).join('')}</div><footer><button class=""btn secondary"" data-rule-add>+ 규칙 추가</button><button class=""btn primary"" data-rule-save>저장 후 다시 검사</button></footer></section>`;modal.querySelector('[data-rule-close]').onclick=()=>modal.remove();modal.querySelector('[data-rule-add]').onclick=()=>{forbidden.push(['새 규칙',/새금지어/g,true]);draw();};modal.querySelectorAll('[data-rule-toggle]').forEach(b=>b.onclick=()=>{forbidden[+b.dataset.ruleToggle][2]=forbidden[+b.dataset.ruleToggle][2]===false;draw();});modal.querySelectorAll('[data-rule-delete]').forEach(b=>b.onclick=()=>{if(confirm('이 규칙을 삭제하시겠습니까?')){forbidden.splice(+b.dataset.ruleDelete,1);draw();}});modal.querySelector('[data-rule-save]').onclick=()=>{try{modal.querySelectorAll('[data-rule-category]').forEach(input=>{const i=+input.dataset.ruleCategory,pattern=modal.querySelector(`[data-rule-pattern=""${i}""]`).value;forbidden[i]=[input.value.trim()||'이름 없음',new RegExp(pattern,'gi'),forbidden[i][2]];});saveRules();if(session.sourceSheets)session.records=makeRecords(session.sourceSheets);render(root);modal.remove();toast('검증 규칙을 저장하고 다시 검사했습니다.');}catch(e){toast('정규식 규칙을 확인해 주세요.');}};};draw();document.body.appendChild(modal);}; const mount=host=>{if(document.querySelector('[data-neis-local-validator]'))return;const root=document.createElement('section');root.dataset.neisLocalValidator='1';root.className='neis-record-validator';root.innerHTML='<header><div><small>NEIS LOCAL RECORD CHECK</small><h3>교과 세부능력 및 특기사항 사전 검증</h3><p>반별·과목별·오류만 조회하고, 발견 항목을 확인하거나 해제한 뒤 오류 리포트를 출력합니다.</p></div><div><button class=""btn secondary"" data-neis-rules>검증 규칙</button><button class=""btn primary"" data-neis-open>나이스 엑셀 불러오기</button><button class=""btn secondary"" data-neis-clear>검증자료 지우기</button></div></header><div class=""neis-local-lock"">🔒 원본·판정은 UEP 종료 시 삭제 · 사용자 검증규칙은 이 PC에 저장</div><div data-neis-results></div>';host.insertAdjacentElement('afterend',root);root.querySelector('[data-neis-rules]').onclick=()=>openRuleManager(root);root.querySelector('[data-neis-open]').onclick=async()=>{const result=await window.schoolBoard?.inspectNeisRecordbook?.();if(!result||result.canceled)return;if(!result.ok)return toast(result.reason||'나이스 엑셀을 읽지 못했습니다.');session={fileName:result.fileName||'나이스 엑셀',sourceSheets:result.sheets,records:makeRecords(result.sheets),scope:'all',classNo:'all',subject:'all',student:'all',decisions:{},includeDismissed:false};render(root);};root.querySelector('[data-neis-clear]').onclick=()=>{session={fileName:'',records:[],scope:'all',classNo:'all',subject:'all',student:'all',decisions:{},includeDismissed:false};render(root);};render(root);}; window.uepMountRecordbookValidator=mount; })();"
"render","12528","const render=root=>{const records=filtered(),attention=records.filter(r=>activeIssues(r).length),classes=[...new Set(session.records.map(r=>r.classNo))].sort(),subjects=[...new Set(session.records.map(r=>r.subject))].sort((a,b)=>a.localeCompare(b,""ko"")),students=[...new Map(session.records.filter(r=>r.studentNo).map(r=>[r.studentNo,{studentNo:r.studentNo,name:r.name}])).values()].sort((a,b)=>String(a.studentNo).localeCompare(String(b.studentNo))),box=root.querySelector('[data-neis-results]');if(!box)return;if(!session.records.length){box.innerHTML='<div class=""neis-empty""><b>나이스 교과 세특 엑셀을 불러오면 이곳에서만 검증합니다.</b></div>';return;}box.innerHTML=`<div class=""neis-filter-report""><label>반별<select data-neis-class><option value=""all"">전체 반</option>${classes.map(x=>`<option ${session.classNo===x?'selected':''}>${esc(x)}</option>`).join('')}</select></label><label>과목별<select data-neis-subject><option value=""all"">전체 과목</option>${subjects.map(x=>`<option ${session.subject===x?'selected':''}>${esc(x)}</option>`).join('')}</select></label><label class=""neis-student-filter"">개인별<select data-neis-student><option value=""all"">전체 학생</option>${students.map(x=>`<option value=""${esc(x.studentNo)}"" ${session.student===x.studentNo?'selected':''}>${esc(x.studentNo)} ${esc(x.name)}</option>`).join('')}</select></label><button class=""btn ${session.scope==='issues'?'primary':'secondary'}"" data-neis-errors-only>오류 표시만</button><label class=""neis-dismissed-option""><input type=""checkbox"" data-neis-include-dismissed ${session.includeDismissed?'checked':''}> 해제 항목도 출력</label><button class=""btn primary"" data-neis-print>오류 리포트 출력</button></div><div class=""neis-summary""><button><b>${records.length}</b><span>현재 조회</span></button><button><b>${attention.length}</b><span>오류 학생</span></button><button><b>${records.reduce((n,r)=>n+activeIssues(r).length,0)}</b><span>확인 항목</span></button><em>${esc(session.fileName)} · 현재 실행 중에만 유지</em></div><div class=""neis-record-list"">${records.map(r=>{const issues=session.includeDismissed?r.issues:activeIssues(r);return `<article class=""${issues.length?'attention':'normal'}""><header><div><small>${esc([r.classNo+'반',r.studentNo,r.name,r.subject].filter(Boolean).join(' · '))}</small><h4>${esc(issues.length?issues.map(x=>x.category).join(' · '):'발견 사항 없음')}</h4></div><span>${esc(r.sheet)} ${r.row}행</span></header><p class=""neis-original"">${highlighted(r.text,issues)}</p>${issues.length?`<div class=""neis-issues"">${issues.map(issue=>{const decision=session.decisions[key(r,issue)]||'pending';return `<div class=""${decision}""><b>${esc(issue.category)} · ${esc((issue.hits||[]).join(', '))}</b><span>${esc(issue.reason)}</span><div class=""neis-decision-actions""><button data-neis-confirm=""${esc(key(r,issue))}"" class=""${decision==='confirmed'?'active':''}"">확인</button><button data-neis-dismiss=""${esc(key(r,issue))}"" class=""${decision==='dismissed'?'active':''}"">해제</button></div></div>`;}).join('')}</div>`:'<div class=""neis-pass"">현재 적용 규칙에서 발견된 사항이 없습니다.</div>'}</article>`;}).join('')}</div>`;box.querySelector('[data-neis-class]').onchange=e=>{session.classNo=e.target.value;render(root);};box.querySelector('[data-neis-subject]').onchange=e=>{session.subject=e.target.value;render(root);};box.querySelector('[data-neis-student]').onchange=e=>{session.student=e.target.value;render(root);};box.querySelector('[data-neis-errors-only]').onclick=()=>{session.scope=session.scope==='issues'?'all':'issues';render(root);};box.querySelector('[data-neis-include-dismissed]').onchange=e=>{session.includeDismissed=e.target.checked;render(root);};box.querySelectorAll('[data-neis-confirm]').forEach(b=>b.onclick=()=>{session.decisions[b.dataset.neisConfirm]='confirmed';render(root);});box.querySelectorAll('[data-neis-dismiss]').forEach(b=>b.onclick=()=>{session.decisions[b.dataset.neisDismiss]='dismissed';render(root);});box.querySelector('[data-neis-print]').onclick=()=>{document.body.classList.add('printing-neis-report');window.print();setTimeout(()=>document.body.classList.remove('printing-neis-report'),500);};}; const openRuleManager=root=>{document.querySelector('.neis-rule-modal')?.remove();const modal=document.createElement('div');modal.className='neis-rule-modal';const draw=()=>{modal.innerHTML=`<section><header><div><small>RECORD CHECK RULES</small><h3>오류규칙·금지어 관리</h3><p>규칙을 추가·수정·해제하거나 삭제할 수 있습니다.</p></div><button data-rule-close>×</button></header><div class=""neis-rule-list"">${forbidden.map(([category,rx,enabled],i)=>`<article class=""${enabled===false?'disabled':''}""><input data-rule-category=""${i}"" value=""${esc(category)}""><input data-rule-pattern=""${i}"" value=""${esc(rx.source)}""><button data-rule-toggle=""${i}"">${enabled===false?'사용':'해제'}</button><button data-rule-delete=""${i}"">삭제</button></article>`).join('')}</div><footer><button class=""btn secondary"" data-rule-add>+ 규칙 추가</button><button class=""btn primary"" data-rule-save>저장 후 다시 검사</button></footer></section>`;modal.querySelector('[data-rule-close]').onclick=()=>modal.remove();modal.querySelector('[data-rule-add]').onclick=()=>{forbidden.push(['새 규칙',/새금지어/g,true]);draw();};modal.querySelectorAll('[data-rule-toggle]').forEach(b=>b.onclick=()=>{forbidden[+b.dataset.ruleToggle][2]=forbidden[+b.dataset.ruleToggle][2]===false;draw();});modal.querySelectorAll('[data-rule-delete]').forEach(b=>b.onclick=()=>{if(confirm('이 규칙을 삭제하시겠습니까?')){forbidden.splice(+b.dataset.ruleDelete,1);draw();}});modal.querySelector('[data-rule-save]').onclick=()=>{try{modal.querySelectorAll('[data-rule-category]').forEach(input=>{const i=+input.dataset.ruleCategory,pattern=modal.querySelector(`[data-rule-pattern=""${i}""]`).value;forbidden[i]=[input.value.trim()||'이름 없음',new RegExp(pattern,'gi'),forbidden[i][2]];});saveRules();if(session.sourceSheets)session.records=makeRecords(session.sourceSheets);render(root);modal.remove();toast('검증 규칙을 저장하고 다시 검사했습니다.');}catch(e){toast('정규식 규칙을 확인해 주세요.');}};};draw();document.body.appendChild(modal);}; const mount=host=>{if(document.querySelector('[data-neis-local-validator]'))return;const root=document.createElement('section');root.dataset.neisLocalValidator='1';root.className='neis-record-validator';root.innerHTML='<header><div><small>NEIS LOCAL RECORD CHECK</small><h3>교과 세부능력 및 특기사항 사전 검증</h3><p>반별·과목별·오류만 조회하고, 발견 항목을 확인하거나 해제한 뒤 오류 리포트를 출력합니다.</p></div><div><button class=""btn secondary"" data-neis-rules>검증 규칙</button><button class=""btn primary"" data-neis-open>나이스 엑셀 불러오기</button><button class=""btn secondary"" data-neis-clear>검증자료 지우기</button></div></header><div class=""neis-local-lock"">🔒 원본·판정은 UEP 종료 시 삭제 · 사용자 검증규칙은 이 PC에 저장</div><div data-neis-results></div>';host.insertAdjacentElement('afterend',root);root.querySelector('[data-neis-rules]').onclick=()=>openRuleManager(root);root.querySelector('[data-neis-open]').onclick=async()=>{const result=await window.schoolBoard?.inspectNeisRecordbook?.();if(!result||result.canceled)return;if(!result.ok)return toast(result.reason||'나이스 엑셀을 읽지 못했습니다.');session={fileName:result.fileName||'나이스 엑셀',sourceSheets:result.sheets,records:makeRecords(result.sheets),scope:'all',classNo:'all',subject:'all',student:'all',decisions:{},includeDismissed:false};render(root);};root.querySelector('[data-neis-clear]').onclick=()=>{session={fileName:'',records:[],scope:'all',classNo:'all',subject:'all',student:'all',decisions:{},includeDismissed:false};render(root);};render(root);}; window.uepMountRecordbookValidator=mount; })();"
"render","12594","recordsView=function(){if(recordMode==='curriculum')return uepCurriculumFinalView();const base=__uepRecordsBefore08106();if(recordMode==='sdgs'){const supplement=uepSdgsSupplementPanel(),clean=base.replace(supplement,'');return clean.replace(/<\/div>\s*$/,uepSdgsEvidenceBridge()+supplement+'</div>');}return base;}; function bindSelectionAnalysis(){ $$('[data-curriculum-workspace]').forEach(b=>b.onclick=()=>{curriculumWorkspaceMode=b.dataset.curriculumWorkspace;render('records');}); $$('[data-record-class]').forEach(b=>b.onclick=()=>{recordClassNo=b.dataset.recordClass;recordStudentId='';render('records');}); $$('[data-record-query]').forEach(b=>b.onclick=()=>{recordQueryMode=b.dataset.recordQuery||'class';render('records');});"
"render","12595","function bindSelectionAnalysis(){ $$('[data-curriculum-workspace]').forEach(b=>b.onclick=()=>{curriculumWorkspaceMode=b.dataset.curriculumWorkspace;render('records');}); $$('[data-record-class]').forEach(b=>b.onclick=()=>{recordClassNo=b.dataset.recordClass;recordStudentId='';render('records');}); $$('[data-record-query]').forEach(b=>b.onclick=()=>{recordQueryMode=b.dataset.recordQuery||'class';render('records');}); $$('[data-record-student]').forEach(b=>b.onclick=()=>{recordStudentId=b.dataset.recordStudent;recordQueryMode='student';render('records');});"
"render","12596","$$('[data-curriculum-workspace]').forEach(b=>b.onclick=()=>{curriculumWorkspaceMode=b.dataset.curriculumWorkspace;render('records');}); $$('[data-record-class]').forEach(b=>b.onclick=()=>{recordClassNo=b.dataset.recordClass;recordStudentId='';render('records');}); $$('[data-record-query]').forEach(b=>b.onclick=()=>{recordQueryMode=b.dataset.recordQuery||'class';render('records');}); $$('[data-record-student]').forEach(b=>b.onclick=()=>{recordStudentId=b.dataset.recordStudent;recordQueryMode='student';render('records');}); $('[data-curriculum-error-only]')?.addEventListener('click',()=>{curriculumErrorOnly=!curriculumErrorOnly;render('records');});"
"render","12597","$$('[data-record-class]').forEach(b=>b.onclick=()=>{recordClassNo=b.dataset.recordClass;recordStudentId='';render('records');}); $$('[data-record-query]').forEach(b=>b.onclick=()=>{recordQueryMode=b.dataset.recordQuery||'class';render('records');}); $$('[data-record-student]').forEach(b=>b.onclick=()=>{recordStudentId=b.dataset.recordStudent;recordQueryMode='student';render('records');}); $('[data-curriculum-error-only]')?.addEventListener('click',()=>{curriculumErrorOnly=!curriculumErrorOnly;render('records');}); $('[data-curriculum-error-type]')?.addEventListener('change',e=>{curriculumErrorType=e.target.value;render('records');});"
"render","12598","$$('[data-record-query]').forEach(b=>b.onclick=()=>{recordQueryMode=b.dataset.recordQuery||'class';render('records');}); $$('[data-record-student]').forEach(b=>b.onclick=()=>{recordStudentId=b.dataset.recordStudent;recordQueryMode='student';render('records');}); $('[data-curriculum-error-only]')?.addEventListener('click',()=>{curriculumErrorOnly=!curriculumErrorOnly;render('records');}); $('[data-curriculum-error-type]')?.addEventListener('change',e=>{curriculumErrorType=e.target.value;render('records');}); $$('[data-curriculum-term]').forEach(b=>b.onclick=()=>{curriculumTermFilter=b.dataset.curriculumTerm;curriculumSubjectKey='';render('records');});"
"render","12599","$$('[data-record-student]').forEach(b=>b.onclick=()=>{recordStudentId=b.dataset.recordStudent;recordQueryMode='student';render('records');}); $('[data-curriculum-error-only]')?.addEventListener('click',()=>{curriculumErrorOnly=!curriculumErrorOnly;render('records');}); $('[data-curriculum-error-type]')?.addEventListener('change',e=>{curriculumErrorType=e.target.value;render('records');}); $$('[data-curriculum-term]').forEach(b=>b.onclick=()=>{curriculumTermFilter=b.dataset.curriculumTerm;curriculumSubjectKey='';render('records');}); $$('[data-curriculum-subject]').forEach(b=>b.onclick=()=>{curriculumSubjectKey=b.dataset.curriculumSubject;render('records');});"
"render","12600","$('[data-curriculum-error-only]')?.addEventListener('click',()=>{curriculumErrorOnly=!curriculumErrorOnly;render('records');}); $('[data-curriculum-error-type]')?.addEventListener('change',e=>{curriculumErrorType=e.target.value;render('records');}); $$('[data-curriculum-term]').forEach(b=>b.onclick=()=>{curriculumTermFilter=b.dataset.curriculumTerm;curriculumSubjectKey='';render('records');}); $$('[data-curriculum-subject]').forEach(b=>b.onclick=()=>{curriculumSubjectKey=b.dataset.curriculumSubject;render('records');}); $$('[data-roster-sort]').forEach(b=>b.onclick=()=>{curriculumRosterSort=b.dataset.rosterSort;render('records');});"
"render","12601","$('[data-curriculum-error-type]')?.addEventListener('change',e=>{curriculumErrorType=e.target.value;render('records');}); $$('[data-curriculum-term]').forEach(b=>b.onclick=()=>{curriculumTermFilter=b.dataset.curriculumTerm;curriculumSubjectKey='';render('records');}); $$('[data-curriculum-subject]').forEach(b=>b.onclick=()=>{curriculumSubjectKey=b.dataset.curriculumSubject;render('records');}); $$('[data-roster-sort]').forEach(b=>b.onclick=()=>{curriculumRosterSort=b.dataset.rosterSort;render('records');}); $('[data-copy-current-selection-sms]')?.addEventListener('click',async()=>{try{await navigator.clipboard.writeText($('#currentSelectionSms')?.value||'');toast('보완 문자메시지를 복사했습니다.');}catch{toast('문자 복사에 실패했습니다.');}});"
"render","12602","$$('[data-curriculum-term]').forEach(b=>b.onclick=()=>{curriculumTermFilter=b.dataset.curriculumTerm;curriculumSubjectKey='';render('records');}); $$('[data-curriculum-subject]').forEach(b=>b.onclick=()=>{curriculumSubjectKey=b.dataset.curriculumSubject;render('records');}); $$('[data-roster-sort]').forEach(b=>b.onclick=()=>{curriculumRosterSort=b.dataset.rosterSort;render('records');}); $('[data-copy-current-selection-sms]')?.addEventListener('click',async()=>{try{await navigator.clipboard.writeText($('#currentSelectionSms')?.value||'');toast('보완 문자메시지를 복사했습니다.');}catch{toast('문자 복사에 실패했습니다.');}}); $('[data-open-student-picker]')?.addEventListener('click',()=>{const m=$('.uep-picker-menu');if(m)m.hidden=!m.hidden;});"
"render","12606","$('[data-open-student-picker]')?.addEventListener('click',()=>{const m=$('.uep-picker-menu');if(m)m.hidden=!m.hidden;}); $('[data-uep-student-search]')?.addEventListener('input',e=>{$$('.uep-picker-menu [data-record-student]').forEach(b=>b.hidden=!b.textContent.includes(e.target.value));}); const classRows=uepActiveSelectionRows().filter(r=>recordStudentClass(r.__student)===String(recordClassNo));const idx=classRows.findIndex(r=>r.__student.id===recordStudentId);$('[data-uep-student-prev]')?.addEventListener('click',()=>{if(classRows.length){recordStudentId=classRows[(idx-1+classRows.length)%classRows.length].__student.id;render('records');}});$('[data-uep-student-next]')?.addEventListener('click',()=>{if(classRows.length){recordStudentId=classRows[(idx+1)%classRows.length].__student.id;render('records');}}); $('[data-copy-sdgs-supplement]')?.addEventListener('click',async()=>{try{await navigator.clipboard.writeText($('#sdgsSupplementText')?.value||'');toast('SDGs 근거 보완 질문을 복사했습니다.');}catch{toast('복사에 실패했습니다.');}}); }"
"render","12606","$('[data-open-student-picker]')?.addEventListener('click',()=>{const m=$('.uep-picker-menu');if(m)m.hidden=!m.hidden;}); $('[data-uep-student-search]')?.addEventListener('input',e=>{$$('.uep-picker-menu [data-record-student]').forEach(b=>b.hidden=!b.textContent.includes(e.target.value));}); const classRows=uepActiveSelectionRows().filter(r=>recordStudentClass(r.__student)===String(recordClassNo));const idx=classRows.findIndex(r=>r.__student.id===recordStudentId);$('[data-uep-student-prev]')?.addEventListener('click',()=>{if(classRows.length){recordStudentId=classRows[(idx-1+classRows.length)%classRows.length].__student.id;render('records');}});$('[data-uep-student-next]')?.addEventListener('click',()=>{if(classRows.length){recordStudentId=classRows[(idx+1)%classRows.length].__student.id;render('records');}}); $('[data-copy-sdgs-supplement]')?.addEventListener('click',async()=>{try{await navigator.clipboard.writeText($('#sdgsSupplementText')?.value||'');toast('SDGs 근거 보완 질문을 복사했습니다.');}catch{toast('복사에 실패했습니다.');}}); }"
"render","12633","if(!['activities','sdgs','curriculum','final'].includes(mode))return; recordMode=mode; render('records'); }); }"
